product_code,name,slug,url,parent_category,category,price_min_diamond,price_min_titanium,price_max,processing_time_days_from,processing_time_days_to,fulfil_location_codes,suppliers,option_labels,variant_combinations,image_count
AOPQTB,All-Over Print Quilted Tote Bag,all-over-print-quilted-tote-bag-aopqtb,https://printway.io/product/all-over-print-quilted-tote-bag-aopqtb,Accessories,Bags,16.74,17.24,17.99,3,5,CN,Forudesigns,Size,4,8
CBP,Custom Backpack,custom-backpack-cbp,https://printway.io/product/custom-backpack-cbp,Accessories,Bags,24.5,26,26,5,7,CN,Relaxlines,Color,1,15
LCHB,Custom Lunch Bag,custom-lunch-bag-lchb,https://printway.io/product/custom-lunch-bag-lchb,Accessories,Bags,24.5,26,26,3,5,CN,Relaxlines,Color,1,8
ETCTB,Embroidered Two-Tone Canvas Tote Bag,embroidered-two-tone-canvas-tote-bag-etctb,https://printway.io/product/embroidered-two-tone-canvas-tote-bag-etctb,Accessories,Bags,8,8.5,10.5,1,3,VN,Đại Phát Embroidery,Color|Style,10,13
ELTBG,Engraved Leather Toiletry Bag,engraved-leather-toiletry-bag-eltbg,https://printway.io/product/engraved-leather-toiletry-bag-eltbg,Accessories,Bags,17.74,18.24,19.24,3,5,CN,Forudesigns,Color|Style,12,11
RRTB,Round Rattan Bag,round-rattan-bag-rrtb,https://printway.io/product/round-rattan-bag-rrtb,Accessories,Bags,15.99,16.99,16.99,1,3,VN,Printway,Material|Size,2,6
SMRTB,Small Round Rattan Bag,small-round-rattan-bag-smrtb,https://printway.io/product/small-round-rattan-bag-smrtb,Accessories,Bags,14.89,15.99,15.99,1,3,VN,Printway,Material|Size,2,5
TTB,Tote Bag,tote-bag-ttb,https://printway.io/product/tote-bag-ttb,Accessories,Bags,13.5,14.5,16.5,3,5,CN|VN,Dogeprint|Printway,Size,3,11
YEKBK,Yarn Embroidery Kids Backpack,yarn-embroidery-kids-backpack-yekbk,https://printway.io/product/yarn-embroidery-kids-backpack-yekbk,Accessories,Bags,18,18.5,21,3,5,CN,Forudesigns,Color|Title|Style,60,10
AOPHB,All-Over Print Hair Bow,all-over-print-hair-bow-aophb,https://printway.io/product/all-over-print-hair-bow-aophb,Accessories,Beauty Accessories,4.75,5.25,5.25,3,5,VN,Winfinity,Style,2,7
ADPST,Artistic Display Stand,artistic-display-stand-adpst,https://printway.io/product/artistic-display-stand-adpst,Accessories,Beauty Accessories,5.25,5.75,9.25,1,3,VN,Printway,Material|Style|Size,6,7
CTBR,Custom Brooch,custom-brooch-ctbr,https://printway.io/product/custom-brooch-ctbr,Accessories,Beauty Accessories,1.8,2,2.2,1,3,VN,Printway,Material|Size,4,12
CCPMR,Custom Compact Mirror,custom-compact-mirror-ccpmr,https://printway.io/product/custom-compact-mirror-ccpmr,Accessories,Beauty Accessories,4.24,4.74,4.99,1,3,VN,Printway,Style|Title,10,15
1LALP,Custom Shape 1-Layer Acrylic Lapel Pin,custom-shape-1-layer-acrylic-lapel-pin-1lalp,https://printway.io/product/custom-shape-1-layer-acrylic-lapel-pin-1lalp,Accessories,Beauty Accessories,,,2.3,1,3,VN,Printway,Size|Color,10,8
1LAN,Custom Shape 1-Layer Acrylic Necklace,custom-shape-1-layer-acrylic-necklace-1lan,https://printway.io/product/custom-shape-1-layer-acrylic-necklace-1lan,Accessories,Beauty Accessories,4,4.5,4.5,1,3,VN,Printway,Size|Color,4,11
1LWLP,Custom Shape 1-Layer Wooden Lapel Pin,custom-shape-1-layer-wooden-lapel-pin-1lwlp,https://printway.io/product/custom-shape-1-layer-wooden-lapel-pin-1lwlp,Accessories,Beauty Accessories,,,2.3,1,3,VN,Printway,Size|Color,10,8
1LWN,Custom Shape 1-Layer Wooden Necklace,custom-shape-1-layer-wooden-necklace-1lwn,https://printway.io/product/custom-shape-1-layer-wooden-necklace-1lwn,Accessories,Beauty Accessories,3.5,4,4,1,3,VN,Printway,Size|Color,4,10
2LWE,Custom Shape 2-Layer Wooden Earrings,custom-shape-2-layer-wooden-earrings-2lwe,https://printway.io/product/custom-shape-2-layer-wooden-earrings-2lwe,Accessories,Beauty Accessories,5.15,5.45,5.45,1,3,VN,Printway,Size|Title,8,8
CSADE,Custom Shape Acrylic Dangle Earrings,custom-shape-acrylic-dangle-earrings-csade,https://printway.io/product/custom-shape-acrylic-dangle-earrings-csade,Accessories,Beauty Accessories,5.15,5.45,5.45,1,3,VN,Printway,Size|Color|Style,32,10
ADEWC,Custom Shape Acrylic Dangle Earrings With Hanging Charms,custom-shape-acrylic-dangle-earrings-with-hanging-charms-adewc,https://printway.io/product/custom-shape-acrylic-dangle-earrings-with-hanging-charms-adewc,Accessories,Beauty Accessories,4.95,5.25,5.65,1,3,VN,Printway,Size|Style|Title,24,12
CSE2,Custom Shape Earrings,custom-shape-earrings-cse2,https://printway.io/product/custom-shape-earrings-cse2,Accessories,Beauty Accessories,5.2,5.5,5.5,1,3,VN,Printway,Material|Size|Style,24,13
CJB,Custom Square Jewelry Box,custom-square-jewelry-box-cjb,https://printway.io/product/custom-square-jewelry-box-cjb,Accessories,Beauty Accessories,5.24,5.74,5.74,1,3,VN,Printway,Color,11,15
DHP,Decorative Hanging Pendant,decorative-hanging-pendant-dhp,https://printway.io/product/decorative-hanging-pendant-dhp,Accessories,Beauty Accessories,3.65,3.95,4.95,1,3,VN,Printway,Style|Color,12,11
ENB,Engraved Bracelet,engraved-bracelet-enb,https://printway.io/product/engraved-bracelet-enb,Accessories,Beauty Accessories,,,5.99,1,3,VN,Printway,Color|Style,8,8
EHCC,Engraved Hair Claw Clip,engraved-hair-claw-clip-ehcc,https://printway.io/product/engraved-hair-claw-clip-ehcc,Accessories,Beauty Accessories,5.75,6.25,7,3,5,VN,Winfinity,Color|Style,18,10
PCL,Engraved Stainless Steel Cufflinks,engraved-stainless-steel-cufflinks-pcl,https://printway.io/product/engraved-stainless-steel-cufflinks-pcl,Accessories,Beauty Accessories,5.15,5.45,9.45,1,3,VN,Printway,Size|Color|Style,16,9
FEP,Fabric Embroidered Patch,fabric-embroidered-patch-fep,https://printway.io/product/fabric-embroidered-patch-fep,Accessories,Beauty Accessories,4.15,4.45,9.95,3,5,VN,GAL VN,Size|Style,14,15
FLMM,Foldable Leather Makeup Mirror,foldable-leather-makeup-mirror-flmm,https://printway.io/product/foldable-leather-makeup-mirror-flmm,Accessories,Beauty Accessories,9.74,10.24,10.24,3,5,CN,Dogeprint,Color,5,6
FPCJD,Full Printed Ceramic Jewelry Dish,full-printed-ceramic-jewelry-dish-fpcjd,https://printway.io/product/full-printed-ceramic-jewelry-dish-fpcjd,Accessories,Beauty Accessories,4.74,5.24,5.24,1,3,VN,Printway,Style,7,11
GTAC,Graduation Tassel With Custom Shape 1-Layer Acrylic Charm,graduation-tassel-with-custom-shape-1-layer-acrylic-charm-gtac,https://printway.io/product/graduation-tassel-with-custom-shape-1-layer-acrylic-charm-gtac,Accessories,Beauty Accessories,,,3.7,1,3,VN,Printway,Size|Style|Title,10,7
GTWC,Graduation Tassel With Custom Shape 1-Layer Wooden Charm,graduation-tassel-with-custom-shape-1-layer-wooden-charm-gtwc,https://printway.io/product/graduation-tassel-with-custom-shape-1-layer-wooden-charm-gtwc,Accessories,Beauty Accessories,,,3.7,1,3,VN,Printway,Size|Style|Title,10,7
JDWT,Jewelry Display With Tray,jewelry-display-with-tray-jdwt,https://printway.io/product/jewelry-display-with-tray-jdwt,Accessories,Beauty Accessories,12.49,13.49,14.49,1,3,VN,Printway,Material|Style|Size,2,6
LTBT,Leather Belt,leather-belt-ltbt,https://printway.io/product/leather-belt-ltbt,Accessories,Beauty Accessories,14.74,15.24,16.74,3,5,CN,Forudesigns,Color|Size,10,8
LJDLS,Led Jewelry Display Lamp Stand,led-jewelry-display-lamp-stand-ljdls,https://printway.io/product/led-jewelry-display-lamp-stand-ljdls,Accessories,Beauty Accessories,9.5,10.5,15,1,3,VN,Printway,Style|Size|Title,16,13
LSJD,Lotus Shape Jewelry Dish,lotus-shape-jewelry-dish-lsjd,https://printway.io/product/lotus-shape-jewelry-dish-lsjd,Accessories,Beauty Accessories,13.5,14,14,3,5,CN,Cjzesty,Style,6,11
MPM,Makeup Pocket Mirror,makeup-pocket-mirror-mpm,https://printway.io/product/makeup-pocket-mirror-mpm,Accessories,Beauty Accessories,12.5,13,17,3,5,CN,Cjzesty,Color|Style,15,8
PFLT,Personalized Faux Leather Tags,personalized-faux-leather-tags-pflt,https://printway.io/product/personalized-faux-leather-tags-pflt,Accessories,Beauty Accessories,,,8.95,1,3,VN,Printway,Color|Style,12,7
WDEWC,Wooden Dangle Earrings With Hanging Charms,wooden-dangle-earrings-with-hanging-charms-wdewc,https://printway.io/product/wooden-dangle-earrings-with-hanging-charms-wdewc,Accessories,Beauty Accessories,4.95,5.25,5.65,1,3,VN,Printway,Size|Style|Title,24,13
ABM,Acrylic Bookmark,acrylic-bookmark-abm,https://printway.io/product/acrylic-bookmark-abm,Accessories,Bookmarks,2.35,2.85,3.25,1,3,VN,Printway,Color|Size,60,10
BMP,Bookmark Photo,bookmark-photo-bmp,https://printway.io/product/bookmark-photo-bmp,Accessories,Bookmarks,,,3.74,1,3,VN,Printway,Material|Style|Size,1,9
1LHBWC,Custom Shape 1-Layer Hologram Acrylic Bookmark With Charm,custom-shape-1-layer-hologram-acrylic-bookmark-with-charm-1lhbwc,https://printway.io/product/custom-shape-1-layer-hologram-acrylic-bookmark-with-charm-1lhbwc,Accessories,Bookmarks,4.5,5,5,1,3,VN,Printway,Material|Size|Color,42,10
1LWBWC,Custom Shape 1-Layer Wooden Bookmark With Charm,custom-shape-1-layer-wooden-bookmark-with-charm-1lwbwc,https://printway.io/product/custom-shape-1-layer-wooden-bookmark-with-charm-1lwbwc,Accessories,Bookmarks,3.49,3.99,3.99,1,3,VN,Printway,Size|Color,45,9
CSAB,Custom Shape Aluminum Bookmark,custom-shape-aluminum-bookmark-csab,https://printway.io/product/custom-shape-aluminum-bookmark-csab,Accessories,Bookmarks,,,3.25,1,3,VN,Printway,Size,2,8
CSHBM,Custom Shape Hologram Bookmark,custom-shape-hologram-bookmark-cshbm,https://printway.io/product/custom-shape-hologram-bookmark-cshbm,Accessories,Bookmarks,,,3.4,1,3,VN,Printway,Material|Color|Size,168,13
LB,Leather Bookmark,leather-bookmark-lb,https://printway.io/product/leather-bookmark-lb,Accessories,Bookmarks,3.24,3.74,3.74,1,3,VN,Printway,Color|Style,10,6
LTMBM,Leather Magnetic Bookmark,leather-magnetic-bookmark-ltmbm,https://printway.io/product/leather-magnetic-bookmark-ltmbm,Accessories,Bookmarks,8.74,9.24,9.24,3,5,CN,Dogeprint,Color,8,8
LMBPC,Leather Magnetic Bookmark with Pen Clip,leather-magnetic-bookmark-with-pen-clip-lmbpc,https://printway.io/product/leather-magnetic-bookmark-with-pen-clip-lmbpc,Accessories,Bookmarks,9,9.5,9.5,3,5,CN,Cjzesty,Color,6,7
MLB,Magnetic Leather Bookmark,magnetic-leather-bookmark-mlb,https://printway.io/product/magnetic-leather-bookmark-mlb,Accessories,Bookmarks,4.24,4.74,4.99,1,3,VN,Printway,Color|Style|Title,48,7
WBM,Wooden Bookmark,wooden-bookmark-wbm,https://printway.io/product/wooden-bookmark-wbm,Accessories,Bookmarks,2.45,2.95,3.25,1,3,VN,Printway,Size|Color,44,11
CARC,Car Coasters,car-coasters-carc,https://printway.io/product/car-coasters-carc,Accessories,Car accessories,4.5,5,5,1,3,VN,Printway,Size,1,8
CSC,Car Seat Covers,car-seat-covers-csc,https://printway.io/product/car-seat-covers-csc,Accessories,Car accessories,26.5,27.5,27.5,3,5,CN,Relaxlines,Size,1,7
CAS,Car Sunshade,car-sunshade-cas,https://printway.io/product/car-sunshade-cas,Accessories,Car accessories,21.5,22.5,22.5,3,5,CN,Coco,Size,1,10
C1SVC,Custom 1 Layered Sun Visor Clip,custom-1-layered-sun-visor-clip-c1svc,https://printway.io/product/custom-1-layered-sun-visor-clip-c1svc,Accessories,Car accessories,2.45,2.95,4.7,1,3,VN|US,Pentifine|Pentifine VN|Printway,Material|Size,16,10
C1SVUS,Custom 1 Layered Sun Visor Clip - US,custom-1-layered-sun-visor-clip-us-c1svus,https://printway.io/product/custom-1-layered-sun-visor-clip-us-c1svus,Accessories,Car accessories,3.75,4.5,6.75,1,3,US,Pentifine,Material|Size,8,6
CSVC2L,Custom 2 Layered Sun Visor Clip,custom-2-layered-sun-visor-clip-csvc2l,https://printway.io/product/custom-2-layered-sun-visor-clip-csvc2l,Accessories,Car accessories,3.9,4.2,9.5,1,3,VN,Printway,Size|Style|Material,45,10
CSVC3L,Custom 3 Layered Sun Visor Clip,custom-3-layered-sun-visor-clip-csvc3l,https://printway.io/product/custom-3-layered-sun-visor-clip-csvc3l,Accessories,Car accessories,4.49,4.99,10.04,1,3,VN,Printway,Size|Style|Material,30,11
CSVC,Custom 4 Layered Sun Visor Clip,custom-4-layered-sun-visor-clip-csvc,https://printway.io/product/custom-4-layered-sun-visor-clip-csvc,Accessories,Car accessories,4.7,5.2,11.25,1,3,VN,Printway,Size|Style|Material,30,9
CSVC5L,Custom 5 Layered Sun Visor Clip,custom-5-layered-sun-visor-clip-csvc5l,https://printway.io/product/custom-5-layered-sun-visor-clip-csvc5l,Accessories,Car accessories,5.7,6.2,12.25,1,3,VN,Printway,Size|Style|Material,30,7
1LACSH,Custom Shape 1-Layer Acrylic Car Seat Headrest Hook,custom-shape-1-layer-acrylic-car-seat-headrest-hook-1lacsh,https://printway.io/product/custom-shape-1-layer-acrylic-car-seat-headrest-hook-1lacsh,Accessories,Car accessories,3.49,3.99,3.99,1,3,VN,Printway,Size,1,8
1LACVC,Custom Shape 1-Layer Acrylic Car Vent Clip,custom-shape-1-layer-acrylic-car-vent-clip-1lacvc,https://printway.io/product/custom-shape-1-layer-acrylic-car-vent-clip-1lacvc,Accessories,Car accessories,2,2.5,3.5,1,3,VN,Printway,Size,3,7
1LWCVC,Custom Shape 1-Layer Wooden Car Vent Clip,custom-shape-1-layer-wooden-car-vent-clip-1lwcvc,https://printway.io/product/custom-shape-1-layer-wooden-car-vent-clip-1lwcvc,Accessories,Car accessories,2,2.5,3.5,1,3,VN,Printway,Size,3,7
SCCSC,Custom Shape Acrylic Car Clip With Spinning Charm,custom-shape-acrylic-car-clip-with-spinning-charm-sccsc,https://printway.io/product/custom-shape-acrylic-car-clip-with-spinning-charm-sccsc,Accessories,Car accessories,4.05,4.35,4.85,1,3,VN,Printway,Size,4,9
CSCVC,Custom Shape Car Vent Clip,custom-shape-car-vent-clip-cscvc,https://printway.io/product/custom-shape-car-vent-clip-cscvc,Accessories,Car accessories,,,4.05,1,3,VN,Printway,Material|Size|Style,75,8
MCVPAP,Custom Shape Magnetic Car Visor Photo Clip With Acrylic Pieces,custom-shape-magnetic-car-visor-photo-clip-with-acrylic-pieces-mcvpap,https://printway.io/product/custom-shape-magnetic-car-visor-photo-clip-with-acrylic-pieces-mcvpap,Accessories,Car accessories,6,6.5,7.5,1,3,VN,Printway,Size,2,9
WCWSC,Custom Shape Wooden Car Clip With Spinning Charm,custom-shape-wooden-car-clip-with-spinning-charm-wcwsc,https://printway.io/product/custom-shape-wooden-car-clip-with-spinning-charm-wcwsc,Accessories,Car accessories,3.2,3.5,3.85,1,3,VN,Printway,Size,4,10
MCVPC,Magnetic Car Visor Photo Clip,magnetic-car-visor-photo-clip-mcvpc,https://printway.io/product/magnetic-car-visor-photo-clip-mcvpc,Accessories,Car accessories,3.49,3.99,5.49,1,3,VN,Printway,Material|Style|Size,9,13
MLSH,Magnetic Leather Sunglass Holder,magnetic-leather-sunglass-holder-mlsh,https://printway.io/product/magnetic-leather-sunglass-holder-mlsh,Accessories,Car accessories,5.75,6.25,6.75,1,3,VN,Printway,Color|Style,15,10
MLPFE,Metal License Plate Frame,metal-license-plate-frame-mlpfe,https://printway.io/product/metal-license-plate-frame-mlpfe,Accessories,Car accessories,11.24,11.74,11.74,3,5,CN,Dogeprint,Size,1,8
PRMCC,Personalized Rearview Mirror Car Charm,personalized-rearview-mirror-car-charm-prmcc,https://printway.io/product/personalized-rearview-mirror-car-charm-prmcc,Accessories,Car accessories,,,3.1,1,3,VN,Printway,Style|Title,2,9
SGWC,Steering Wheel Cover,steering-wheel-cover-sgwc,https://printway.io/product/steering-wheel-cover-sgwc,Accessories,Car accessories,10.24,10.74,10.74,3,5,CN,Dogeprint,Size,1,7
VAYP,Vanity Plate,vanity-plate-vayp,https://printway.io/product/vanity-plate-vayp,Accessories,Car accessories,12.04,12.54,12.54,3,5,CN,Dogeprint,Size,1,9
CCP,AOP Classic Cap,aop-classic-cap-ccp,https://printway.io/product/aop-classic-cap-ccp,Accessories,Hats,17,18,18,3,5,CN,Relaxlines,Size|Style,2,15
1LAMHC,Custom Shape 1-Layer Acrylic Magnetic Hat Clip,custom-shape-1-layer-acrylic-magnetic-hat-clip-1lamhc,https://printway.io/product/custom-shape-1-layer-acrylic-magnetic-hat-clip-1lamhc,Accessories,Hats,,,4.45,1,3,VN,Printway,Size|Color,2,7
ECWFTB,Embroidered Cap With Woven Floral Tapestry Brim,embroidered-cap-with-woven-floral-tapestry-brim-ecwftb,https://printway.io/product/embroidered-cap-with-woven-floral-tapestry-brim-ecwftb,Accessories,Hats,7.25,7.75,10.75,3,5,VN,Đại Phát Embroidery,Style,15,12
ECSP,Embroidered Cap with Striped & Polka Dot Brim,embroidered-cap-with-striped-and-polka-dot-brim-ecsp,https://printway.io/product/embroidered-cap-with-striped-and-polka-dot-brim-ecsp,Accessories,Hats,7.25,7.75,10.75,3,5,VN,Đại Phát Embroidery,Title|Style,120,10
ETC,Embroidered Trucker Cap,embroidered-trucker-cap-etc,https://printway.io/product/embroidered-trucker-cap-etc,Accessories,Hats,7.25,7.75,10.75,3,5,VN,Đại Phát Embroidery,Title|Style,240,12
ETBC,Embroidered Two-Tone Baseball Cap,embroidered-two-tone-baseball-cap-etbc,https://printway.io/product/embroidered-two-tone-baseball-cap-etbc,Accessories,Hats,7.25,7.75,11.75,3,5,VN,Đại Phát Embroidery,Title|Style,210,14
EMBWC,Embroidered Washed Cap,embroidered-washed-cap-embwc,https://printway.io/product/embroidered-washed-cap-embwc,Accessories,Hats,9.75,10.25,20.75,3,5,VN,Nestprint|Đại Phát Embroidery,Color|Style,132,12
EWMBC,Embroidered Washed Mesh Back Cap,embroidered-washed-mesh-back-cap-ewmbc,https://printway.io/product/embroidered-washed-mesh-back-cap-ewmbc,Accessories,Hats,7.25,7.75,8.75,3,5,VN,Đại Phát Embroidery,Title|Style,15,13
EDWC,Embroidery Washed Cap,embroidery-washed-cap-edwc,https://printway.io/product/embroidery-washed-cap-edwc,Accessories,Hats,7.25,7.75,11.75,3,5,VN,Đại Phát Embroidery,Color|Style,540,13
GCTP,Graduation Cap Topper,graduation-cap-topper-gctp,https://printway.io/product/graduation-cap-topper-gctp,Accessories,Hats,3.71,4.15,4.65,1,3,VN,Printway,Material|Size,6,9
LP7PTC,Leather Patch 7-Panel Trucker Cap,leather-patch-7-panel-trucker-cap-lp7ptc,https://printway.io/product/leather-patch-7-panel-trucker-cap-lp7ptc,Accessories,Hats,8,8.5,8.5,3,5,VN,Zenith,Title|Style,36,9
LPFBH,Leather Patch Flat Bill Snapback Hat,leather-patch-flat-bill-snapback-hat-lpfbh,https://printway.io/product/leather-patch-flat-bill-snapback-hat-lpfbh,Accessories,Hats,8,8.5,8.5,3,5,VN,Zenith,Title|Style,40,10
LPTC,Leather Patch Trucker Cap,leather-patch-trucker-cap-lptc,https://printway.io/product/leather-patch-trucker-cap-lptc,Accessories,Hats,8,8.5,8.5,3,5,VN,Zenith,Title|Style,16,8
LPRH,Leather Patch Trucker Hat,leather-patch-trucker-hat-lprh,https://printway.io/product/leather-patch-trucker-hat-lprh,Accessories,Hats,8,8.5,8.5,3,5,VN,Zenith,Title|Style,28,9
LPT5PC,Leather Patch Two Tone 5-Panel Cap,leather-patch-two-tone-5-panel-cap-lpt5pc,https://printway.io/product/leather-patch-two-tone-5-panel-cap-lpt5pc,Accessories,Hats,8,8.5,8.5,3,5,VN,Zenith,Title|Style,16,8
3LWAPK,3-Layer Wooden And Acrylic Photo Keychain,3-layer-wooden-and-acrylic-photo-keychain-3lwapk,https://printway.io/product/3-layer-wooden-and-acrylic-photo-keychain-3lwapk,Accessories,Keychains,,,3.75,1,3,VN,Printway,Size,1,8
3LWPKC,3-Layer Wooden Photo Keychain,3-layer-wooden-photo-keychain-3lwpkc,https://printway.io/product/3-layer-wooden-photo-keychain-3lwpkc,Accessories,Keychains,,,3.75,1,3,VN,Printway,Size,1,6
ALKC,Aluminium Keychain,aluminium-keychain-alkc,https://printway.io/product/aluminium-keychain-alkc,Accessories,Keychains,,,4.65,1,3,VN,Printway,Size|Title,4,12
C2LAKC,Custom 2 Layered Acrylic Keychain,custom-2-layered-acrylic-keychain-c2lakc,https://printway.io/product/custom-2-layered-acrylic-keychain-c2lakc,Accessories,Keychains,3.14,3.44,4.69,1,3,VN,Printway,Size|Color|Style,180,11
C2LWK,Custom 2 Layered Wooden Keychain,custom-2-layered-wooden-keychain-c2lwk,https://printway.io/product/custom-2-layered-wooden-keychain-c2lwk,Accessories,Keychains,4.14,4.44,4.44,1,3,VN,Printway,Size|Color|Style,60,7
CKKH,Custom Keychain Key Holder,custom-keychain-key-holder-ckkh,https://printway.io/product/custom-keychain-key-holder-ckkh,Accessories,Keychains,4.99,5.49,6.44,1,3,VN,Printway,Material|Style|Size,3,10
CMACDK,Custom Miniature Album CD Keychain,custom-miniature-album-cd-keychain-cmacdk,https://printway.io/product/custom-miniature-album-cd-keychain-cmacdk,Accessories,Keychains,3.49,3.99,3.99,1,3,VN,Printway,Material,2,7
CSNT,Custom Name Tag,custom-name-tag-csnt,https://printway.io/product/custom-name-tag-csnt,Accessories,Keychains,3.14,3.44,5.19,1,3,VN,Printway,Material|Size|Style,64,15
1LAKMAC,Custom Shape 1-Layer Acrylic Keychain With Mirror Acrylic Charms,custom-shape-1-layer-acrylic-keychain-with-mirror-acrylic-charms-1lakmac,https://printway.io/product/custom-shape-1-layer-acrylic-keychain-with-mirror-acrylic-charms-1lakmac,Accessories,Keychains,3,3.5,5.5,1,3,VN,Printway,Size|Color|Style,6,8
2LMAK,Custom Shape 2 Layer Mirror Acrylic Keychain,custom-shape-2-layer-mirror-acrylic-keychain-2lmak,https://printway.io/product/custom-shape-2-layer-mirror-acrylic-keychain-2lmak,Accessories,Keychains,3.95,4.25,4.25,1,3,VN,Printway,Size|Style|Title,6,8
CSLT,Custom Shape 2-3 Layers Tag,custom-shape-2-3-layers-tag-cslt,https://printway.io/product/custom-shape-2-3-layers-tag-cslt,Accessories,Keychains,1.95,2.25,6.75,1,3,VN,Printway,Size|Title|Material,96,13
3LABOK,Custom Shape 3-Layer Acrylic Bottle Opener Keychain,custom-shape-3-layer-acrylic-bottle-opener-keychain-3labok,https://printway.io/product/custom-shape-3-layer-acrylic-bottle-opener-keychain-3labok,Accessories,Keychains,3.49,3.99,3.99,1,3,VN,Printway,Size,1,7
3LAMK,Custom Shape 3-Layer Acrylic Maze Keychain,custom-shape-3-layer-acrylic-maze-keychain-3lamk,https://printway.io/product/custom-shape-3-layer-acrylic-maze-keychain-3lamk,Accessories,Keychains,3,3.5,4,1,3,VN,Printway,Size,2,7
3LARK,Custom Shape 3-Layer Acrylic Rotating Keychain,custom-shape-3-layer-acrylic-rotating-keychain-3lark,https://printway.io/product/custom-shape-3-layer-acrylic-rotating-keychain-3lark,Accessories,Keychains,5,5.5,5.5,1,3,VN,Printway,Size,1,7
3LASK,Custom Shape 3-Layer Acrylic Slider Keychain,custom-shape-3-layer-acrylic-slider-keychain-3lask,https://printway.io/product/custom-shape-3-layer-acrylic-slider-keychain-3lask,Accessories,Keychains,4.49,4.99,4.99,1,3,VN,Printway,Size|Style,1,8
CSWASK,Custom Shape 3-Layer Wooden And Acrylic Shaker Keychain,custom-shape-3-layer-wooden-and-acrylic-shaker-keychain-cswask,https://printway.io/product/custom-shape-3-layer-wooden-and-acrylic-shaker-keychain-cswask,Accessories,Keychains,,,3.5,1,3,VN,Printway,Size,1,8
4LWRK,Custom Shape 4-Layer Wooden Rotating Keychain,custom-shape-4-layer-wooden-rotating-keychain-4lwrk,https://printway.io/product/custom-shape-4-layer-wooden-rotating-keychain-4lwrk,Accessories,Keychains,5,5.5,5.5,1,3,VN,Printway,Size,2,8
CSAKC,Custom Shape Acrylic Keychain,custom-shape-acrylic-keychain-csakc,https://printway.io/product/custom-shape-acrylic-keychain-csakc,Accessories,Keychains,,,3.29,1,3,VN,Pentifine VN|Printway,Size|Title,8,12
AKWSC,Custom Shape Acrylic Keychain With Spinning Charm,custom-shape-acrylic-keychain-with-spinning-charm-akwsc,https://printway.io/product/custom-shape-acrylic-keychain-with-spinning-charm-akwsc,Accessories,Keychains,2.4,2.7,2.9,1,3,VN,Printway,Size|Style,4,11
CSAK,Custom Shape Aluminum Keychain,custom-shape-aluminum-keychain-csak,https://printway.io/product/custom-shape-aluminum-keychain-csak,Accessories,Keychains,,,3.5,1,3,VN,Printway,Size|Style,4,11
CSBR,Custom Shape Badge Reel,custom-shape-badge-reel-csbr,https://printway.io/product/custom-shape-badge-reel-csbr,Accessories,Keychains,,,2.75,1,3,VN,Printway,Material|Style|Size,12,10
CSBRUS,Custom Shape Badge Reel - US,custom-shape-badge-reel-us-csbrus,https://printway.io/product/custom-shape-badge-reel-us-csbrus,Accessories,Keychains,3.15,3.65,3.65,3,4,US,Pentifine,Material|Style|Size,6,11
CSBC,Custom Shape Bag Chain,custom-shape-bag-chain-csbc,https://printway.io/product/custom-shape-bag-chain-csbc,Accessories,Keychains,3.74,4.24,4.74,1,3,VN,Printway,Material|Size|Style,12,9
EMBKC,Custom Shape Embroidered Keychain,custom-shape-embroidered-keychain-embkc,https://printway.io/product/custom-shape-embroidered-keychain-embkc,Accessories,Keychains,5.25,5.75,9.25,3,5,VN,Đại Phát Embroidery,Size|Style|Title,496,14
CSHK,Custom Shape Hologram Keychain,custom-shape-hologram-keychain-cshk,https://printway.io/product/custom-shape-hologram-keychain-cshk,Accessories,Keychains,,,3.3,1,3,VN,Printway,Material|Style|Size,6,8
CSKCUS,Custom Shape Keychain - US,custom-shape-keychain-us-cskcus,https://printway.io/product/custom-shape-keychain-us-cskcus,Accessories,Keychains,2.75,3.5,6.38,1,3,US,Pentifine,Material|Size|Title,12,7
CSKWC,Custom Shape Keychain With Charm,custom-shape-keychain-with-charm-cskwc,https://printway.io/product/custom-shape-keychain-with-charm-cskwc,Accessories,Keychains,0.01,0.01,7.99,1,3,VN,Printway,Material|Style|Size,60,13
CSRWBC,Custom Shape Rotating Wooden Bag Chain,custom-shape-rotating-wooden-bag-chain-csrwbc,https://printway.io/product/custom-shape-rotating-wooden-bag-chain-csrwbc,Accessories,Keychains,4.75,5.25,8.75,1,3,VN,Printway,Title|Size|Style,16,8
CSWKC,Custom Shape Wooden Keychain,custom-shape-wooden-keychain-cswkc,https://printway.io/product/custom-shape-wooden-keychain-cswkc,Accessories,Keychains,,,2.65,1,3,VN,Pentifine VN|Printway,Size|Title,6,10
WKSC,Custom Shape Wooden Keychain With Spinning Charm,custom-shape-wooden-keychain-with-spinning-charm-wksc,https://printway.io/product/custom-shape-wooden-keychain-with-spinning-charm-wksc,Accessories,Keychains,,,2.75,1,3,VN,Printway,Size|Style,4,9
CSSKC,Custom Stainless Steel Keychain,custom-stainless-steel-keychain-csskc,https://printway.io/product/custom-stainless-steel-keychain-csskc,Accessories,Keychains,,,3.36,1,3,VN,Printway,Color|Size,4,13
CWKOJS,Custom Wooden Keychain or Jewelry Stand,custom-wooden-keychain-or-jewelry-stand-cwkojs,https://printway.io/product/custom-wooden-keychain-or-jewelry-stand-cwkojs,Accessories,Keychains,6,7,12.25,1,3,VN,Printway,Title|Size|Style,6,11
DBKWLS,Daisy Bead Keychain With Leather Strap,daisy-bead-keychain-with-leather-strap-dbkwls,https://printway.io/product/daisy-bead-keychain-with-leather-strap-dbkwls,Accessories,Keychains,8.5,9,9.5,3,5,CN,Cjzesty,Color|Style,12,8
DSMTKC,Dual-Sided Metal Keychain,dual-sided-metal-keychain-dsmtkc,https://printway.io/product/dual-sided-metal-keychain-dsmtkc,Accessories,Keychains,6.01,7.01,7.01,3,5,AU,Prima,Size,1,8
ECNFCT,Emergency Contact NFC Tag,emergency-contact-nfc-tag-ecnfct,https://printway.io/product/emergency-contact-nfc-tag-ecnfct,Accessories,Keychains,3,3.5,6,1,3,VN,Printway,Material|Size|Style,32,8
EGHK,Engraved Heart Keychain,engraved-heart-keychain-eghk,https://printway.io/product/engraved-heart-keychain-eghk,Accessories,Keychains,1.45,1.75,1.75,1,3,VN,Printway,Color,10,10
EWK,Engraved Wooden Keychain,engraved-wooden-keychain-ewk,https://printway.io/product/engraved-wooden-keychain-ewk,Accessories,Keychains,2.4,2.7,2.9,1,3,VN,Printway,Size|Style|Title,6,6
LPFKC,Leather Pawprint Keychain,leather-pawprint-keychain-lpfkc,https://printway.io/product/leather-pawprint-keychain-lpfkc,Accessories,Keychains,,,2.45,1,3,VN,Printway,Color,3,9
LPK,Leather Photo Keychain,leather-photo-keychain-lpk,https://printway.io/product/leather-photo-keychain-lpk,Accessories,Keychains,3.99,4.49,4.99,1,3,VN,Printway,Size|Color|Title,8,13
PLLCK,Personalized Leather Lipstick Case Keychain,personalized-leather-lipstick-case-keychain-pllck,https://printway.io/product/personalized-leather-lipstick-case-keychain-pllck,Accessories,Keychains,13.24,13.74,13.74,3,5,CN,Zimo,Color,10,8
PABKC,Photo Album Keychain,photo-album-keychain-pabkc,https://printway.io/product/photo-album-keychain-pabkc,Accessories,Keychains,6.24,6.74,6.74,1,3,VN,Printway,Size|Color,10,11
PKH,Pocket Hug,pocket-hug-pkh,https://printway.io/product/pocket-hug-pkh,Accessories,Keychains,,,2.45,1,3,VN,Printway,Size|Color,2,8
SKC,Slider Keychain,slider-keychain-skc,https://printway.io/product/slider-keychain-skc,Accessories,Keychains,4.49,4.99,5.99,1,3,VN,Printway,Material|Size,6,7
TAKC,Transparent Acrylic Keychain,transparent-acrylic-keychain-takc,https://printway.io/product/transparent-acrylic-keychain-takc,Accessories,Keychains,3.25,3.55,4.2,1,3,VN,Printway,Size|Title,10,8
1LBWBLAAT,1 Layer ID Badge with Beaded Lanyard and Tassel,1-layer-id-badge-with-beaded-lanyard-and-tassel-1lbwblaat,https://printway.io/product/1-layer-id-badge-with-beaded-lanyard-and-tassel-1lbwblaat,Accessories,Office & Stationery,3.75,4.25,4.75,1,3,VN,Printway,Material|Size|Style,192,11
2LIDBLAT,2 Layer ID Badge with Beaded Lanyard and Tassel,2-layer-id-badge-with-beaded-lanyard-and-tassel-2lidblat,https://printway.io/product/2-layer-id-badge-with-beaded-lanyard-and-tassel-2lidblat,Accessories,Office & Stationery,4.75,5.25,5.75,1,3,VN,Printway,Material|Size|Style,336,11
3LSNH,3 Layered Sticky Note Holder,3-layered-sticky-note-holder-3lsnh,https://printway.io/product/3-layered-sticky-note-holder-3lsnh,Accessories,Office & Stationery,5,5.5,12,1,3,VN,Printway,Size,7,9
3DMP,3D Mouse Pad,3d-mouse-pad-3dmp,https://printway.io/product/3d-mouse-pad-3dmp,Accessories,Office & Stationery,16.5,17,17,3,5,CN,Cjzesty,Size,1,10
4LSNHC,4 Layered Sticky Note Holder,4-layered-sticky-note-holder-4lsnhc,https://printway.io/product/4-layered-sticky-note-holder-4lsnhc,Accessories,Office & Stationery,6.5,7,14.5,1,3,VN,Printway,Size|Material,14,7
LT,AOP Leather Tray,aop-leather-tray-lt,https://printway.io/product/aop-leather-tray-lt,Accessories,Office & Stationery,11.1,12.1,12.1,3,5,CN,Dogeprint,Color|Style,20,9
AOPMP,AOP Mouse Pad,aop-mouse-pad-aopmp,https://printway.io/product/aop-mouse-pad-aopmp,Accessories,Office & Stationery,6.49,6.99,6.99,3,4,US,Artsadd,Size,1,7
ABV,Acrylic Book Vase,acrylic-book-vase-abv,https://printway.io/product/acrylic-book-vase-abv,Accessories,Office & Stationery,8.25,8.75,9.25,1,3,VN,Printway,Color|Style,8,8
BPO,Block Pen Organizer,block-pen-organizer-bpo,https://printway.io/product/block-pen-organizer-bpo,Accessories,Office & Stationery,5.5,6,8,1,3,VN,Printway,Size,2,7
CBE,Chalkboard Eraser,chalkboard-eraser-cbe,https://printway.io/product/chalkboard-eraser-cbe,Accessories,Office & Stationery,4,5,8,1,3,VN,Printway,Style,21,11
CLB,Clipboard,clipboard-clb,https://printway.io/product/clipboard-clb,Accessories,Office & Stationery,5.45,5.95,11.5,1,3,VN,Printway,Material|Size|Title,42,14
CLBUS,Clipboard - US,clipboard-us-clbus,https://printway.io/product/clipboard-us-clbus,Accessories,Office & Stationery,8.74,9.24,9.74,3,4,US,Pentifine,Material|Size|Style,4,8
CPH,Coffee Pod Holder,coffee-pod-holder-cph,https://printway.io/product/coffee-pod-holder-cph,Accessories,Office & Stationery,10,11,25,1,3,VN,Printway,Material|Style|Size,16,8
CBHS,Custom Book Holder Stand,custom-book-holder-stand-cbhs,https://printway.io/product/custom-book-holder-stand-cbhs,Accessories,Office & Stationery,11,12,12,1,3,VN,Printway,Material|Size,1,7
CDSWAP,Custom Docking Station With Acrylic Photo,custom-docking-station-with-acrylic-photo-cdswap,https://printway.io/product/custom-docking-station-with-acrylic-photo-cdswap,Accessories,Office & Stationery,11.5,12.5,12.5,1,3,VN,Printway,Style,2,12
CMH,Custom Money Holder,custom-money-holder-cmh,https://printway.io/product/custom-money-holder-cmh,Accessories,Office & Stationery,5.24,5.74,7.74,1,3,VN,Printway,Size|Color|Style,248,11
ABIDH,Custom Shape 1-Layer Acrylic Beaded ID Holder With Lanyard,custom-shape-1-layer-acrylic-beaded-id-holder-with-lanyard-abidh,https://printway.io/product/custom-shape-1-layer-acrylic-beaded-id-holder-with-lanyard-abidh,Accessories,Office & Stationery,3.75,4.25,4.75,1,3,VN,Printway,Size|Style,48,11
1LABID,Custom Shape 1-Layer Acrylic Beaded ID Holder with Lanyard And Acrylic Charm,custom-shape-1-layer-acrylic-beaded-id-holder-with-lanyard-and-acrylic-charm-1labid,https://printway.io/product/custom-shape-1-layer-acrylic-beaded-id-holder-with-lanyard-and-acrylic-charm-1labid,Accessories,Office & Stationery,4.25,4.75,4.75,1,3,VN,Printway,Size|Style,16,9
1LAIDAC,Custom Shape 1-Layer Acrylic ID Holder with Lanyard And Acrylic Charm,custom-shape-1-layer-acrylic-id-holder-with-lanyard-and-acrylic-charm-1laidac,https://printway.io/product/custom-shape-1-layer-acrylic-id-holder-with-lanyard-and-acrylic-charm-1laidac,Accessories,Office & Stationery,4.45,4.95,4.95,1,3,VN,Printway,Size|Style,8,9
1LAPPC,Custom Shape 1-Layer Acrylic Photo Paper Clip,custom-shape-1-layer-acrylic-photo-paper-clip-1lappc,https://printway.io/product/custom-shape-1-layer-acrylic-photo-paper-clip-1lappc,Accessories,Office & Stationery,1.65,1.95,2.5,1,3,VN,Printway,Size,5,9
HABID,Custom Shape 1-Layer Hologram Acrylic Beaded ID Holder With Lanyard,custom-shape-1-layer-hologram-acrylic-beaded-id-holder-with-lanyard-habid,https://printway.io/product/custom-shape-1-layer-hologram-acrylic-beaded-id-holder-with-lanyard-habid,Accessories,Office & Stationery,3.75,4.25,4.75,1,3,VN,Printway,Material|Size|Style,96,10
WBID,Custom Shape 1-Layer Wooden Beaded ID Holder With Lanyard,custom-shape-1-layer-wooden-beaded-id-holder-with-lanyard-wbid,https://printway.io/product/custom-shape-1-layer-wooden-beaded-id-holder-with-lanyard-wbid,Accessories,Office & Stationery,3.75,4.25,4.75,1,3,VN,Printway,Size|Style,48,10
1LWBDS,Custom Shape 1-Layer Wooden Bookshelf Dividers Sign,custom-shape-1-layer-wooden-bookshelf-dividers-sign-1lwbds,https://printway.io/product/custom-shape-1-layer-wooden-bookshelf-dividers-sign-1lwbds,Accessories,Office & Stationery,2.8,2.8,7.99,1,3,VN,Printway,Size,2,8
CS1LWC,Custom Shape 1-Layer Wooden Clip,custom-shape-1-layer-wooden-clip-cs1lwc,https://printway.io/product/custom-shape-1-layer-wooden-clip-cs1lwc,Accessories,Office & Stationery,3.15,3.45,4.5,1,3,VN,Printway,Size|Style,3,7
1LWPPC,Custom Shape 1-Layer Wooden Photo Paper Clip,custom-shape-1-layer-wooden-photo-paper-clip-1lwppc,https://printway.io/product/custom-shape-1-layer-wooden-photo-paper-clip-1lwppc,Accessories,Office & Stationery,1.65,1.95,2.25,1,3,VN,Printway,Size,5,9
AGCT,Custom Shape 2-Layer Acrylic Graduation Cap Topper,custom-shape-2-layer-acrylic-graduation-cap-topper-agct,https://printway.io/product/custom-shape-2-layer-acrylic-graduation-cap-topper-agct,Accessories,Office & Stationery,5.49,5.99,7.99,1,3,VN,Printway,Size,2,7
CS2LBR,Custom Shape 2-Layer Badge Reel,custom-shape-2-layer-badge-reel-cs2lbr,https://printway.io/product/custom-shape-2-layer-badge-reel-cs2lbr,Accessories,Office & Stationery,3.25,3.75,3.75,1,3,VN,Printway,Material|Size,12,8
2LMABR,Custom Shape 2-Layer Mirror Acrylic Badge Reel,custom-shape-2-layer-mirror-acrylic-badge-reel-2lmabr,https://printway.io/product/custom-shape-2-layer-mirror-acrylic-badge-reel-2lmabr,Accessories,Office & Stationery,3.25,3.75,3.75,1,3,VN,Printway,Size|Color|Style,12,10
CSAHS,Custom Shape Acrylic Headphone Stand With Lights,custom-shape-acrylic-headphone-stand-with-lights-csahs,https://printway.io/product/custom-shape-acrylic-headphone-stand-with-lights-csahs,Accessories,Office & Stationery,6.49,6.99,6.99,1,3,VN,Printway,Style|Size,1,7
CSAPT,Custom Shape Acrylic Pencil Topper,custom-shape-acrylic-pencil-topper-csapt,https://printway.io/product/custom-shape-acrylic-pencil-topper-csapt,Accessories,Office & Stationery,,,4.65,1,3,VN,Printway,Size|Style,8,10
CSBH,Custom Shape Book Holder,custom-shape-book-holder-csbh,https://printway.io/product/custom-shape-book-holder-csbh,Accessories,Office & Stationery,9.5,10,10,1,3,VN,Printway,Material|Style|Size,1,6
CSGH,Custom Shape Glasses Holder,custom-shape-glasses-holder-csgh,https://printway.io/product/custom-shape-glasses-holder-csgh,Accessories,Office & Stationery,5.24,5.74,6.74,1,3,VN,Printway,Size,2,6
CSHPWL,Custom Shape Hall Pass with Lanyard,custom-shape-hall-pass-with-lanyard-cshpwl,https://printway.io/product/custom-shape-hall-pass-with-lanyard-cshpwl,Accessories,Office & Stationery,5,5.5,7,1,3,VN,Printway,Material|Style|Size,14,8
CSMBM,Custom Shape Magnet Bookmark,custom-shape-magnet-bookmark-csmbm,https://printway.io/product/custom-shape-magnet-bookmark-csmbm,Accessories,Office & Stationery,8.5,9,17,3,5,CN,Cjzesty,Size|Style,5,8
CSPAPH,Custom Shape Pen and Pencil Holder,custom-shape-pen-and-pencil-holder-cspaph,https://printway.io/product/custom-shape-pen-and-pencil-holder-cspaph,Accessories,Office & Stationery,4.74,5.24,15.74,1,3,VN,Printway,Style|Size,14,9
CSPAPHS,Custom Shape Pen and Pencil Holder Stand,custom-shape-pen-and-pencil-holder-stand-cspaphs,https://printway.io/product/custom-shape-pen-and-pencil-holder-stand-cspaphs,Accessories,Office & Stationery,5.25,5.75,8.25,1,3,VN,Printway,Material|Style|Size,2,8
CSPG,Custom Shape Phone Grip,custom-shape-phone-grip-cspg,https://printway.io/product/custom-shape-phone-grip-cspg,Accessories,Office & Stationery,,,2.75,1,3,VN,Printway,Material|Size,9,11
CSRL,Custom Shape Ruler,custom-shape-ruler-csrl,https://printway.io/product/custom-shape-ruler-csrl,Accessories,Office & Stationery,4.99,5.49,6.74,1,3,VN,Printway,Material|Style|Size,8,11
CSSDNS,Custom Shape Shaker Desk Name Sign,custom-shape-shaker-desk-name-sign-cssdns,https://printway.io/product/custom-shape-shaker-desk-name-sign-cssdns,Accessories,Office & Stationery,6.74,7.24,17.24,1,3,VN,Printway,Material|Style|Size,8,8
WPBD,Custom Shape Wooden Pen Box with Drawer,custom-shape-wooden-pen-box-with-drawer-wpbd,https://printway.io/product/custom-shape-wooden-pen-box-with-drawer-wpbd,Accessories,Office & Stationery,9.49,9.99,9.99,1,3,VN,Printway,Size,1,8
WPGH,Custom Shape Wooden Pen and Glasses Holder,custom-shape-wooden-pen-and-glasses-holder-wpgh,https://printway.io/product/custom-shape-wooden-pen-and-glasses-holder-wpgh,Accessories,Office & Stationery,10.49,10.99,10.99,1,3,VN,Printway,Size,1,8
CSWPT,Custom Shape Wooden Pencil Topper,custom-shape-wooden-pencil-topper-cswpt,https://printway.io/product/custom-shape-wooden-pencil-topper-cswpt,Accessories,Office & Stationery,,,4.65,1,3,VN,Printway,Size|Style,8,9
CSWSMB,Custom Shape Wooden Sewing Magnet Box,custom-shape-wooden-sewing-magnet-box-cswsmb,https://printway.io/product/custom-shape-wooden-sewing-magnet-box-cswsmb,Accessories,Office & Stationery,4.49,4.99,4.99,1,3,VN,Printway,Size,1,6
DM,Desk Mat,desk-mat-dm,https://printway.io/product/desk-mat-dm,Accessories,Office & Stationery,11.5,12.5,25,3,5,CN,Dogeprint,Size,7,10
DNS,Desk Note Station,desk-note-station-dns,https://printway.io/product/desk-note-station-dns,Accessories,Office & Stationery,4.25,4.75,15.25,1,3,VN,Printway,Material|Style|Size,21,6
DS,Docking Station,docking-station-ds,https://printway.io/product/docking-station-ds,Accessories,Office & Stationery,10,11,11,1,3,VN,Printway,Size,1,5
FHDF,Felt Handheld Flag,felt-handheld-flag-fhdf,https://printway.io/product/felt-handheld-flag-fhdf,Accessories,Office & Stationery,4.5,5,5,3,5,VN,Winfinity,Size|Style|Title,2,10
GS,Graduation Stole,graduation-stole-gs,https://printway.io/product/graduation-stole-gs,Accessories,Office & Stationery,11.5,12.5,13,3,5,CN,PG Prints,Style,4,14
LBHD,Leather Badge Holder,leather-badge-holder-lbhd,https://printway.io/product/leather-badge-holder-lbhd,Accessories,Office & Stationery,2.74,3.24,5.74,1,3,VN,Printway,Size|Style,6,6
LBWBL,Leather Badge Holder with Beaded Lanyard,leather-badge-holder-with-beaded-lanyard-lbwbl,https://printway.io/product/leather-badge-holder-with-beaded-lanyard-lbwbl,Accessories,Office & Stationery,4.49,4.99,4.99,1,3,VN,Printway,Size|Style|Title,30,8
LJS,Leather Journal Set,leather-journal-set-ljs,https://printway.io/product/leather-journal-set-ljs,Accessories,Office & Stationery,13,13.5,20.25,3,5,CN,Cjzesty,Color|Style|Title,24,10
LMPWS,Leather Mouse Pad with Wrist Support,leather-mouse-pad-with-wrist-support-lmpws,https://printway.io/product/leather-mouse-pad-with-wrist-support-lmpws,Accessories,Office & Stationery,15.5,16,16,3,5,CN,Cjzesty,Color,3,11
MNT,Magnetic Name Tag,magnetic-name-tag-mnt,https://printway.io/product/magnetic-name-tag-mnt,Accessories,Office & Stationery,2.25,2.75,3.75,1,3,VN,Printway,Material|Style|Size,32,8
MCSR,Mini Craft Scissors,mini-craft-scissors-mcsr,https://printway.io/product/mini-craft-scissors-mcsr,Accessories,Office & Stationery,10.74,11.24,11.24,5,7,CN,Dogeprint,Color,7,10
NSDT,New Style Docking Station,new-style-docking-station-nsdt,https://printway.io/product/new-style-docking-station-nsdt,Accessories,Office & Stationery,10,11,11,1,3,VN,Printway,Color,3,12
PPS,PAINTED PIECES,painted-pieces-pps,https://printway.io/product/painted-pieces-pps,Accessories,Office & Stationery,,,2,1,3,VN,Printway,Material|Style|Size,20,5
PBR,Paint Brush Rack,paint-brush-rack-pbr,https://printway.io/product/paint-brush-rack-pbr,Accessories,Office & Stationery,9.49,10.49,13.49,1,3,VN,Printway,Material|Style|Size,2,7
APC,Paper Clip,paper-clip-apc,https://printway.io/product/paper-clip-apc,Accessories,Office & Stationery,2.55,2.85,3.2,1,3,VN,Printway,Material|Style|Size,30,14
APCUS,Paper Clip - US,paper-clip-us-apcus,https://printway.io/product/paper-clip-us-apcus,Accessories,Office & Stationery,3.54,4.29,6.73,1,3,US,Pentifine,Material|Style|Size,30,8
PC3LWC,Paper Clip with Custom Shape 3-Layer Wooden Charm,paper-clip-with-custom-shape-3-layer-wooden-charm-pc3lwc,https://printway.io/product/paper-clip-with-custom-shape-3-layer-wooden-charm-pc3lwc,Accessories,Office & Stationery,3.49,3.99,3.99,1,3,VN,Printway,Size|Color|Style,8,11
PLSR,Pencil Sharpener,pencil-sharpener-plsr,https://printway.io/product/pencil-sharpener-plsr,Accessories,Office & Stationery,10.04,10.54,10.54,3,5,CN,Dogeprint,Color,4,10
LBHAC,Personalized Leather Badge Holder with Acrylic Beaded Lanyard and Acrylic Charm,personalized-leather-badge-holder-with-acrylic-beaded-lanyard-and-acrylic-charm-lbhac,https://printway.io/product/personalized-leather-badge-holder-with-acrylic-beaded-lanyard-and-acrylic-charm-lbhac,Accessories,Office & Stationery,5,5.5,5.5,1,3,VN,Printway,Size|Style|Title,32,10
PSNH,Personalized Sticky Note Holder,personalized-sticky-note-holder-psnh,https://printway.io/product/personalized-sticky-note-holder-psnh,Accessories,Office & Stationery,7.49,7.99,8.99,1,3,VN,Printway,Size|Style,2,12
WPNH,Personalized Wooden Pencil And Note Holder,personalized-wooden-pencil-and-note-holder-wpnh,https://printway.io/product/personalized-wooden-pencil-and-note-holder-wpnh,Accessories,Office & Stationery,7.49,7.99,7.99,1,3,VN,Printway,Size,1,7
PWRBC,Personalized Wooden Ring Binder Cover,personalized-wooden-ring-binder-cover-pwrbc,https://printway.io/product/personalized-wooden-ring-binder-cover-pwrbc,Accessories,Office & Stationery,7.49,7.99,11.99,1,3,VN,Printway,Size,2,13
SCABM,Suncatcher Acrylic Bookmark,suncatcher-acrylic-bookmark-scabm,https://printway.io/product/suncatcher-acrylic-bookmark-scabm,Accessories,Office & Stationery,2.45,2.95,2.95,1,3,VN,Printway,Color|Size,16,8
WPHWC,Wooden Pen Holder With Clock,wooden-pen-holder-with-clock-wphwc,https://printway.io/product/wooden-pen-holder-with-clock-wphwc,Accessories,Office & Stationery,16,16.5,19.5,3,5,CN,Cjzesty,Color|Style,12,9
WDPB,Wooden Pencil Box,wooden-pencil-box-wdpb,https://printway.io/product/wooden-pencil-box-wdpb,Accessories,Office & Stationery,8.49,9.49,9.49,1,3,VN,Printway,Size,1,6
YECPC,Yarn Embroidery Corduroy Pencil Case,yarn-embroidery-corduroy-pencil-case-yecpc,https://printway.io/product/yarn-embroidery-corduroy-pencil-case-yecpc,Accessories,Office & Stationery,12.24,12.74,13.74,5,7,CN,Relaxlines,Color|Style,24,12
3YEBK,3D Yarn Embroidered Basket,3d-yarn-embroidered-basket-3yebk,https://printway.io/product/3d-yarn-embroidered-basket-3yebk,Accessories,Others,17.24,17.74,23.24,5,7,CN,Dogeprint,Style|Size,8,12
PHF,Custom Shape Photo Hand Fan,custom-shape-photo-hand-fan-phf,https://printway.io/product/custom-shape-photo-hand-fan-phf,Accessories,Others,3.5,4,11,3,5,VN,Winfinity,Size|Style,5,8
ECSIT,Engraved Copper Stethoscope ID Tag,engraved-copper-stethoscope-id-tag-ecsit,https://printway.io/product/engraved-copper-stethoscope-id-tag-ecsit,Accessories,Others,12.24,12.74,13.24,5,7,CN,Dogeprint,Color|Title|Style,12,11
LTLGT1,Leather Luggage Tag,leather-luggage-tag-ltlgt1,https://printway.io/product/leather-luggage-tag-ltlgt1,Accessories,Others,9.24,9.74,10.24,3,5,CN,Dogeprint,Size,3,8
SSTC,Stainless Steel Tie Clip,stainless-steel-tie-clip-sstc,https://printway.io/product/stainless-steel-tie-clip-sstc,Accessories,Others,9.06,9.56,12.94,3,5,CN,Cjzesty,Color|Title|Style,18,12
CBS,Custom Branding,custom-branding-cbs,https://printway.io/product/custom-branding-cbs,Accessories,Packaging,,,1.8,1,3,VN,Printway,Size,4,10
SST,Sticker Sheet,sticker-sheet-sst,https://printway.io/product/sticker-sheet-sst,Accessories,Packaging,3.65,4.15,4.25,2,3,US,Pentifine,Size,2,8
AOPAC,All-Over Print AirPods Case,all-over-print-airpods-case-aopac,https://printway.io/product/all-over-print-airpods-case-aopac,Accessories,Phone Accessories,5,5.5,5.5,3,5,VN,Zenith,Title,7,10
MTPC,All-Over Print Magnetic Touch Phone Case,all-over-print-magnetic-touch-phone-case-mtpc,https://printway.io/product/all-over-print-magnetic-touch-phone-case-mtpc,Accessories,Phone Accessories,6,6.5,6.5,3,5,VN,Zenith,Title,29,9
1LAPDP,Custom Shape 1-Layer Acrylic Phone Dust Plug,custom-shape-1-layer-acrylic-phone-dust-plug-1lapdp,https://printway.io/product/custom-shape-1-layer-acrylic-phone-dust-plug-1lapdp,Accessories,Phone Accessories,1.5,1.8,4.15,1,3,VN,Printway,Size|Style|Title,9,7
1LWPDP,Custom Shape 1-Layer Wooden Phone Dust Plug,custom-shape-1-layer-wooden-phone-dust-plug-1lwpdp,https://printway.io/product/custom-shape-1-layer-wooden-phone-dust-plug-1lwpdp,Accessories,Phone Accessories,1.5,1.8,4.15,1,3,VN,Printway,Size|Style|Title,9,7
AMPGC,Custom Shape Acrylic Magnetic Phone Grip with Rotating Charm,custom-shape-acrylic-magnetic-phone-grip-with-rotating-charm-ampgc,https://printway.io/product/custom-shape-acrylic-magnetic-phone-grip-with-rotating-charm-ampgc,Accessories,Phone Accessories,4.99,5.49,5.99,1,3,VN,Printway,Size,2,8
CSPC,Custom Shape Phone Charm,custom-shape-phone-charm-cspc,https://printway.io/product/custom-shape-phone-charm-cspc,Accessories,Phone Accessories,1.8,2,4.49,1,3,VN,Printway,Material|Size|Color,52,11
CSPH,Custom Shape Phone Holder,custom-shape-phone-holder-csph,https://printway.io/product/custom-shape-phone-holder-csph,Accessories,Phone Accessories,3.24,3.64,7.39,1,3,VN,Printway,Material|Size,4,8
CSSPG,Custom Shape Shaker Phone Grip,custom-shape-shaker-phone-grip-csspg,https://printway.io/product/custom-shape-shaker-phone-grip-csspg,Accessories,Phone Accessories,3.49,3.99,3.99,1,3,VN,Printway,Size,1,9
PC,Phone Case,phone-case-pc,https://printway.io/product/phone-case-pc,Accessories,Phone Accessories,8.75,9.75,15.61,1,3,CN|VN,Printway|Zimo,Style|Title,360,14
BAQ,Adult Black Running Shoes,adult-black-running-shoes-baq,https://printway.io/product/adult-black-running-shoes-baq,Accessories,Shoes,36.5,37.5,37.5,5,7,CN,Forudesigns,Size,14,7
Z64,Adult Black Slide Sandals,adult-black-slide-sandals-z64,https://printway.io/product/adult-black-slide-sandals-z64,Accessories,Shoes,29.5,30.5,30.5,5,7,CN,Forudesigns,Size,10,9
Z39A,Adult White Low Top Canvas Shoes,adult-white-low-top-canvas-shoes-z39a,https://printway.io/product/adult-white-low-top-canvas-shoes-z39a,Accessories,Shoes,36.5,37.5,37.5,5,7,CN,Forudesigns,Size,14,7
AQ,Adult White Running Shoes,adult-white-running-shoes-aq,https://printway.io/product/adult-white-running-shoes-aq,Accessories,Shoes,36.5,37.5,37.5,5,7,CN,Forudesigns,Size,14,7
Z65,Adult White Slide Sandals,adult-white-slide-sandals-z65,https://printway.io/product/adult-white-slide-sandals-z65,Accessories,Shoes,29.5,30.5,30.5,5,7,CN,Forudesigns,Size,11,11
Z38A,Adults Black High Top Canvas Shoes,adults-black-high-top-canvas-shoes-z38a,https://printway.io/product/adults-black-high-top-canvas-shoes-z38a,Accessories,Shoes,37.5,38.5,38.5,5,7,CN,Forudesigns,Size,14,7
Z37A,Adults Black Low Top Canvas Shoes,adults-black-low-top-canvas-shoes-z37a,https://printway.io/product/adults-black-low-top-canvas-shoes-z37a,Accessories,Shoes,37.5,38.5,38.5,5,7,CN,Forudesigns,Size,14,8
Z40A,Adults White High Top Canvas Shoes,adults-white-high-top-canvas-shoes-z40a,https://printway.io/product/adults-white-high-top-canvas-shoes-z40a,Accessories,Shoes,37.5,38.5,38.5,5,7,CN,Forudesigns,Size,14,8
Z68,Black Slip-on Shoes,black-slip-on-shoes-z68,https://printway.io/product/black-slip-on-shoes-z68,Accessories,Shoes,41.5,42.5,42.5,5,7,CN,Forudesigns,Size,11,7
CKS,Chunky Shoes,chunky-shoes-cks,https://printway.io/product/chunky-shoes-cks,Accessories,Shoes,40,41,41,5,7,CN,PG Prints,Color|Size,36,6
CRC,Croc Charms,croc-charms-crc,https://printway.io/product/croc-charms-crc,Accessories,Shoes,,,4.25,1,3,VN,Printway,Style|Size|Title,8,8
AB,Flip Flops,flip-flops-ab,https://printway.io/product/flip-flops-ab,Accessories,Shoes,19.5,20.5,20.5,5,7,CN,Forudesigns,Size,13,7
Z57,Leather boots,leather-boots-z57,https://printway.io/product/leather-boots-z57,Accessories,Shoes,58.5,59.5,59.5,5,7,CN,Forudesigns,Size,19,7
F21,Max Soul Shoes,max-soul-shoes-f21,https://printway.io/product/max-soul-shoes-f21,Accessories,Shoes,36.5,37.5,37.5,5,7,CN,Forudesigns,Color|Size,28,9
Z61,White Adult Mesh Knit Sneakers,white-adult-mesh-knit-sneakers-z61,https://printway.io/product/white-adult-mesh-knit-sneakers-z61,Accessories,Shoes,36.5,37.5,37.5,5,7,CN,Forudesigns,Size,14,6
Z69,White Slip-on Shoes,white-slip-on-shoes-z69,https://printway.io/product/white-slip-on-shoes-z69,Accessories,Shoes,41.5,42.5,42.5,5,7,CN,Forudesigns,Size,11,6
BWDC,Baseball With Display Case,baseball-with-display-case-bwdc,https://printway.io/product/baseball-with-display-case-bwdc,Accessories,Sports,14,14.5,19.5,3,5,CN,Cjzesty,Style,3,8
GTW,Golf Towel,golf-towel-gtw,https://printway.io/product/golf-towel-gtw,Accessories,Sports,14,14.5,17,3,5,CN,Cjzesty,Color|Style,4,11
SPDE,Sports Scarf,sports-scarf-spde,https://printway.io/product/sports-scarf-spde,Accessories,Sports,12.5,13,13,3,5,CN,Dogeprint,Size|,1,7
DCBK,AOP Laundry Basket,aop-laundry-basket-dcbk,https://printway.io/product/aop-laundry-basket-dcbk,Home and Living,Bathroom,17.5,18.5,20,3,5,CN,Relaxlines,Size,2,8
DPKT,Door Cover,door-cover-dpkt,https://printway.io/product/door-cover-dpkt,Home and Living,Bathroom,17.7,18.2,20.4,3,5,CN,Coco,Size,4,7
DKH,Door Knob Hanger,door-knob-hanger-dkh,https://printway.io/product/door-knob-hanger-dkh,Home and Living,Bathroom,3.24,3.74,5.74,1,3,VN,Printway,Style|Material|Size,12,13
TWAU,Towel,towel-twau,https://printway.io/product/towel-twau,Home and Living,Bathroom,1,1,24.73,3,5,AU|US,Custom Cat|Prima,Size,6,15
BEDS,Bedding Set,bedding-set-beds,https://printway.io/product/bedding-set-beds,Home and Living,Beddings,37,38,48.5,5,7,CN,Coco|PG Prints,Size,4,8
QIS,Quilt bedding set,quilt-bedding-set-qis,https://printway.io/product/quilt-bedding-set-qis,Home and Living,Beddings,39,40,59.5,5,7,CN,Coco,Size,7,7
FLBLK,Fleece Blanket,fleece-blanket-flblk,https://printway.io/product/fleece-blanket-flblk,Home and Living,Blankets,8.45,9.45,44.5,1,3,VN|CN|AU,Coco|Dogeprint|Prima|Printway,Size,4,17
FBK,Fleece Blanket -  US,fleece-blanket-us-fbk,https://printway.io/product/fleece-blanket-us-fbk,Home and Living,Blankets,8.74,9.24,14.74,2,3,US,YOYCOL,Size,4,8
QIL,Quilt,quilt-qil,https://printway.io/product/quilt-qil,Home and Living,Blankets,29,30,51.5,5,7,CN,Coco,Size,8,7
WTBLK,Woven Throw Blanket,woven-throw-blanket-wtblk,https://printway.io/product/woven-throw-blanket-wtblk,Home and Living,Blankets,29,30,55,3,5,CN,Cjzesty,Size,3,11
3DWTCB,3D Wooden Tabletop Countdown Calendar Blocks,3d-wooden-tabletop-countdown-calendar-blocks-3dwtcb,https://printway.io/product/3d-wooden-tabletop-countdown-calendar-blocks-3dwtcb,Home and Living,Calendar,9.49,9.99,9.99,1,3,VN,Printway,Size,1,8
CDS,Countdown Desk Sign,countdown-desk-sign-cds,https://printway.io/product/countdown-desk-sign-cds,Home and Living,Calendar,6.5,7,11,1,3,VN,Printway,Material|Style|Size,3,8
CCSWSP,Custom Countdown Sign With Slider Piece,custom-countdown-sign-with-slider-piece-ccswsp,https://printway.io/product/custom-countdown-sign-with-slider-piece-ccswsp,Home and Living,Calendar,10.24,10.74,14.74,1,3,VN,Printway,Material|Size,3,7
1LACH,Custom Shape 1-Layer Acrylic Candle Holder with Wooden Base,custom-shape-1-layer-acrylic-candle-holder-with-wooden-base-1lach,https://printway.io/product/custom-shape-1-layer-acrylic-candle-holder-with-wooden-base-1lach,Home and Living,Calendar,6.49,6.99,10.99,1,3,VN,Printway,Size,3,7
HBWCWS,House Box Wooden Desk Calendar With Storage,house-box-wooden-desk-calendar-with-storage-hbwcws,https://printway.io/product/house-box-wooden-desk-calendar-with-storage-hbwcws,Home and Living,Calendar,16.75,17.25,17.25,1,3,VN,Printway,Size,1,8
ANC,Acrylic Number Cards,acrylic-number-cards-anc,https://printway.io/product/acrylic-number-cards-anc,Home and Living,Cards,,,3.95,1,3,VN,Printway,Size,4,6
CMS,Custom Handwritten Message Card,custom-handwritten-message-card-cms,https://printway.io/product/custom-handwritten-message-card-cms,Home and Living,Cards,,,1.95,1,3,VN,Printway,Size|Color|Style,18,8
1LFAMH,Custom Shape 1-Layer Frosted Acrylic Money Holder,custom-shape-1-layer-frosted-acrylic-money-holder-1lfamh,https://printway.io/product/custom-shape-1-layer-frosted-acrylic-money-holder-1lfamh,Home and Living,Cards,2.95,3.25,3.75,1,3,VN,Printway,Size,3,8
CS1LWGC,Custom Shape 1-Layer Wooden Greeting Card Keeper With Hanging Piece,custom-shape-1-layer-wooden-greeting-card-keeper-with-hanging-piece-cs1lwgc,https://printway.io/product/custom-shape-1-layer-wooden-greeting-card-keeper-with-hanging-piece-cs1lwgc,Home and Living,Cards,6.25,6.75,7.75,1,3,VN,Printway,Size,2,9
CS2LWGC,Custom Shape 2-Layer Wooden Greeting Card,custom-shape-2-layer-wooden-greeting-card-cs2lwgc,https://printway.io/product/custom-shape-2-layer-wooden-greeting-card-cs2lwgc,Home and Living,Cards,5.49,5.99,8.99,1,3,VN,Printway,Size,2,7
3LWSGC,Custom Shape 3-Layer Wooden And Acrylic Gift Card Holder,custom-shape-3-layer-wooden-and-acrylic-gift-card-holder-3lwsgc,https://printway.io/product/custom-shape-3-layer-wooden-and-acrylic-gift-card-holder-3lwsgc,Home and Living,Cards,4.5,5,5,1,3,VN,Printway,Size,1,7
WPZC,Custom Shape 3-Layer Wooden Puzzle Card With Stand,custom-shape-3-layer-wooden-puzzle-card-with-stand-wpzc,https://printway.io/product/custom-shape-3-layer-wooden-puzzle-card-with-stand-wpzc,Home and Living,Cards,5.75,6.25,10.25,1,3,VN,Printway,Size,5,10
CSMHC,Custom Shape Money Holder Card,custom-shape-money-holder-card-csmhc,https://printway.io/product/custom-shape-money-holder-card-csmhc,Home and Living,Cards,6.24,6.74,10.74,1,3,VN,Printway,Material|Size|Color,36,7
WLBCAP,Custom Shape Wooden Loose Leaf Binder Card With Acrylic Pieces,custom-shape-wooden-loose-leaf-binder-card-with-acrylic-pieces-wlbcap,https://printway.io/product/custom-shape-wooden-loose-leaf-binder-card-with-acrylic-pieces-wlbcap,Home and Living,Cards,6.25,6.75,7.75,1,3,VN,Printway,Size,2,7
CSWMC,Custom Shape Wooden Money Gift Card Holder,custom-shape-wooden-money-gift-card-holder-cswmc,https://printway.io/product/custom-shape-wooden-money-gift-card-holder-cswmc,Home and Living,Cards,5.49,5.99,5.99,1,3,VN,Printway,Size,1,7
CWP,Custom Wooden Plaque Card,custom-wooden-plaque-card-cwp,https://printway.io/product/custom-wooden-plaque-card-cwp,Home and Living,Cards,3.25,3.75,3.75,1,3,VN,Printway,Size,1,7
GCS,Gift Card Sleeve,gift-card-sleeve-gcs,https://printway.io/product/gift-card-sleeve-gcs,Home and Living,Cards,6.49,6.99,7.49,1,3,VN,Printway,Material|Size|Style,2,9
MNHC,Money Holder Card,money-holder-card-mnhc,https://printway.io/product/money-holder-card-mnhc,Home and Living,Cards,2.45,2.75,5.5,1,3,VN,Printway,Material|Style|Size,12,13
PMC,Personalized Metal Card,personalized-metal-card-pmc,https://printway.io/product/personalized-metal-card-pmc,Home and Living,Cards,,,2.75,1,3,VN,Printway,Size,1,7
PLCD,Player Card,player-card-plcd,https://printway.io/product/player-card-plcd,Home and Living,Cards,3.97,4.47,13,1,3,VN,Printway,Size,4,9
PCUS,Printed Card - US,printed-card-us-pcus,https://printway.io/product/printed-card-us-pcus,Home and Living,Cards,0.5,0.5,0.5,1,3,US,Pentifine,Size|Style,2,6
WICRD,Wallet Insert Card,wallet-insert-card-wicrd,https://printway.io/product/wallet-insert-card-wicrd,Home and Living,Cards,,,2.75,1,3,VN,Printway,Color|Size|Title,6,14
WICUS,Wallet Insert Card - US,wallet-insert-card-us-wicus,https://printway.io/product/wallet-insert-card-us-wicus,Home and Living,Cards,3.9,4.2,4.54,3,4,US,Pentifine,Color|Size|Title,6,7
WICWE,Wooden Invitation Card With Envelope,wooden-invitation-card-with-envelope-wicwe,https://printway.io/product/wooden-invitation-card-with-envelope-wicwe,Home and Living,Cards,2.65,2.95,2.95,1,3,VN,Printway,Style|Size|Color,6,8
WLLBC,Wooden Loose Leaf Binder Card,wooden-loose-leaf-binder-card-wllbc,https://printway.io/product/wooden-loose-leaf-binder-card-wllbc,Home and Living,Cards,4.24,4.74,6.24,1,3,VN,Printway,Style|Size|Title,4,6
WLL,Wooden Love Letter,wooden-love-letter-wll,https://printway.io/product/wooden-love-letter-wll,Home and Living,Cards,5.49,5.99,5.99,1,3,VN,Printway,Size|Color,12,8
WNC,Wooden Number Cards,wooden-number-cards-wnc,https://printway.io/product/wooden-number-cards-wnc,Home and Living,Cards,3.9,4.2,4.7,1,3,VN,Printway,Size,6,6
WPPC,Wooden Paper Card,wooden-paper-card-wppc,https://printway.io/product/wooden-paper-card-wppc,Home and Living,Cards,4.49,4.99,4.99,1,3,VN,Printway,Material|Size|Color,12,16
DM4060,Door Mat (Sublimation Pet Mat),door-mat-sublimation-pet-mat-dm4060,https://printway.io/product/door-mat-sublimation-pet-mat-dm4060,Home and Living,Floor & Rugs,16.41,16.91,16.91,3,5,AU,Prima,Size,2,10
CP,Doormat,doormat-cp,https://printway.io/product/doormat-cp,Home and Living,Floor & Rugs,14.5,15.5,19.5,3,5,CN,Coco,Size,2,18
ZYRGG,Foldable Round Rug,foldable-round-rug-zyrgg,https://printway.io/product/foldable-round-rug-zyrgg,Home and Living,Floor & Rugs,20,21,44.5,5,7,CN,Relaxlines,Size,5,9
ZYRG,Rectangle Rug,rectangle-rug-zyrg,https://printway.io/product/rectangle-rug-zyrg,Home and Living,Floor & Rugs,33,34,54.5,5,7,CN,Relaxlines,Size,3,9
DMUS,Rubber-Backed Doormat,rubber-backed-doormat-dmus,https://printway.io/product/rubber-backed-doormat-dmus,Home and Living,Floor & Rugs,12.46,12.76,13.29,3,5,US,Gearment,Size,2,11
3DKOWCH,3D Keepsake Ornament With Charm Hook,3d-keepsake-ornament-with-charm-hook-3dkowch,https://printway.io/product/3d-keepsake-ornament-with-charm-hook-3dkowch,Home and Living,Home Decor,10.24,10.74,12.74,1,3,VN,Printway,Material|Size,2,7
FPM,4 Layered Fridge Photo Magnet,4-layered-fridge-photo-magnet-fpm,https://printway.io/product/4-layered-fridge-photo-magnet-fpm,Home and Living,Home Decor,4.7,5.2,11.25,1,3,VN,Printway,Size|Style|Material,30,14
5LFPM,5 Layered Fridge Photo Magnet,5-layered-fridge-photo-magnet-5lfpm,https://printway.io/product/5-layered-fridge-photo-magnet-5lfpm,Home and Living,Home Decor,5.7,6.2,12.25,1,3,VN,Printway,Size|Style|Material,30,6
TB,AOP Banner,aop-banner-tb,https://printway.io/product/aop-banner-tb,Home and Living,Home Decor,12,13,14,3,5,CN,Dogeprint,Size,2,7
ACRC,Acrylic Daily Routine Chart,acrylic-daily-routine-chart-acrc,https://printway.io/product/acrylic-daily-routine-chart-acrc,Home and Living,Home Decor,6.49,6.99,13.49,1,3,VN,Printway,Size,6,9
ADP,Acrylic Desk Plaque,acrylic-desk-plaque-adp,https://printway.io/product/acrylic-desk-plaque-adp,Home and Living,Home Decor,4.99,5.49,6.7,1,3,VN,Printway,Material|Size,12,13
ACP,Acrylic Plaque,acrylic-plaque-acp,https://printway.io/product/acrylic-plaque-acp,Home and Living,Home Decor,5.38,5.88,7.17,1,3,VN,Printway,Material|Size,4,6
ACRWWS,Acrylic Record With Wooden Stand,acrylic-record-with-wooden-stand-acrwws,https://printway.io/product/acrylic-record-with-wooden-stand-acrwws,Home and Living,Home Decor,11.67,12.92,17.62,1,3,VN,Printway,Size|Title,4,8
CMDWRC,Candle Memorial Display With Rocking Chair,candle-memorial-display-with-rocking-chair-cmdwrc,https://printway.io/product/candle-memorial-display-with-rocking-chair-cmdwrc,Home and Living,Home Decor,8.24,8.74,10.74,1,3,VN,Printway,Material|Size|Style,2,7
CBFV,Ceramic Bloom Flower Vase,ceramic-bloom-flower-vase-cbfv,https://printway.io/product/ceramic-bloom-flower-vase-cbfv,Home and Living,Home Decor,14.25,14.75,26.25,3,5,CN,Cjzesty,Size|Style,6,8
CBV,Ceramic Book Vase,ceramic-book-vase-cbv,https://printway.io/product/ceramic-book-vase-cbv,Home and Living,Home Decor,18.75,19.25,21.75,3,5,CN,Cjzesty,Size,2,8
CFDV,Ceramic Flower And Decorative Vase,ceramic-flower-and-decorative-vase-cfdv,https://printway.io/product/ceramic-flower-and-decorative-vase-cfdv,Home and Living,Home Decor,18.25,18.75,23.75,3,5,CN,Cjzesty,Size|Style,6,10
CFLV,Ceramic Flower Vase,ceramic-flower-vase-cflv,https://printway.io/product/ceramic-flower-vase-cflv,Home and Living,Home Decor,5.49,5.99,8.99,1,3,VN,Printway,Size,4,12
CFVUS,Ceramic Flower Vase - US,ceramic-flower-vase-us-cfvus,https://printway.io/product/ceramic-flower-vase-us-cfvus,Home and Living,Home Decor,8.74,9.24,9.24,3,4,US,Pentifine,Size,1,10
CMPP,Ceramic Plant Pot,ceramic-plant-pot-cmpp,https://printway.io/product/ceramic-plant-pot-cmpp,Home and Living,Home Decor,5.94,6.44,6.44,1,3,VN,Printway,Size,1,11
CPGCT,Ceramic Pot with Glass Christmas Tree,ceramic-pot-with-glass-christmas-tree-cpgct,https://printway.io/product/ceramic-pot-with-glass-christmas-tree-cpgct,Home and Living,Home Decor,14,14.5,14.5,3,5,CN,Cjzesty,Style,4,9
CVWGF,Ceramic Vase With Glass Flowers,ceramic-vase-with-glass-flowers-cvwgf,https://printway.io/product/ceramic-vase-with-glass-flowers-cvwgf,Home and Living,Home Decor,4.5,5,16.5,3,5,CN,Cjzesty,Style,25,9
CSMG,Charm Spinner Magnet,charm-spinner-magnet-csmg,https://printway.io/product/charm-spinner-magnet-csmg,Home and Living,Home Decor,4.15,4.45,8.95,1,3,VN,Printway,Material|Style|Size,32,10
CHC,Chore Chart,chore-chart-chc,https://printway.io/product/chore-chart-chc,Home and Living,Home Decor,8.24,8.74,17.74,1,3,VN,Printway,Style|Size,5,6
CMSKUK,Christmas Stocking,christmas-stocking-cmskuk,https://printway.io/product/christmas-stocking-cmskuk,Home and Living,Home Decor,13.55,14.05,14.05,3,5,GB,Print Clever,Size,1,7
CMSK,Christmas Stocking,christmas-stocking-cmsk,https://printway.io/product/christmas-stocking-cmsk,Home and Living,Home Decor,11.95,12.45,12.45,3,5,CN,Coco,Color|Size,3,7
CCWH,Countdown Calendar With Hooks,countdown-calendar-with-hooks-ccwh,https://printway.io/product/countdown-calendar-with-hooks-ccwh,Home and Living,Home Decor,7,7.5,13,1,3,VN,Printway,Material|Size|Style,12,7
CSCWT,Countdown Standing Calendar With Tray,countdown-standing-calendar-with-tray-cscwt,https://printway.io/product/countdown-standing-calendar-with-tray-cscwt,Home and Living,Home Decor,11.49,11.99,11.99,1,3,VN,Printway,Material|Size,1,6
DSFC,Crystal Display Shelf,crystal-display-shelf-dsfc,https://printway.io/product/crystal-display-shelf-dsfc,Home and Living,Home Decor,10.49,10.99,10.99,1,3,VN,Printway,Material|Style|Size,1,6
3DRMC,Custom 3D Relief Metal Coin,custom-3d-relief-metal-coin-3drmc,https://printway.io/product/custom-3d-relief-metal-coin-3drmc,Home and Living,Home Decor,8.05,8.35,14.2,1,3,VN,Printway,Size|Color|Style,15,7
3DRMCUS,Custom 3D Relief Metal Coin - US,custom-3d-relief-metal-coin-us-3drmcus,https://printway.io/product/custom-3d-relief-metal-coin-us-3drmcus,Home and Living,Home Decor,4.75,5.25,22.85,1,3,US,Pentifine,Size|Color|Style,12,8
4LWSD,Custom 4-Layer Wooden Shelf Display,custom-4-layer-wooden-shelf-display-4lwsd,https://printway.io/product/custom-4-layer-wooden-shelf-display-4lwsd,Home and Living,Home Decor,11.5,12,12,1,3,VN,Printway,Size,1,8
CACLH,Custom Acrylic Charm with Loop Hook,custom-acrylic-charm-with-loop-hook-caclh,https://printway.io/product/custom-acrylic-charm-with-loop-hook-caclh,Home and Living,Home Decor,5.1,5.5,9.5,1,3,VN,Printway,Style,4,7
ASNLWPWB,Custom Acrylic Shaker Night Light With Pine Wood Base,custom-acrylic-shaker-night-light-with-pine-wood-base-asnlwpwb,https://printway.io/product/custom-acrylic-shaker-night-light-with-pine-wood-base-asnlwpwb,Home and Living,Home Decor,9.49,9.99,12.49,1,3,VN,Printway,Style|Size,4,10
CACT,Custom Animal Coasters,custom-animal-coasters-cact,https://printway.io/product/custom-animal-coasters-cact,Home and Living,Home Decor,7.74,8.24,8.24,1,3,VN,Printway,Material|Size,1,5
CCWPH,Custom Calendar With Picture Holder,custom-calendar-with-picture-holder-ccwph,https://printway.io/product/custom-calendar-with-picture-holder-ccwph,Home and Living,Home Decor,3.75,4.25,5.25,1,3,VN,Printway,Material|Size|Style,2,6
CDRC,Custom Daily Routine Chart,custom-daily-routine-chart-cdrc,https://printway.io/product/custom-daily-routine-chart-cdrc,Home and Living,Home Decor,5.49,5.99,10.99,1,3,VN,Printway,Material|Style|Size,24,10
CDC,Custom Desk Calendar,custom-desk-calendar-cdc,https://printway.io/product/custom-desk-calendar-cdc,Home and Living,Home Decor,5,6,8,1,3,VN,Printway,Material|Size,2,6
CFFB,Custom Flower Frame Box,custom-flower-frame-box-cffb,https://printway.io/product/custom-flower-frame-box-cffb,Home and Living,Home Decor,20.7,21.7,27.8,5,8,CN,Relaxlines,Size|Color,9,10
CMFM,Custom Music Fridge Magnet,custom-music-fridge-magnet-cmfm,https://printway.io/product/custom-music-fridge-magnet-cmfm,Home and Living,Home Decor,16.74,17.24,17.24,5,7,CN,Dogeprint,Size,1,7
CRK,Custom Reveal Keepsake,custom-reveal-keepsake-crk,https://printway.io/product/custom-reveal-keepsake-crk,Home and Living,Home Decor,4.99,5.49,5.49,1,3,VN,Printway,Material|Style|Size,1,7
1LABWC,Custom Shape 1-Layer Acrylic Block With Charm,custom-shape-1-layer-acrylic-block-with-charm-1labwc,https://printway.io/product/custom-shape-1-layer-acrylic-block-with-charm-1labwc,Home and Living,Home Decor,8.5,9,9,1,3,VN,Printway,Size,1,7
CSADS,Custom Shape 1-Layer Acrylic Desk Sign,custom-shape-1-layer-acrylic-desk-sign-csads,https://printway.io/product/custom-shape-1-layer-acrylic-desk-sign-csads,Home and Living,Home Decor,7,7.5,14.5,1,3,VN,Printway,Size,4,7
1LAPDS,Custom Shape 1-Layer Acrylic Photo Drink Stirrer,custom-shape-1-layer-acrylic-photo-drink-stirrer-1lapds,https://printway.io/product/custom-shape-1-layer-acrylic-photo-drink-stirrer-1lapds,Home and Living,Home Decor,,,2.2,1,3,VN,Printway,Size|Style,2,7
1LARF,Custom Shape 1-Layer Acrylic Rotating Picture Frame,custom-shape-1-layer-acrylic-rotating-picture-frame-1larf,https://printway.io/product/custom-shape-1-layer-acrylic-rotating-picture-frame-1larf,Home and Living,Home Decor,9.49,9.99,9.99,1,3,VN,Printway,Size,1,9
1LARS,Custom Shape 1-Layer Acrylic Rotating Stand,custom-shape-1-layer-acrylic-rotating-stand-1lars,https://printway.io/product/custom-shape-1-layer-acrylic-rotating-stand-1lars,Home and Living,Home Decor,8.49,8.99,8.99,1,3,VN,Printway,Size,1,9
1LASS,Custom Shape 1-Layer Acrylic Stir Stick,custom-shape-1-layer-acrylic-stir-stick-1lass,https://printway.io/product/custom-shape-1-layer-acrylic-stir-stick-1lass,Home and Living,Home Decor,2.15,2.45,5.95,1,3,VN,Printway,Size|Style,6,8
1LASC,Custom Shape 1-Layer Acrylic Suncatcher Sign,custom-shape-1-layer-acrylic-suncatcher-sign-1lasc,https://printway.io/product/custom-shape-1-layer-acrylic-suncatcher-sign-1lasc,Home and Living,Home Decor,10.49,10.99,15.99,1,3,VN,Printway,Size|Style,2,8
1LASWS,Custom Shape 1-Layer Acrylic Suncatcher with Display Stand,custom-shape-1-layer-acrylic-suncatcher-with-display-stand-1lasws,https://printway.io/product/custom-shape-1-layer-acrylic-suncatcher-with-display-stand-1lasws,Home and Living,Home Decor,6.49,6.99,7.99,1,3,VN,Printway,Style|Title,2,7
1LATS,Custom Shape 1-Layer Acrylic Table Tag Sign,custom-shape-1-layer-acrylic-table-tag-sign-1lats,https://printway.io/product/custom-shape-1-layer-acrylic-table-tag-sign-1lats,Home and Living,Home Decor,7.49,7.99,7.99,1,3,VN,Printway,Size,1,7
1LFADS,Custom Shape 1-Layer Frosted Acrylic Desk Sign,custom-shape-1-layer-frosted-acrylic-desk-sign-1lfads,https://printway.io/product/custom-shape-1-layer-frosted-acrylic-desk-sign-1lfads,Home and Living,Home Decor,7,7.5,8.5,1,3,VN,Printway,Size,2,7
1LHFWAV,Custom Shape 1-Layer Hologram Flowers With Acrylic Book Vase,custom-shape-1-layer-hologram-flowers-with-acrylic-book-vase-1lhfwav,https://printway.io/product/custom-shape-1-layer-hologram-flowers-with-acrylic-book-vase-1lhfwav,Home and Living,Home Decor,4.5,5,18.75,1,3,VN,Printway,Material|Title|Style,54,9
1LMACT,Custom Shape 1-Layer Mirror Acrylic Cake Topper,custom-shape-1-layer-mirror-acrylic-cake-topper-1lmact,https://printway.io/product/custom-shape-1-layer-mirror-acrylic-cake-topper-1lmact,Home and Living,Home Decor,4.25,4.75,8,1,3,VN,Printway,Size|Color|Style,20,8
1LMAPS,Custom Shape 1-Layer Mirror Acrylic Plant Stake,custom-shape-1-layer-mirror-acrylic-plant-stake-1lmaps,https://printway.io/product/custom-shape-1-layer-mirror-acrylic-plant-stake-1lmaps,Home and Living,Home Decor,4.49,4.99,5.49,1,3,VN,Printway,Size|Color|Style,4,8
1LMASWC,Custom Shape 1-Layer Mirror Acrylic Plant Stake with Crystal Charm,custom-shape-1-layer-mirror-acrylic-plant-stake-with-crystal-charm-1lmaswc,https://printway.io/product/custom-shape-1-layer-mirror-acrylic-plant-stake-with-crystal-charm-1lmaswc,Home and Living,Home Decor,6.49,6.99,7.99,1,3,VN,Printway,Size|Color|Style,8,8
CSMAS,Custom Shape 1-Layer Mirror Acrylic Standing,custom-shape-1-layer-mirror-acrylic-standing-csmas,https://printway.io/product/custom-shape-1-layer-mirror-acrylic-standing-csmas,Home and Living,Home Decor,5.25,5.75,6.75,1,3,VN,Printway,Size|Color|Style,4,7
1LMAS,Custom Shape 1-Layer Mirror Acrylic Stirrers,custom-shape-1-layer-mirror-acrylic-stirrers-1lmas,https://printway.io/product/custom-shape-1-layer-mirror-acrylic-stirrers-1lmas,Home and Living,Home Decor,1.9,2.2,5.95,1,3,VN,Printway,Size|Color|Style,24,10
1L3DPC,Custom Shape 1-Layer Wooden 3D Pop-Up Card,custom-shape-1-layer-wooden-3d-pop-up-card-1l3dpc,https://printway.io/product/custom-shape-1-layer-wooden-3d-pop-up-card-1l3dpc,Home and Living,Home Decor,2.49,2.99,2.99,1,3,VN,Printway,Size,1,7
1LWBH,Custom Shape 1-Layer Wooden Book Holder With Books Read Tracker,custom-shape-1-layer-wooden-book-holder-with-books-read-tracker-1lwbh,https://printway.io/product/custom-shape-1-layer-wooden-book-holder-with-books-read-tracker-1lwbh,Home and Living,Home Decor,16.5,17,17,1,3,VN,Printway,Size,1,8
1LWBS,Custom Shape 1-Layer Wooden Bookcase Sign,custom-shape-1-layer-wooden-bookcase-sign-1lwbs,https://printway.io/product/custom-shape-1-layer-wooden-bookcase-sign-1lwbs,Home and Living,Home Decor,3.4,3.7,4.2,1,3,VN,Printway,Size,3,7
WCHWM,Custom Shape 1-Layer Wooden Card Holder With Money Tray,custom-shape-1-layer-wooden-card-holder-with-money-tray-wchwm,https://printway.io/product/custom-shape-1-layer-wooden-card-holder-with-money-tray-wchwm,Home and Living,Home Decor,3.49,3.99,3.99,1,3,VN,Printway,Size,1,7
CSWDS,Custom Shape 1-Layer Wooden Desk Sign,custom-shape-1-layer-wooden-desk-sign-cswds,https://printway.io/product/custom-shape-1-layer-wooden-desk-sign-cswds,Home and Living,Home Decor,6.5,7,7,1,3,VN,Printway,Size,1,9
WEHB,Custom Shape 1-Layer Wooden Egg Holder Basket,custom-shape-1-layer-wooden-egg-holder-basket-wehb,https://printway.io/product/custom-shape-1-layer-wooden-egg-holder-basket-wehb,Home and Living,Home Decor,8.49,8.99,8.99,1,3,VN,Printway,Size,1,7
SLWHD,Custom Shape 1-Layer Wooden Hanging Display Stand,custom-shape-1-layer-wooden-hanging-display-stand-slwhd,https://printway.io/product/custom-shape-1-layer-wooden-hanging-display-stand-slwhd,Home and Living,Home Decor,8.49,8.99,8.99,1,3,VN,Printway,Size,1,7
WPC,Custom Shape 1-Layer Wooden Pendulum Clock,custom-shape-1-layer-wooden-pendulum-clock-wpc,https://printway.io/product/custom-shape-1-layer-wooden-pendulum-clock-wpc,Home and Living,Home Decor,15.49,15.99,15.99,1,3,VN,Printway,Size,1,8
1LWPDS,Custom Shape 1-Layer Wooden Photo Drink Stirrer,custom-shape-1-layer-wooden-photo-drink-stirrer-1lwpds,https://printway.io/product/custom-shape-1-layer-wooden-photo-drink-stirrer-1lwpds,Home and Living,Home Decor,,,2.2,1,3,VN,Printway,Size|Style,2,7
1LWPPS,Custom Shape 1-Layer Wooden Plant Propagation Station,custom-shape-1-layer-wooden-plant-propagation-station-1lwpps,https://printway.io/product/custom-shape-1-layer-wooden-plant-propagation-station-1lwpps,Home and Living,Home Decor,3.49,3.99,5.99,1,3,VN,Printway,Size|Style,2,8
1LWSP,Custom Shape 1-Layer Wooden Shelf Sitter Plaque,custom-shape-1-layer-wooden-shelf-sitter-plaque-1lwsp,https://printway.io/product/custom-shape-1-layer-wooden-shelf-sitter-plaque-1lwsp,Home and Living,Home Decor,5.5,6,6,1,3,VN,Printway,Size,1,8
WSHCC,Custom Shape 1-Layer Wooden Stand Hanging Crystal Charm,custom-shape-1-layer-wooden-stand-hanging-crystal-charm-wshcc,https://printway.io/product/custom-shape-1-layer-wooden-stand-hanging-crystal-charm-wshcc,Home and Living,Home Decor,2.74,3.24,8.99,1,3,VN,Printway,Size|Style|Title,12,11
1LWSMC,Custom Shape 1-Layer Wooden Standing With Memorial Charm,custom-shape-1-layer-wooden-standing-with-memorial-charm-1lwsmc,https://printway.io/product/custom-shape-1-layer-wooden-standing-with-memorial-charm-1lwsmc,Home and Living,Home Decor,6,6.5,9,1,3,VN,Printway,Size|Style,6,7
CSWTS,Custom Shape 1-Layer Wooden Table Tag Sign,custom-shape-1-layer-wooden-table-tag-sign-cswts,https://printway.io/product/custom-shape-1-layer-wooden-table-tag-sign-cswts,Home and Living,Home Decor,5.49,5.99,5.99,1,3,VN,Printway,Size,1,9
1LWUH,Custom Shape 1-Layer Wooden Utensil Holder with Bottle Opener,custom-shape-1-layer-wooden-utensil-holder-with-bottle-opener-1lwuh,https://printway.io/product/custom-shape-1-layer-wooden-utensil-holder-with-bottle-opener-1lwuh,Home and Living,Home Decor,8.49,8.99,12.99,1,3,VN,Printway,Size,3,6
WCWC,Custom Shape 1-Layer Wooden Wind Chime With Crystal Charm,custom-shape-1-layer-wooden-wind-chime-with-crystal-charm-wcwc,https://printway.io/product/custom-shape-1-layer-wooden-wind-chime-with-crystal-charm-wcwc,Home and Living,Home Decor,12.49,12.99,14.49,1,3,VN,Printway,Size|Style|Title,6,9
2L3DAFM,Custom Shape 2-Layer 3D Acrylic Fridge Magnet,custom-shape-2-layer-3d-acrylic-fridge-magnet-2l3dafm,https://printway.io/product/custom-shape-2-layer-3d-acrylic-fridge-magnet-2l3dafm,Home and Living,Home Decor,3.5,4,4,1,3,VN,Printway,Size,1,8
2LMBWC,Custom Shape 2-Layer Acrylic And Wooden Suncatcher Bookshelf Sign With Wooden Number Cards,custom-shape-2-layer-acrylic-and-wooden-suncatcher-bookshelf-sign-with-wooden-number-cards-2lmbwc,https://printway.io/product/custom-shape-2-layer-acrylic-and-wooden-suncatcher-bookshelf-sign-with-wooden-number-cards-2lmbwc,Home and Living,Home Decor,6.75,7.25,11.25,1,3,VN,Printway,Size,4,8
2LFMAS,Custom Shape 2-Layer Frosted And Mirror Acrylic Sign,custom-shape-2-layer-frosted-and-mirror-acrylic-sign-2lfmas,https://printway.io/product/custom-shape-2-layer-frosted-and-mirror-acrylic-sign-2lfmas,Home and Living,Home Decor,8.49,8.99,55.99,1,3,VN,Printway,Size|Color|Style,12,9
2LMAS,Custom Shape 2-Layer Mirror Acrylic Sign,custom-shape-2-layer-mirror-acrylic-sign-2lmas,https://printway.io/product/custom-shape-2-layer-mirror-acrylic-sign-2lmas,Home and Living,Home Decor,8.49,8.99,55.99,1,3,VN,Printway,Size|Color|Style,24,15
WASB,Custom Shape 2-Layer Wooden And Acrylic Sign With Base,custom-shape-2-layer-wooden-and-acrylic-sign-with-base-wasb,https://printway.io/product/custom-shape-2-layer-wooden-and-acrylic-sign-with-base-wasb,Home and Living,Home Decor,17,18,24,1,3,VN,Printway,Size,3,8
2LSWCCC,Custom Shape 2-Layer Wooden And Acrylic Suncatcher Wind Chime With Crystal Charm,custom-shape-2-layer-wooden-and-acrylic-suncatcher-wind-chime-with-crystal-charm-2lswccc,https://printway.io/product/custom-shape-2-layer-wooden-and-acrylic-suncatcher-wind-chime-with-crystal-charm-2lswccc,Home and Living,Home Decor,12.49,12.99,14.49,1,3,VN,Printway,Size|Style|Title,6,8
2LWMAP,Custom Shape 2-Layer Wooden And Mirror Acrylic Art Pieces,custom-shape-2-layer-wooden-and-mirror-acrylic-art-pieces-2lwmap,https://printway.io/product/custom-shape-2-layer-wooden-and-mirror-acrylic-art-pieces-2lwmap,Home and Living,Home Decor,13,13.5,13.5,1,3,VN,Printway,Size|Color,2,8
2LWBDH,Custom Shape 2-Layer Wooden Baseball Display Holder,custom-shape-2-layer-wooden-baseball-display-holder-2lwbdh,https://printway.io/product/custom-shape-2-layer-wooden-baseball-display-holder-2lwbdh,Home and Living,Home Decor,6.49,6.99,6.99,1,3,VN,Printway,Size,1,9
2LWBSRC,Custom Shape 2-Layer Wooden Book Stand With Reading Counter,custom-shape-2-layer-wooden-book-stand-with-reading-counter-2lwbsrc,https://printway.io/product/custom-shape-2-layer-wooden-book-stand-with-reading-counter-2lwbsrc,Home and Living,Home Decor,18.49,18.99,18.99,1,3,VN,Printway,Size,1,6
2LWBS,Custom Shape 2-Layer Wooden Bookcase Sign,custom-shape-2-layer-wooden-bookcase-sign-2lwbs,https://printway.io/product/custom-shape-2-layer-wooden-bookcase-sign-2lwbs,Home and Living,Home Decor,3.5,4,5,1,3,VN,Printway,Size,3,8
2LBSWC,Custom Shape 2-Layer Wooden Bookshelf Sign With Wooden Number Cards,custom-shape-2-layer-wooden-bookshelf-sign-with-wooden-number-cards-2lbswc,https://printway.io/product/custom-shape-2-layer-wooden-bookshelf-sign-with-wooden-number-cards-2lbswc,Home and Living,Home Decor,6.75,7.25,11.25,1,3,VN,Printway,Size,4,8
2LWCB,Custom Shape 2-Layer Wooden Celebrations Board,custom-shape-2-layer-wooden-celebrations-board-2lwcb,https://printway.io/product/custom-shape-2-layer-wooden-celebrations-board-2lwcb,Home and Living,Home Decor,21.49,21.99,23.99,1,3,VN,Printway,Size|Style,3,12
2LWFRH,Custom Shape 2-Layer Wooden Fishing Rod Holder,custom-shape-2-layer-wooden-fishing-rod-holder-2lwfrh,https://printway.io/product/custom-shape-2-layer-wooden-fishing-rod-holder-2lwfrh,Home and Living,Home Decor,19.49,19.99,19.99,1,3,VN,Printway,Size,1,7
2LWHCAB,Custom Shape 2-Layer Wooden Hanging Decor with Charms And Beads,custom-shape-2-layer-wooden-hanging-decor-with-charms-and-beads-2lwhcab,https://printway.io/product/custom-shape-2-layer-wooden-hanging-decor-with-charms-and-beads-2lwhcab,Home and Living,Home Decor,6.49,6.99,7.99,1,3,VN,Printway,Size,2,8
2LWPW,Custom Shape 2-Layer Wooden Portable Wrist,custom-shape-2-layer-wooden-portable-wrist-2lwpw,https://printway.io/product/custom-shape-2-layer-wooden-portable-wrist-2lwpw,Home and Living,Home Decor,6.49,6.99,6.99,1,3,VN,Printway,Size|Color,4,7
2LWSD,Custom Shape 2-Layer Wooden Standing,custom-shape-2-layer-wooden-standing-2lwsd,https://printway.io/product/custom-shape-2-layer-wooden-standing-2lwsd,Home and Living,Home Decor,5.49,5.99,10.99,1,3,VN,Printway,Size|Style,6,9
WTPS,Custom Shape 2-Layer Wooden Thumb Page Spreader,custom-shape-2-layer-wooden-thumb-page-spreader-wtps,https://printway.io/product/custom-shape-2-layer-wooden-thumb-page-spreader-wtps,Home and Living,Home Decor,,,5,1,3,VN,Printway,Size,1,8
3LAFM,Custom Shape 3-Layer Acrylic Fridge Magnet,custom-shape-3-layer-acrylic-fridge-magnet-3lafm,https://printway.io/product/custom-shape-3-layer-acrylic-fridge-magnet-3lafm,Home and Living,Home Decor,5,5.5,6.75,1,3,VN,Printway,Size,6,7
3LARS,Custom Shape 3-Layer Acrylic Rotating Standee,custom-shape-3-layer-acrylic-rotating-standee-3lars,https://printway.io/product/custom-shape-3-layer-acrylic-rotating-standee-3lars,Home and Living,Home Decor,5.25,5.75,5.75,1,3,VN,Printway,Size,1,9
3LAWS,Custom Shape 3-Layer Acrylic and Wood Standing,custom-shape-3-layer-acrylic-and-wood-standing-3laws,https://printway.io/product/custom-shape-3-layer-acrylic-and-wood-standing-3laws,Home and Living,Home Decor,7,8,9,1,3,VN,Printway,Size,2,7
3LIWS,Custom Shape 3-Layer Interchangeable Wooden Sign,custom-shape-3-layer-interchangeable-wooden-sign-3liws,https://printway.io/product/custom-shape-3-layer-interchangeable-wooden-sign-3liws,Home and Living,Home Decor,9.5,10,10,1,3,VN,Printway,Size,1,10
3LWAM,Custom Shape 3-Layer Wooden And Acrylic Mirror,custom-shape-3-layer-wooden-and-acrylic-mirror-3lwam,https://printway.io/product/custom-shape-3-layer-wooden-and-acrylic-mirror-3lwam,Home and Living,Home Decor,11.49,11.99,15.99,1,3,VN,Printway,Size|Color|Style,6,7
3LPWA,Custom Shape 3-Layer Wooden And Acrylic Plaque With Acrylic Art Pieces,custom-shape-3-layer-wooden-and-acrylic-plaque-with-acrylic-art-pieces-3lpwa,https://printway.io/product/custom-shape-3-layer-wooden-and-acrylic-plaque-with-acrylic-art-pieces-3lpwa,Home and Living,Home Decor,9.49,9.99,9.99,1,3,VN,Printway,Size,1,10
WASDN,Custom Shape 3-Layer Wooden And Acrylic Shaker Desk Name Sign,custom-shape-3-layer-wooden-and-acrylic-shaker-desk-name-sign-wasdn,https://printway.io/product/custom-shape-3-layer-wooden-and-acrylic-shaker-desk-name-sign-wasdn,Home and Living,Home Decor,8.49,8.99,10.99,1,3,VN,Printway,Size,2,8
3LT2LC,Custom Shape 3-Layer Wooden And Acrylic Tag With 2-Layer Charms,custom-shape-3-layer-wooden-and-acrylic-tag-with-2-layer-charms-3lt2lc,https://printway.io/product/custom-shape-3-layer-wooden-and-acrylic-tag-with-2-layer-charms-3lt2lc,Home and Living,Home Decor,6.49,6.99,6.99,1,3,VN,Printway,Material|Size,1,8
3LWBMF,Custom Shape 3-Layer Wooden Bundle Magnetic Photo Frame,custom-shape-3-layer-wooden-bundle-magnetic-photo-frame-3lwbmf,https://printway.io/product/custom-shape-3-layer-wooden-bundle-magnetic-photo-frame-3lwbmf,Home and Living,Home Decor,9.5,10,10.5,1,3,VN,Printway,Size,2,8
3LWFM,Custom Shape 3-Layer Wooden Fridge Magnet,custom-shape-3-layer-wooden-fridge-magnet-3lwfm,https://printway.io/product/custom-shape-3-layer-wooden-fridge-magnet-3lwfm,Home and Living,Home Decor,4.5,5,6.25,1,3,VN,Printway,Size,6,8
WFMBO,Custom Shape 3-Layer Wooden Fridge Magnet Bottle Opener,custom-shape-3-layer-wooden-fridge-magnet-bottle-opener-wfmbo,https://printway.io/product/custom-shape-3-layer-wooden-fridge-magnet-bottle-opener-wfmbo,Home and Living,Home Decor,4.5,5,5,1,3,VN,Printway,Size,1,7
3LWTFD,Custom Shape 3-Layer Wooden Tooth Fairy Door Hanger With Holder Bag,custom-shape-3-layer-wooden-tooth-fairy-door-hanger-with-holder-bag-3lwtfd,https://printway.io/product/custom-shape-3-layer-wooden-tooth-fairy-door-hanger-with-holder-bag-3lwtfd,Home and Living,Home Decor,6.49,6.99,6.99,1,3,VN,Printway,Size,1,8
CS3DAB,Custom Shape 3D Acrylic Block,custom-shape-3d-acrylic-block-cs3dab,https://printway.io/product/custom-shape-3d-acrylic-block-cs3dab,Home and Living,Home Decor,7.5,8,14.5,1,3,VN,Printway,Size,12,9
3DADC,Custom Shape 3D Acrylic Display Case,custom-shape-3d-acrylic-display-case-3dadc,https://printway.io/product/custom-shape-3d-acrylic-display-case-3dadc,Home and Living,Home Decor,12.49,12.99,12.99,1,3,VN,Printway,Size,1,8
3DAFM,Custom Shape 3D Acrylic Fridge Magnet,custom-shape-3d-acrylic-fridge-magnet-3dafm,https://printway.io/product/custom-shape-3d-acrylic-fridge-magnet-3dafm,Home and Living,Home Decor,3,3.5,3.5,1,3,VN,Printway,Size,1,8
3DWFM,Custom Shape 3D Wooden Fridge Magnet,custom-shape-3d-wooden-fridge-magnet-3dwfm,https://printway.io/product/custom-shape-3d-wooden-fridge-magnet-3dwfm,Home and Living,Home Decor,,,3.5,1,3,VN,Printway,Size,1,8
3DWS,Custom Shape 3D Wooden Sign Wall Hanging,custom-shape-3d-wooden-sign-wall-hanging-3dws,https://printway.io/product/custom-shape-3d-wooden-sign-wall-hanging-3dws,Home and Living,Home Decor,9.49,9.99,9.99,1,3,VN,Printway,Size,1,9
AWSWL,Custom Shape 4-Layer Acrylic And Wooden Standing With Led Light,custom-shape-4-layer-acrylic-and-wooden-standing-with-led-light-awswl,https://printway.io/product/custom-shape-4-layer-acrylic-and-wooden-standing-with-led-light-awswl,Home and Living,Home Decor,10.49,10.99,13.99,1,3,VN,Printway,Size|Style,4,8
4LAPHM,Custom Shape 4-Layer Acrylic Magnetic Photo Holder,custom-shape-4-layer-acrylic-magnetic-photo-holder-4laphm,https://printway.io/product/custom-shape-4-layer-acrylic-magnetic-photo-holder-4laphm,Home and Living,Home Decor,5.49,5.99,5.99,1,3,VN,Printway,Size,1,8
ARPFW,Custom Shape 4-Layer Acrylic Rotating Photo Frame With Stand,custom-shape-4-layer-acrylic-rotating-photo-frame-with-stand-arpfw,https://printway.io/product/custom-shape-4-layer-acrylic-rotating-photo-frame-with-stand-arpfw,Home and Living,Home Decor,9.5,10,10,1,3,VN,Printway,Size,1,7
4LWASNS,Custom Shape 4-Layer Wooden And Acrylic Shaker Desk Name Sign,custom-shape-4-layer-wooden-and-acrylic-shaker-desk-name-sign-4lwasns,https://printway.io/product/custom-shape-4-layer-wooden-and-acrylic-shaker-desk-name-sign-4lwasns,Home and Living,Home Decor,10.49,10.99,12.99,1,3,VN,Printway,Size,2,8
4LWLC,Custom Shape 4-Layer Wooden Lent Calendar,custom-shape-4-layer-wooden-lent-calendar-4lwlc,https://printway.io/product/custom-shape-4-layer-wooden-lent-calendar-4lwlc,Home and Living,Home Decor,12.49,12.99,14.99,1,3,VN,Printway,Size,2,7
4LWPHM,Custom Shape 4-Layer Wooden Magnetic Photo Holder,custom-shape-4-layer-wooden-magnetic-photo-holder-4lwphm,https://printway.io/product/custom-shape-4-layer-wooden-magnetic-photo-holder-4lwphm,Home and Living,Home Decor,5.49,5.99,5.99,1,3,VN,Printway,Size,1,8
4LWPF,Custom Shape 4-Layer Wooden Photo Frame,custom-shape-4-layer-wooden-photo-frame-4lwpf,https://printway.io/product/custom-shape-4-layer-wooden-photo-frame-4lwpf,Home and Living,Home Decor,10.49,10.99,10.99,1,3,VN,Printway,Size,1,7
WAPB,Custom Shape 5-Layer Wooden And Acrylic Piggy Bank,custom-shape-5-layer-wooden-and-acrylic-piggy-bank-wapb,https://printway.io/product/custom-shape-5-layer-wooden-and-acrylic-piggy-bank-wapb,Home and Living,Home Decor,6.5,7,12,1,3,VN,Printway,Size,3,7
6LWAPB,Custom Shape 6-Layer Wooden and Acrylic Piggy Bank,custom-shape-6-layer-wooden-and-acrylic-piggy-bank-6lwapb,https://printway.io/product/custom-shape-6-layer-wooden-and-acrylic-piggy-bank-6lwapb,Home and Living,Home Decor,8,8.5,13.5,1,3,VN,Printway,Size,3,8
ABWAP,Custom Shape Acrylic Block With Acrylic Pieces,custom-shape-acrylic-block-with-acrylic-pieces-abwap,https://printway.io/product/custom-shape-acrylic-block-with-acrylic-pieces-abwap,Home and Living,Home Decor,6.25,6.75,9,1,3,VN,Printway,Size|Style,6,8
CSABD,Custom Shape Acrylic Book Display,custom-shape-acrylic-book-display-csabd,https://printway.io/product/custom-shape-acrylic-book-display-csabd,Home and Living,Home Decor,14.5,15,19,1,3,VN,Printway,Size,3,7
ABRTWB,Custom Shape Acrylic Books Read Tracker With Base,custom-shape-acrylic-books-read-tracker-with-base-abrtwb,https://printway.io/product/custom-shape-acrylic-books-read-tracker-with-base-abrtwb,Home and Living,Home Decor,13.5,14,18,1,3,VN,Printway,Size,3,9
2LAMPF,Custom Shape Acrylic Magnetic Photo Frame,custom-shape-acrylic-magnetic-photo-frame-2lampf,https://printway.io/product/custom-shape-acrylic-magnetic-photo-frame-2lampf,Home and Living,Home Decor,4.49,4.99,5.99,1,3,VN,Printway,Size,3,8
CSAPQ,Custom Shape Acrylic Plaque,custom-shape-acrylic-plaque-csapq,https://printway.io/product/custom-shape-acrylic-plaque-csapq,Home and Living,Home Decor,4.74,5.24,9.25,1,3,VN,Printway,Material|Size|Title,36,15
CSASHC,Custom Shape Acrylic Stand Hanging Crystal Charm,custom-shape-acrylic-stand-hanging-crystal-charm-csashc,https://printway.io/product/custom-shape-acrylic-stand-hanging-crystal-charm-csashc,Home and Living,Home Decor,3.49,3.99,12.49,1,3,VN,Printway,Size|Style|Title,24,10
CSASD,Custom Shape Acrylic Standing,custom-shape-acrylic-standing-csasd,https://printway.io/product/custom-shape-acrylic-standing-csasd,Home and Living,Home Decor,5.15,5.45,10.45,1,3,VN,Printway,Style|Size,18,12
ASGB,Custom Shape Acrylic Standing Game Box,custom-shape-acrylic-standing-game-box-asgb,https://printway.io/product/custom-shape-acrylic-standing-game-box-asgb,Home and Living,Home Decor,5.49,5.99,12.99,1,3,VN,Printway,Size|Style,6,8
ALCWC,Custom Shape Aluminum Charms Wind Chime,custom-shape-aluminum-charms-wind-chime-alcwc,https://printway.io/product/custom-shape-aluminum-charms-wind-chime-alcwc,Home and Living,Home Decor,12,12.5,14.5,1,3,VN,Printway,Size,3,7
CSDK,Custom Shape Drawer Knobs,custom-shape-drawer-knobs-csdk,https://printway.io/product/custom-shape-drawer-knobs-csdk,Home and Living,Home Decor,2.6,2.9,3.8,1,3,VN,Printway,Material|Title|Size,60,8
E2MAS,Custom Shape Engraved 2-Layer Mirror Acrylic Sign,custom-shape-engraved-2-layer-mirror-acrylic-sign-e2mas,https://printway.io/product/custom-shape-engraved-2-layer-mirror-acrylic-sign-e2mas,Home and Living,Home Decor,8.49,8.99,12.99,1,3,VN,Printway,Size|Style,6,9
CSFLM,Custom Shape Flexible Magnet,custom-shape-flexible-magnet-csflm,https://printway.io/product/custom-shape-flexible-magnet-csflm,Home and Living,Home Decor,1.99,2.49,5.49,1,3,VN,Printway,Size,7,7
CSFMUS,Custom Shape Fridge Magnet - US,custom-shape-fridge-magnet-us-csfmus,https://printway.io/product/custom-shape-fridge-magnet-us-csfmus,Home and Living,Home Decor,0.1,0.1,8.83,1,3,US,Pentifine,Material|Style|Size,60,9
2LHAMPF,Custom Shape Hologram Acrylic Magnetic Photo Frame,custom-shape-hologram-acrylic-magnetic-photo-frame-2lhampf,https://printway.io/product/custom-shape-hologram-acrylic-magnetic-photo-frame-2lhampf,Home and Living,Home Decor,4.99,5.49,6.49,1,3,VN,Printway,Material|Size,6,8
CSHAP,Custom Shape Holographic Acrylic Plaque,custom-shape-holographic-acrylic-plaque-cshap,https://printway.io/product/custom-shape-holographic-acrylic-plaque-cshap,Home and Living,Home Decor,6.5,7.5,8.5,1,3,VN,Printway,Material|Size|Style,24,11
WMBC,Custom Shape Mini Wooden Bookshelf Decor,custom-shape-mini-wooden-bookshelf-decor-wmbc,https://printway.io/product/custom-shape-mini-wooden-bookshelf-decor-wmbc,Home and Living,Home Decor,7.5,8,8,1,3,VN,Printway,Size,1,7
PCMSWC,Custom Shape Powder Coated Metal Sign With Hanging Charms,custom-shape-powder-coated-metal-sign-with-hanging-charms-pcmswc,https://printway.io/product/custom-shape-powder-coated-metal-sign-with-hanging-charms-pcmswc,Home and Living,Home Decor,9.49,9.99,13.99,1,3,VN,Printway,Size|Style,3,8
CSSS,Custom Shape Seesaw Standee,custom-shape-seesaw-standee-csss,https://printway.io/product/custom-shape-seesaw-standee-csss,Home and Living,Home Decor,3.25,3.55,5.45,1,3,VN,Printway,Material|Size|Style,6,6
CSWC,Custom Shape Wall Clock,custom-shape-wall-clock-cswc,https://printway.io/product/custom-shape-wall-clock-cswc,Home and Living,Home Decor,8.24,9.24,15.74,1,3,VN,Printway,Material|Style|Size,4,12
WMAB,Custom Shape Wall-Mounted Wooden And Acrylic Bookshelf,custom-shape-wall-mounted-wooden-and-acrylic-bookshelf-wmab,https://printway.io/product/custom-shape-wall-mounted-wooden-and-acrylic-bookshelf-wmab,Home and Living,Home Decor,12.25,12.75,12.75,1,3,VN,Printway,Size|Title,1,8
CSWAP,Custom Shape Wavy Acrylic Plaque,custom-shape-wavy-acrylic-plaque-cswap,https://printway.io/product/custom-shape-wavy-acrylic-plaque-cswap,Home and Living,Home Decor,7,8,9,1,3,VN,Printway,Size|Style|Title,2,7
CSWSD,Custom Shape Wood Standing,custom-shape-wood-standing-cswsd,https://printway.io/product/custom-shape-wood-standing-cswsd,Home and Living,Home Decor,3.65,3.95,5.95,1,3,VN,Printway,Style|Size,9,15
CSWDC,Custom Shape Wooden Calendar,custom-shape-wooden-calendar-cswdc,https://printway.io/product/custom-shape-wooden-calendar-cswdc,Home and Living,Home Decor,15.49,15.99,15.99,1,3,VN,Printway,Size,1,8
CSWCB,Custom Shape Wooden Candy Basket,custom-shape-wooden-candy-basket-cswcb,https://printway.io/product/custom-shape-wooden-candy-basket-cswcb,Home and Living,Home Decor,10.49,10.99,10.99,1,3,VN,Printway,Size,1,9
WFBB,Custom Shape Wooden Flower Bouquet Box,custom-shape-wooden-flower-bouquet-box-wfbb,https://printway.io/product/custom-shape-wooden-flower-bouquet-box-wfbb,Home and Living,Home Decor,6.49,6.99,6.99,1,3,VN,Printway,Size,1,7
CSWDKH,Custom Shape Wooden Key Holder,custom-shape-wooden-key-holder-cswdkh,https://printway.io/product/custom-shape-wooden-key-holder-cswdkh,Home and Living,Home Decor,5.75,6.25,14.25,1,3,VN,Printway,Style|Size|Color,24,10
CSWKH,Custom Shape Wooden Key Hook,custom-shape-wooden-key-hook-cswkh,https://printway.io/product/custom-shape-wooden-key-hook-cswkh,Home and Living,Home Decor,5.24,5.74,10.99,1,3,VN,Printway,Style|Size,8,16
WNTD,Custom Shape Wooden Number Tracker Display,custom-shape-wooden-number-tracker-display-wntd,https://printway.io/product/custom-shape-wooden-number-tracker-display-wntd,Home and Living,Home Decor,12.49,12.99,18.99,1,3,VN,Printway,Size,3,7
CSWPWS,Custom Shape Wooden Puzzle With Wooden Base,custom-shape-wooden-puzzle-with-wooden-base-cswpws,https://printway.io/product/custom-shape-wooden-puzzle-with-wooden-base-cswpws,Home and Living,Home Decor,6.75,7.25,11.25,1,3,VN,Printway,Size|Style,6,12
WRBRC,Custom Shape Wooden Rotating Books Read Counter,custom-shape-wooden-rotating-books-read-counter-wrbrc,https://printway.io/product/custom-shape-wooden-rotating-books-read-counter-wrbrc,Home and Living,Home Decor,10.49,10.99,12.99,1,3,VN,Printway,Size,2,6
WRTS,Custom Shape Wooden Rotating Tracker Sign,custom-shape-wooden-rotating-tracker-sign-wrts,https://printway.io/product/custom-shape-wooden-rotating-tracker-sign-wrts,Home and Living,Home Decor,17.49,17.99,17.99,1,3,VN,Printway,Size,1,7
CSWDTS,Custom Shape Wooden Tabletop Sign,custom-shape-wooden-tabletop-sign-cswdts,https://printway.io/product/custom-shape-wooden-tabletop-sign-cswdts,Home and Living,Home Decor,5.49,5.99,5.99,1,3,VN,Printway,Size|Style,1,7
WTFDH,Custom Shape Wooden Tooth Fairy Door Hanger,custom-shape-wooden-tooth-fairy-door-hanger-wtfdh,https://printway.io/product/custom-shape-wooden-tooth-fairy-door-hanger-wtfdh,Home and Living,Home Decor,6.49,6.99,6.99,1,3,VN,Printway,Size,1,8
WRTD,Custom Shape Wooden Tracker Sign,custom-shape-wooden-tracker-sign-wrtd,https://printway.io/product/custom-shape-wooden-tracker-sign-wrtd,Home and Living,Home Decor,12.5,13,15,1,3,VN,Printway,Size,3,8
CSWWFM,Custom Shape Wooden Wobbly Fridge Magnet,custom-shape-wooden-wobbly-fridge-magnet-cswwfm,https://printway.io/product/custom-shape-wooden-wobbly-fridge-magnet-cswwfm,Home and Living,Home Decor,4.5,5,5,1,3,VN,Printway,Size,1,7
CSTL,Custom String Light,custom-string-light-cstl,https://printway.io/product/custom-string-light-cstl,Home and Living,Home Decor,13.24,13.74,13.74,1,3,VN,Printway,Material|Size,1,9
CWAL,Custom Wooden And Acrylic Lantern,custom-wooden-and-acrylic-lantern-cwal,https://printway.io/product/custom-wooden-and-acrylic-lantern-cwal,Home and Living,Home Decor,9.49,9.99,9.99,1,3,VN,Printway,Material|Size,1,8
CWCLH,Custom Wooden Charm with Loop Hook,custom-wooden-charm-with-loop-hook-cwclh,https://printway.io/product/custom-wooden-charm-with-loop-hook-cwclh,Home and Living,Home Decor,9.1,9.5,9.5,1,3,VN,Printway,Style,4,7
CWFDS,Custom Wooden Freestanding Display Set,custom-wooden-freestanding-display-set-cwfds,https://printway.io/product/custom-wooden-freestanding-display-set-cwfds,Home and Living,Home Decor,9.49,9.99,16.99,1,3,VN,Printway,Size|Style,8,7
CWPT,Custom Wooden Parterre,custom-wooden-parterre-cwpt,https://printway.io/product/custom-wooden-parterre-cwpt,Home and Living,Home Decor,4.24,4.74,13.74,1,3,VN,Printway,Size|Style,6,6
CWAP,Custom Wooden and Acrylic Plaque,custom-wooden-and-acrylic-plaque-cwap,https://printway.io/product/custom-wooden-and-acrylic-plaque-cwap,Home and Living,Home Decor,6.4,7.4,9.4,1,3,VN,Printway,Material|Size,6,14
CSWDG,Custome Shape Wooden Garland,custome-shape-wooden-garland-cswdg,https://printway.io/product/custome-shape-wooden-garland-cswdg,Home and Living,Home Decor,8.49,8.99,17.99,1,3,VN,Printway,Size,6,15
CPLT,Customize Platter,customize-platter-cplt,https://printway.io/product/customize-platter-cplt,Home and Living,Home Decor,6,6.5,24,3,5,VN|CN,Cjzesty|Printway|Relaxlines,Size,4,19
DCB,Decorative Bench,decorative-bench-dcb,https://printway.io/product/decorative-bench-dcb,Home and Living,Home Decor,5.74,6.24,8.24,1,3,VN,Printway,Material|Style|Size,4,6
DPS,Display Stand,display-stand-dps,https://printway.io/product/display-stand-dps,Home and Living,Home Decor,,,2.5,1,3,VN,Printway,Style,14,15
DWSH,Door Wreath Sash,door-wreath-sash-dwsh,https://printway.io/product/door-wreath-sash-dwsh,Home and Living,Home Decor,10.54,11.04,11.04,3,5,CN,Hui Hong,Size,1,7
DWK,Drawer Knobs,drawer-knobs-dwk,https://printway.io/product/drawer-knobs-dwk,Home and Living,Home Decor,4.24,4.74,6.74,1,3,VN,Printway,Material|Style|Title,2,7
EFL,Engraved Fishing Lure,engraved-fishing-lure-efl,https://printway.io/product/engraved-fishing-lure-efl,Home and Living,Home Decor,6.25,6.75,7.75,1,3,VN,Printway,Size|Color|Title,18,9
ECBOX,Envelope Collection Box,envelope-collection-box-ecbox,https://printway.io/product/envelope-collection-box-ecbox,Home and Living,Home Decor,4.75,5.25,7.25,1,3,VN,Printway,Material|Size|Color,6,9
FFTL,Flaxen Fabric Table Lamp,flaxen-fabric-table-lamp-fftl,https://printway.io/product/flaxen-fabric-table-lamp-fftl,Home and Living,Home Decor,15.74,16.24,16.24,1,3,CN,Forudesigns,Size,1,9
FRC,Forever Round Calendar,forever-round-calendar-frc,https://printway.io/product/forever-round-calendar-frc,Home and Living,Home Decor,13.24,13.74,16.74,1,3,VN,Printway,Material|Size,4,8
GEFM,Gift Envelope For Money,gift-envelope-for-money-gefm,https://printway.io/product/gift-envelope-for-money-gefm,Home and Living,Home Decor,5.49,5.99,5.99,1,3,VN,Printway,Material|Size,1,6
HCWMB,Hand Crank Wooden Music Box,hand-crank-wooden-music-box-hcwmb,https://printway.io/product/hand-crank-wooden-music-box-hcwmb,Home and Living,Home Decor,6.49,6.99,6.99,1,3,VN,Printway,Size,1,7
HPSD,Hanging Pieces Standee,hanging-pieces-standee-hpsd,https://printway.io/product/hanging-pieces-standee-hpsd,Home and Living,Home Decor,6.24,6.74,12.24,1,3,VN,Printway,Material|Size,6,8
IDRC,Interchangeable Daily Routine Chart,interchangeable-daily-routine-chart-idrc,https://printway.io/product/interchangeable-daily-routine-chart-idrc,Home and Living,Home Decor,6.5,7,15.25,1,3,VN,Printway,Material|Size|Title,8,6
KPBOX,Keepsake Box,keepsake-box-kpbox,https://printway.io/product/keepsake-box-kpbox,Home and Living,Home Decor,3.65,3.95,4.2,1,3,VN,Printway,Color|Style|Title,5,7
KH,Key Hook,key-hook-kh,https://printway.io/product/key-hook-kh,Home and Living,Home Decor,5.63,6.38,6.38,1,3,VN,Printway,Size,1,7
LTB,Letter Box,letter-box-ltb,https://printway.io/product/letter-box-ltb,Home and Living,Home Decor,9.49,9.99,11.99,1,3,VN,Printway,Material|Style|Size,2,8
3DSL,Light Shadow Box,light-shadow-box-3dsl,https://printway.io/product/light-shadow-box-3dsl,Home and Living,Home Decor,6,6.5,6.5,1,3,VN,Printway,Material|Style|Size,1,7
MSTDWE,Magnetic Save the Date with Envelope,magnetic-save-the-date-with-envelope-mstdwe,https://printway.io/product/magnetic-save-the-date-with-envelope-mstdwe,Home and Living,Home Decor,2.65,2.95,2.95,1,3,VN,Printway,Style|Size|Color,12,8
MWRB,Magnetic Wedding Ring Box,magnetic-wedding-ring-box-mwrb,https://printway.io/product/magnetic-wedding-ring-box-mwrb,Home and Living,Home Decor,5.24,5.74,5.74,1,3,VN,Printway,Material|Size,2,9
MGS,Memorial Garden Stone,memorial-garden-stone-mgs,https://printway.io/product/memorial-garden-stone-mgs,Home and Living,Home Decor,4.9,5.4,7.4,1,3,VN,Printway,Size|Title|Style,66,11
MTC,Metal Coin,metal-coin-mtc,https://printway.io/product/metal-coin-mtc,Home and Living,Home Decor,5.55,5.85,11.7,1,3,VN,Printway,Size|Color|Style,20,8
MTCUS,Metal Coin - US,metal-coin-us-mtcus,https://printway.io/product/metal-coin-us-mtcus,Home and Living,Home Decor,3.5,4,17,1,3,US,Pentifine,Size|Color|Style,12,8
MTKH,Metal Key Hook,metal-key-hook-mtkh,https://printway.io/product/metal-key-hook-mtkh,Home and Living,Home Decor,10.5,11.5,23.5,1,3,VN,Printway,Size,7,10
MTPAU,Metal Photo Panel,metal-photo-panel-mtpau,https://printway.io/product/metal-photo-panel-mtpau,Home and Living,Home Decor,28.07,28.57,43.88,3,5,AU,Prima,Size,2,6
MHFC,Money Holder For Cash,money-holder-for-cash-mhfc,https://printway.io/product/money-holder-for-cash-mhfc,Home and Living,Home Decor,5.24,5.74,5.74,1,3,VN,Printway,Title|Style|Size,2,6
MLWCS,Multi-Layered Wooden Countdown Stand,multi-layered-wooden-countdown-stand-mlwcs,https://printway.io/product/multi-layered-wooden-countdown-stand-mlwcs,Home and Living,Home Decor,9.25,9.75,9.75,1,3,VN,Printway,Size,1,9
OHPWCC,Ornament Hanging Piece With Crystal Charm,ornament-hanging-piece-with-crystal-charm-ohpwcc,https://printway.io/product/ornament-hanging-piece-with-crystal-charm-ohpwcc,Home and Living,Home Decor,6,6.5,17,1,3,VN,Printway,Material|Size|Style,20,8
1LWCH,Personalized 1-Layer Wooden Cap Holder,personalized-1-layer-wooden-cap-holder-1lwch,https://printway.io/product/personalized-1-layer-wooden-cap-holder-1lwch,Home and Living,Home Decor,8.49,8.99,8.99,1,3,VN,Printway,Size,1,10
PABRT,Personalized Acrylic Books Read Tracker,personalized-acrylic-books-read-tracker-pabrt,https://printway.io/product/personalized-acrylic-books-read-tracker-pabrt,Home and Living,Home Decor,8.49,8.99,14.99,1,3,VN,Printway,Size,4,10
PBDS,Personalized Baseball Display Stand,personalized-baseball-display-stand-pbds,https://printway.io/product/personalized-baseball-display-stand-pbds,Home and Living,Home Decor,9.49,9.99,9.99,1,3,VN,Printway,Size,1,8
BOWCC,Personalized Beer Bottle Opener With Cap Catcher,personalized-beer-bottle-opener-with-cap-catcher-bowcc,https://printway.io/product/personalized-beer-bottle-opener-with-cap-catcher-bowcc,Home and Living,Home Decor,9.49,9.99,9.99,1,3,VN,Printway,Size,1,10
PCBB,Personalized Celebration Box,personalized-celebration-box-pcbb,https://printway.io/product/personalized-celebration-box-pcbb,Home and Living,Home Decor,15.5,16.5,18,1,3,VN,Printway,Title|Size,14,13
PCFV,Personalized Ceramic Flower Vase,personalized-ceramic-flower-vase-pcfv,https://printway.io/product/personalized-ceramic-flower-vase-pcfv,Home and Living,Home Decor,21,21.5,24.7,3,5,CN,Forudesigns,Size|Style,4,8
CHWLED,Personalized Crystal Heart With LED Base,personalized-crystal-heart-with-led-base-chwled,https://printway.io/product/personalized-crystal-heart-with-led-base-chwled,Home and Living,Home Decor,10.49,10.99,11.49,1,3,VN,Printway,Size|Style,2,10
PZPB,Personalized Piggy Bank,personalized-piggy-bank-pzpb,https://printway.io/product/personalized-piggy-bank-pzpb,Home and Living,Home Decor,9.5,10.5,14,1,3,VN,Printway,Material|Size,6,6
VRGB,Personalized Vinyl Record Guest Book,personalized-vinyl-record-guest-book-vrgb,https://printway.io/product/personalized-vinyl-record-guest-book-vrgb,Home and Living,Home Decor,28.99,29.99,29.99,1,3,VN,Printway,Size|Title,1,6
W3DAB,Personalized Wooden 3D Cube Diorama With Acrylic Box,personalized-wooden-3d-cube-diorama-with-acrylic-box-w3dab,https://printway.io/product/personalized-wooden-3d-cube-diorama-with-acrylic-box-w3dab,Home and Living,Home Decor,12.49,12.99,14.24,1,3,VN,Printway,Size|Style,4,13
WBRT,Personalized Wooden Books Read Tracker,personalized-wooden-books-read-tracker-wbrt,https://printway.io/product/personalized-wooden-books-read-tracker-wbrt,Home and Living,Home Decor,6.24,6.99,11.99,1,3,VN,Printway,Size,7,11
PWD,Personalized Wooden Diptych,personalized-wooden-diptych-pwd,https://printway.io/product/personalized-wooden-diptych-pwd,Home and Living,Home Decor,6.49,6.99,6.99,1,3,VN,Printway,Size,1,7
PWSC,Personalized Wooden Storage Crate,personalized-wooden-storage-crate-pwsc,https://printway.io/product/personalized-wooden-storage-crate-pwsc,Home and Living,Home Decor,8.49,8.99,10.99,1,3,VN,Printway,Size,2,7
PNWLAU,Photo Panel Wall,photo-panel-wall-pnwlau,https://printway.io/product/photo-panel-wall-pnwlau,Home and Living,Home Decor,19.38,19.88,33.82,3,5,AU,,Size,2,6
PLMK,Plant Marker,plant-marker-plmk,https://printway.io/product/plant-marker-plmk,Home and Living,Home Decor,2.05,2.35,20.24,1,3,VN,Printway,Material|Style|Size,108,14
PATBS,Printed 1-Layer Acrylic Top Stainless Steel Bottle Stopper,printed-1-layer-acrylic-top-stainless-steel-bottle-stopper-patbs,https://printway.io/product/printed-1-layer-acrylic-top-stainless-steel-bottle-stopper-patbs,Home and Living,Home Decor,3.15,3.45,3.45,1,3,VN,Printway,Style,1,9
PWTBS,Printed 1-Layer Wooden Top Stainless Steel Bottle Stopper,printed-1-layer-wooden-top-stainless-steel-bottle-stopper-pwtbs,https://printway.io/product/printed-1-layer-wooden-top-stainless-steel-bottle-stopper-pwtbs,Home and Living,Home Decor,3.15,3.45,3.45,1,3,VN,Printway,Style,1,8
RAP,Rectangle Acrylic Plaque,rectangle-acrylic-plaque-rap,https://printway.io/product/rectangle-acrylic-plaque-rap,Home and Living,Home Decor,6.68,7.18,11.74,1,3,VN,Printway,Size|Title,6,13
RAPUS,Rectangle Acrylic Plaque - US,rectangle-acrylic-plaque-us-rapus,https://printway.io/product/rectangle-acrylic-plaque-us-rapus,Home and Living,Home Decor,8.24,8.74,10.74,3,4,US,Pentifine,Size|Title,2,8
RWJ,Reward Jar,reward-jar-rwj,https://printway.io/product/reward-jar-rwj,Home and Living,Home Decor,5.49,5.99,12.24,1,3,VN,Printway,Material|Size,40,15
FWAHC,Rotating Photo Frame With Acrylic Hanging Charm,rotating-photo-frame-with-acrylic-hanging-charm-fwahc,https://printway.io/product/rotating-photo-frame-with-acrylic-hanging-charm-fwahc,Home and Living,Home Decor,12.49,12.99,12.99,1,3,VN,Printway,Size,1,8
FWHC,Rotating Photo Frame With Wooden Hanging Charm,rotating-photo-frame-with-wooden-hanging-charm-fwhc,https://printway.io/product/rotating-photo-frame-with-wooden-hanging-charm-fwhc,Home and Living,Home Decor,12,12.5,12.5,1,3,VN,Printway,Size,1,8
SBR,Shaker Badge Reel,shaker-badge-reel-sbr,https://printway.io/product/shaker-badge-reel-sbr,Home and Living,Home Decor,4.5,5,5,1,3,VN,Printway,Material|Style|Size,3,8
SSNH,Shaker Sticky Note Holder,shaker-sticky-note-holder-ssnh,https://printway.io/product/shaker-sticky-note-holder-ssnh,Home and Living,Home Decor,7.24,7.74,8.24,1,3,VN,Printway,Title|Size|Style,2,6
SFM,Silicone Fridge Magnets,silicone-fridge-magnets-sfm,https://printway.io/product/silicone-fridge-magnets-sfm,Home and Living,Home Decor,9,9.5,9.5,3,5,CN,Cjzesty,Style,3,10
SPF,Spotify Frame,spotify-frame-spf,https://printway.io/product/spotify-frame-spf,Home and Living,Home Decor,7.5,8.5,10.5,1,3,VN,Printway,Size,3,7
SGLSC2,Stained Glass Suncatcher - Type 2,stained-glass-suncatcher-type-2-sglsc2,https://printway.io/product/stained-glass-suncatcher-type-2-sglsc2,Home and Living,Home Decor,4.74,5.24,8.24,1,3,VN,Printway,Style|Size,4,8
STDC,Sticker Decal,sticker-decal-stdc,https://printway.io/product/sticker-decal-stdc,Home and Living,Home Decor,2.74,3.24,4.74,1,3,VN,Printway,Size,4,15
TPMS,Tape Measure,tape-measure-tpms,https://printway.io/product/tape-measure-tpms,Home and Living,Home Decor,4.5,5,6,1,3,VN,Printway,Color|Size,4,7
TBWP,Teeth Box with Photo,teeth-box-with-photo-tbwp,https://printway.io/product/teeth-box-with-photo-tbwp,Home and Living,Home Decor,5.24,5.74,5.74,1,3,VN,Printway,Material|Size,2,9
TIEH,Tie Hanger,tie-hanger-tieh,https://printway.io/product/tie-hanger-tieh,Home and Living,Home Decor,3.24,3.74,8.99,1,3,VN,Printway,Material|Size|Style,8,9
CLK,Wall Clock,wall-clock-clk,https://printway.io/product/wall-clock-clk,Home and Living,Home Decor,9.63,10.63,10.63,1,3,VN,Printway,Material,2,7
WCS,Whirl Charm Standee,whirl-charm-standee-wcs,https://printway.io/product/whirl-charm-standee-wcs,Home and Living,Home Decor,5.65,5.95,10.95,1,3,VN,Printway,Material|Style|Size,6,7
WCWSS,Wind Chime With Slate Stone,wind-chime-with-slate-stone-wcwss,https://printway.io/product/wind-chime-with-slate-stone-wcwss,Home and Living,Home Decor,12.49,12.99,13.49,1,3,VN,Printway,Title|Size|Style,8,10
WCGOC,Wind Chimes With Glass Ornament And Crystal Charm,wind-chimes-with-glass-ornament-and-crystal-charm-wcgoc,https://printway.io/product/wind-chimes-with-glass-ornament-and-crystal-charm-wcgoc,Home and Living,Home Decor,14,14.5,15.5,1,3,VN,Printway,Size|Style|Title,8,8
WBSRC,Wooden Book Stand With Reading Counter,wooden-book-stand-with-reading-counter-wbsrc,https://printway.io/product/wooden-book-stand-with-reading-counter-wbsrc,Home and Living,Home Decor,12.49,12.99,12.99,1,3,VN,Printway,Size,1,6
WBTHL,Wooden Books Read Counter,wooden-books-read-counter-wbthl,https://printway.io/product/wooden-books-read-counter-wbthl,Home and Living,Home Decor,6.49,6.99,9.99,1,3,VN,Printway,Size,4,8
WBRB,Wooden Books Read Tracker With Base,wooden-books-read-tracker-with-base-wbrb,https://printway.io/product/wooden-books-read-tracker-with-base-wbrb,Home and Living,Home Decor,6.49,6.99,13.99,1,3,VN,Printway,Size,6,12
WCTMM,Wooden Countdown Tracker with Movable Marker,wooden-countdown-tracker-with-movable-marker-wctmm,https://printway.io/product/wooden-countdown-tracker-with-movable-marker-wctmm,Home and Living,Home Decor,8.75,9.25,11.25,1,3,VN,Printway,Size,2,6
WCTM,Wooden Customizable Tabletop Meter,wooden-customizable-tabletop-meter-wctm,https://printway.io/product/wooden-customizable-tabletop-meter-wctm,Home and Living,Home Decor,5.49,5.99,5.99,1,3,VN,Printway,Size,1,6
WDIYCS,Wooden DIY Coloring Set,wooden-diy-coloring-set-wdiycs,https://printway.io/product/wooden-diy-coloring-set-wdiycs,Home and Living,Home Decor,4.24,4.74,7.74,1,3,VN,Printway,Style|Size,4,7
WDRC,Wooden Daily Routine Chart,wooden-daily-routine-chart-wdrc,https://printway.io/product/wooden-daily-routine-chart-wdrc,Home and Living,Home Decor,5.49,5.99,9.99,1,3,VN,Printway,Size,3,6
WDRBX,Wooden Double Ring Box,wooden-double-ring-box-wdrbx,https://printway.io/product/wooden-double-ring-box-wdrbx,Home and Living,Home Decor,9.49,9.99,9.99,1,3,VN,Printway,Size|Style,1,7
WMLAC,Wooden Mini Liquor Advent Calendar,wooden-mini-liquor-advent-calendar-wmlac,https://printway.io/product/wooden-mini-liquor-advent-calendar-wmlac,Home and Living,Home Decor,15.49,15.99,18.99,1,3,VN,Printway,Size,2,6
WPH,Wooden Pen Holder With Photo Frame,wooden-pen-holder-with-photo-frame-wph,https://printway.io/product/wooden-pen-holder-with-photo-frame-wph,Home and Living,Home Decor,10.49,10.99,10.99,1,3,VN,Printway,Size,1,9
WHWP,Wooden Standing Display with Hanging Piece,wooden-standing-display-with-hanging-piece-whwp,https://printway.io/product/wooden-standing-display-with-hanging-piece-whwp,Home and Living,Home Decor,6.24,6.74,10.74,1,3,VN,Printway,Size,3,6
WSMH,Wooden Standing Money Holder,wooden-standing-money-holder-wsmh,https://printway.io/product/wooden-standing-money-holder-wsmh,Home and Living,Home Decor,5.49,5.99,5.99,1,3,VN,Printway,Size,1,6
WCRB,Wooden Wedding Ceremony Ring Box,wooden-wedding-ceremony-ring-box-wcrb,https://printway.io/product/wooden-wedding-ceremony-ring-box-wcrb,Home and Living,Home Decor,,,5.95,1,3,VN,Printway,Style,1,7
BSRGL,Braided Satin Ribbon Graduation Lei,braided-satin-ribbon-graduation-lei-bsrgl,https://printway.io/product/braided-satin-ribbon-graduation-lei-bsrgl,Home and Living,Keepsakes,16.24,16.74,20.74,1,2,CN,Forudesigns,Title|Style,50,10
CS1LARS,Custom Shape 1-Layer Acrylic Rotating Standee,custom-shape-1-layer-acrylic-rotating-standee-cs1lars,https://printway.io/product/custom-shape-1-layer-acrylic-rotating-standee-cs1lars,Home and Living,Keepsakes,3.15,3.45,3.95,1,3,VN,Printway,Size,3,7
CSWGB,Custom Shape Wedding Guest Book,custom-shape-wedding-guest-book-cswgb,https://printway.io/product/custom-shape-wedding-guest-book-cswgb,Home and Living,Keepsakes,17.74,18.24,53.24,1,3,VN,Printway,Material|Style|Size,48,8
CWGBLL,Custom Wedding Guest Book with Led Lights,custom-wedding-guest-book-with-led-lights-cwgbll,https://printway.io/product/custom-wedding-guest-book-with-led-lights-cwgbll,Home and Living,Keepsakes,23,24,68.5,1,3,VN,Printway,Style|Size,28,6
GBC,Guest Book Cover,guest-book-cover-gbc,https://printway.io/product/guest-book-cover-gbc,Home and Living,Keepsakes,5.5,6.5,8.5,1,3,VN,Printway,Title|Style|Size,4,7
LJL1,Leather Journal,leather-journal-ljl1,https://printway.io/product/leather-journal-ljl1,Home and Living,Keepsakes,14.74,15.24,15.24,5,7,CN,Dogeprint,Size,1,6
PEDTN,Personalized Engraved Dog Tag Necklace,personalized-engraved-dog-tag-necklace-pedtn,https://printway.io/product/personalized-engraved-dog-tag-necklace-pedtn,Home and Living,Keepsakes,,,6.99,1,3,VN,Printway,Color|Style,8,8
PLGB,Personalized Guest Book,personalized-guest-book-plgb,https://printway.io/product/personalized-guest-book-plgb,Home and Living,Keepsakes,12.99,13.54,20.24,1,3,VN,Printway,Material|Style|Size,2,8
PMMF,Personalized Milestone Memories Frame,personalized-milestone-memories-frame-pmmf,https://printway.io/product/personalized-milestone-memories-frame-pmmf,Home and Living,Keepsakes,19.24,19.74,21.74,1,3,VN,Printway,Style|Size|Title,2,11
PLP,Photo Lapel Pin,photo-lapel-pin-plp,https://printway.io/product/photo-lapel-pin-plp,Home and Living,Keepsakes,,,6.45,1,3,VN,Printway,Material|Color|Size,4,7
WMB,Wooden Memorial Box,wooden-memorial-box-wmb,https://printway.io/product/wooden-memorial-box-wmb,Home and Living,Keepsakes,5.24,5.74,8.49,1,3,VN,Printway,Size,3,12
3LSFM,3 Layered Shaker Fridge Magnet,3-layered-shaker-fridge-magnet-3lsfm,https://printway.io/product/3-layered-shaker-fridge-magnet-3lsfm,Home and Living,Kitchen & Dining,5.99,6.49,9.49,1,3,VN,Printway,Style|Size,5,6
AOMT,AOP Oven Mitt,aop-oven-mitt-aomt,https://printway.io/product/aop-oven-mitt-aomt,Home and Living,Kitchen & Dining,13.74,14.24,14.74,5,7,CN,Dogeprint,Size,2,7
SCTZJ,AOP Shower Curtain,aop-shower-curtain-sctzj,https://printway.io/product/aop-shower-curtain-sctzj,Home and Living,Kitchen & Dining,20.4,21.4,24.1,5,7,CN,Coco|Relaxlines,Size,6,6
AOPPH,All-over Print Pot Holder,all-over-print-pot-holder-aopph,https://printway.io/product/all-over-print-pot-holder-aopph,Home and Living,Kitchen & Dining,12.24,12.74,12.74,5,7,CN,Dogeprint,Size,1,7
BTB,Biscuit Tin Box,biscuit-tin-box-btb,https://printway.io/product/biscuit-tin-box-btb,Home and Living,Kitchen & Dining,13.25,13.75,17.75,3,5,CN,Cjzesty,Size,3,7
CA,Custom Apron,custom-apron-ca,https://printway.io/product/custom-apron-ca,Home and Living,Kitchen & Dining,10.3,11.3,12.8,3,5,CN,Hui Hong,Size|Style,16,10
CSDC,Custom Shape Drink Coaster,custom-shape-drink-coaster-csdc,https://printway.io/product/custom-shape-drink-coaster-csdc,Home and Living,Kitchen & Dining,3.14,3.44,5,1,3,VN,Printway,Material|Size,10,18
CSDCAT,Custom Shape Drink Coaster And Tag,custom-shape-drink-coaster-and-tag-csdcat,https://printway.io/product/custom-shape-drink-coaster-and-tag-csdcat,Home and Living,Kitchen & Dining,3.24,3.74,4.99,1,3,VN,Printway,Material|Size,9,6
CSFM,Custom Shape Fridge Magnet,custom-shape-fridge-magnet-csfm,https://printway.io/product/custom-shape-fridge-magnet-csfm,Home and Living,Kitchen & Dining,2.05,2.35,10.95,1,3,VN,Pentifine VN|Printway,Material|Style|Size,80,14
CSLSF,Custom Shape Light Switch Frames,custom-shape-light-switch-frames-cslsf,https://printway.io/product/custom-shape-light-switch-frames-cslsf,Home and Living,Kitchen & Dining,3.25,3.75,4.75,1,3,VN,Printway,Material|Style|Size,2,7
CSSTT,Custom Shape Straw Topper,custom-shape-straw-topper-csstt,https://printway.io/product/custom-shape-straw-topper-csstt,Home and Living,Kitchen & Dining,1.8,2,2.79,1,3,VN,Printway,Material|Style|Size,4,9
CNH,Customized Napkin Holder,customized-napkin-holder-cnh,https://printway.io/product/customized-napkin-holder-cnh,Home and Living,Kitchen & Dining,5,5.5,5.5,1,3,VN,Printway,Material|Size,1,8
DWC,Dishwasher Cover,dishwasher-cover-dwc,https://printway.io/product/dishwasher-cover-dwc,Home and Living,Kitchen & Dining,4.8,5.8,6.8,1,3,VN,Printway,Size,2,7
EBCR,Embroidered Coaster,embroidered-coaster-ebcr,https://printway.io/product/embroidered-coaster-ebcr,Home and Living,Kitchen & Dining,12.24,12.74,12.74,3,5,CN,Dogeprint,Size,1,12
KCT,Kitchen Towel,kitchen-towel-kct,https://printway.io/product/kitchen-towel-kct,Home and Living,Kitchen & Dining,10.5,11,11,3,5,CN,Cjzesty,Size,1,7
LACT,Leather Coaster,leather-coaster-lact,https://printway.io/product/leather-coaster-lact,Home and Living,Kitchen & Dining,,,4.24,1,3,VN,Printway,Style|Title|Color,16,7
LWTB,Leather Wine Tote Bag,leather-wine-tote-bag-lwtb,https://printway.io/product/leather-wine-tote-bag-lwtb,Home and Living,Kitchen & Dining,14.5,15,17,3,5,CN,Cjzesty,Color|Style,10,9
LTR,Linen Table Runner,linen-table-runner-ltr,https://printway.io/product/linen-table-runner-ltr,Home and Living,Kitchen & Dining,16.5,17,24,3,5,CN,Cjzesty,Size,8,9
MFSNO,Magnetic Fridge Sticky Note Organizer,magnetic-fridge-sticky-note-organizer-mfsno,https://printway.io/product/magnetic-fridge-sticky-note-organizer-mfsno,Home and Living,Kitchen & Dining,4.75,5.25,6.75,1,3,VN,Printway,Style|Size|Title,4,7
PWTB,Personalized Wooden Tissue Box,personalized-wooden-tissue-box-pwtb,https://printway.io/product/personalized-wooden-tissue-box-pwtb,Home and Living,Kitchen & Dining,8.49,8.99,8.99,1,3,VN,Printway,Size,1,7
PWWB,Personalized Wooden Wine Bottle Box,personalized-wooden-wine-bottle-box-pwwb,https://printway.io/product/personalized-wooden-wine-bottle-box-pwwb,Home and Living,Kitchen & Dining,14.49,14.99,14.99,1,3,VN,Printway,Size,1,11
PLMKUS,Plant Marker - US,plant-marker-us-plmkus,https://printway.io/product/plant-marker-us-plmkus,Home and Living,Kitchen & Dining,2.65,2.95,11.06,2,3,US,Pentifine,Material|Style|Size,60,7
CTBR1,Window Curtains,window-curtains-ctbr1,https://printway.io/product/window-curtains-ctbr1,Home and Living,Kitchen & Dining,29.3,30.3,45.5,3,5,CN,Coco,Size,8,6
WNCD,Wine Caddy,wine-caddy-wncd,https://printway.io/product/wine-caddy-wncd,Home and Living,Kitchen & Dining,5,6,8.5,1,3,VN,Printway,Style|Size|Title,4,7
WBATC,Wooden Beer and Treat Case,wooden-beer-and-treat-case-wbatc,https://printway.io/product/wooden-beer-and-treat-case-wbatc,Home and Living,Kitchen & Dining,11,13,14,1,3,VN,Printway,Size|Style,4,11
WCU,Wooden Cooking Utensils,wooden-cooking-utensils-wcu,https://printway.io/product/wooden-cooking-utensils-wcu,Home and Living,Kitchen & Dining,4.24,4.74,4.74,1,3,VN,Printway,Style|Title,3,8
WPFM,Wooden Picture Frame Magnet,wooden-picture-frame-magnet-wpfm,https://printway.io/product/wooden-picture-frame-magnet-wpfm,Home and Living,Kitchen & Dining,5.49,6.49,7.49,1,3,VN,Printway,Size,3,6
AFNL,Acrylic Frame Night Light,acrylic-frame-night-light-afnl,https://printway.io/product/acrylic-frame-night-light-afnl,Home and Living,Lights,11.49,11.99,13.99,1,3,VN,Printway,Style|Size,8,15
ACML,Acrylic Message Lamp,acrylic-message-lamp-acml,https://printway.io/product/acrylic-message-lamp-acml,Home and Living,Lights,11,12,14.5,1,3,VN,Printway,Size,2,9
CBNL,Crystal Ball Night Light,crystal-ball-night-light-cbnl,https://printway.io/product/crystal-ball-night-light-cbnl,Home and Living,Lights,13.24,13.74,27.74,3,5,CN,Cjzesty|Relaxlines,Size|Style,12,11
C3DLLPWB,Custom 3D Led Light Pine Wooden Base,custom-3d-led-light-pine-wooden-base-c3dllpwb,https://printway.io/product/custom-3d-led-light-pine-wooden-base-c3dllpwb,Home and Living,Lights,7.75,8.75,12.25,1,3,VN,Printway,Style|Size|Title,8,17
C3DLN,Custom 3D Led Night Light,custom-3d-led-night-light-c3dln,https://printway.io/product/custom-3d-led-night-light-c3dln,Home and Living,Lights,4,4.5,8.21,1,3,VN,Printway,Style,4,12
C3DMLLWB,Custom 3D Monochrome Led Light With Wooden Base,custom-3d-monochrome-led-light-with-wooden-base-c3dmllwb,https://printway.io/product/custom-3d-monochrome-led-light-with-wooden-base-c3dmllwb,Home and Living,Lights,2.5,3.5,14.5,1,3,VN,Printway,Material|Size|Title,54,14
3DMNLWBUS,Custom 3D Monochrome Led Light With Wooden Base - US,custom-3d-monochrome-led-light-with-wooden-base-us-3dmnlwbus,https://printway.io/product/custom-3d-monochrome-led-light-with-wooden-base-us-3dmnlwbus,Home and Living,Lights,9.49,10.49,14.49,3,4,US,Pentifine,Material|Size|Title,4,8
CDMLLWB,Custom 3D Multicolor Led Light With Wooden Base,custom-3d-multicolor-led-light-with-wooden-base-cdmllwb,https://printway.io/product/custom-3d-multicolor-led-light-with-wooden-base-cdmllwb,Home and Living,Lights,2.5,3.5,19,1,3,VN,Printway,Material|Size|Title,54,14
CAAC,Custom Acrylic Advent Calendar,custom-acrylic-advent-calendar-caac,https://printway.io/product/custom-acrylic-advent-calendar-caac,Home and Living,Lights,7.49,7.99,10.99,1,3,VN,Printway,Size|Style,4,9
CNNL,Custom Acrylic Name Night Light,custom-acrylic-name-night-light-cnnl,https://printway.io/product/custom-acrylic-name-night-light-cnnl,Home and Living,Lights,7.79,8.29,18,1,3,VN,Printway,Style|Size|Title,24,9
CNNLP,Custom Acrylic Name Night Light Pine Wood Base,custom-acrylic-name-night-light-pine-wood-base-cnnlp,https://printway.io/product/custom-acrylic-name-night-light-pine-wood-base-cnnlp,Home and Living,Lights,9.2,10.2,18,1,3,VN,Printway,Style|Size|Title,32,10
CIALL,Custom Interlocking Acrylic Led Light,custom-interlocking-acrylic-led-light-ciall,https://printway.io/product/custom-interlocking-acrylic-led-light-ciall,Home and Living,Lights,12,13,19.5,1,3,VN,Printway,Style|Size|Title,8,9
PRNL,Custom Printed Round Night Light,custom-printed-round-night-light-prnl,https://printway.io/product/custom-printed-round-night-light-prnl,Home and Living,Lights,7,7.5,7.75,1,3,VN,Printway,Size|Title|Style,2,8
CSHLUD,Custom Shape 1-Layer Acrylic LED Light Display Stand,custom-shape-1-layer-acrylic-led-light-display-stand-cshlud,https://printway.io/product/custom-shape-1-layer-acrylic-led-light-display-stand-cshlud,Home and Living,Lights,8.75,9.25,9.75,1,3,VN,Printway,Size|Style,2,9
AWLED,Custom Shape 2-Layer Acrylic And Wooden LED Night Light,custom-shape-2-layer-acrylic-and-wooden-led-night-light-awled,https://printway.io/product/custom-shape-2-layer-acrylic-and-wooden-led-night-light-awled,Home and Living,Lights,11,12,14.75,1,3,VN,Printway,Size|Title|Style,8,11
2LALED,Custom Shape 2-Layer Acrylic LED Night Light,custom-shape-2-layer-acrylic-led-night-light-2laled,https://printway.io/product/custom-shape-2-layer-acrylic-led-night-light-2laled,Home and Living,Lights,11,12,14.75,1,3,VN,Printway,Size|Title|Style,8,11
2LMLED,Custom Shape 2-Layer Mirror Acrylic LED Light with Wooden Base,custom-shape-2-layer-mirror-acrylic-led-light-with-wooden-base-2lmled,https://printway.io/product/custom-shape-2-layer-mirror-acrylic-led-light-with-wooden-base-2lmled,Home and Living,Lights,9.5,10,13,1,3,VN,Printway,Size|Style|Title,8,12
ASWLL,Custom Shape 4-Layer Acrylic Standing With Led Light,custom-shape-4-layer-acrylic-standing-with-led-light-aswll,https://printway.io/product/custom-shape-4-layer-acrylic-standing-with-led-light-aswll,Home and Living,Lights,13,13.5,17,1,3,VN,Printway,Size|Style,4,8
4LMWL,Custom Shape 4-Layer Wooden and Acrylic Mirror With LED Light,custom-shape-4-layer-wooden-and-acrylic-mirror-with-led-light-4lmwl,https://printway.io/product/custom-shape-4-layer-wooden-and-acrylic-mirror-with-led-light-4lmwl,Home and Living,Lights,13.49,13.99,18.49,1,3,VN,Printway,Size|Color|Style,6,10
5LEDB,Custom Shape 5-Layer Acrylic LED Keepsake Box with Base,custom-shape-5-layer-acrylic-led-keepsake-box-with-base-5ledb,https://printway.io/product/custom-shape-5-layer-acrylic-led-keepsake-box-with-base-5ledb,Home and Living,Lights,9,9.5,13.5,1,3,VN,Printway,Size|Style|Title,8,9
6LWAL,Custom Shape 6-Layer Wooden And Frosted Acrylic Light,custom-shape-6-layer-wooden-and-frosted-acrylic-light-6lwal,https://printway.io/product/custom-shape-6-layer-wooden-and-frosted-acrylic-light-6lwal,Home and Living,Lights,8.49,8.99,8.99,1,3,VN,Printway,Size|Style,1,7
AWLEDL,Custom Shape Acrylic And Wooden LED Light Lamp,custom-shape-acrylic-and-wooden-led-light-lamp-awledl,https://printway.io/product/custom-shape-acrylic-and-wooden-led-light-lamp-awledl,Home and Living,Lights,8.49,8.99,9.49,1,3,VN,Printway,Size|Style,2,9
ASDCWB,Custom Shape Acrylic Sign Desk Clock With Wooden Base,custom-shape-acrylic-sign-desk-clock-with-wooden-base-asdcwb,https://printway.io/product/custom-shape-acrylic-sign-desk-clock-with-wooden-base-asdcwb,Home and Living,Lights,12.49,12.99,13.99,1,3,VN,Printway,Size|Style|Title,4,8
ATLWB,Custom Shape Acrylic Tracker Led Light With Pine Wooden Base,custom-shape-acrylic-tracker-led-light-with-pine-wooden-base-atlwb,https://printway.io/product/custom-shape-acrylic-tracker-led-light-with-pine-wooden-base-atlwb,Home and Living,Lights,13,14,16.25,1,3,VN,Printway,Size|Style,4,10
2SPLED,Custom Shape Double-Sided Printed Acrylic LED Light With Wooden Base,custom-shape-double-sided-printed-acrylic-led-light-with-wooden-base-2spled,https://printway.io/product/custom-shape-double-sided-printed-acrylic-led-light-with-wooden-base-2spled,Home and Living,Lights,8.5,9.5,14,1,3,VN,Printway,Size|Style|Title,8,14
E3LED,Custom Shape Engraved 3D LED Light with Wooden Base,custom-shape-engraved-3d-led-light-with-wooden-base-e3led,https://printway.io/product/custom-shape-engraved-3d-led-light-with-wooden-base-e3led,Home and Living,Lights,8.25,9.25,13.25,1,3,VN,Printway,Size|Style|Title,8,11
EMALB,Custom Shape Engraved Mirror Acrylic Light Box,custom-shape-engraved-mirror-acrylic-light-box-emalb,https://printway.io/product/custom-shape-engraved-mirror-acrylic-light-box-emalb,Home and Living,Lights,9.49,9.99,14.99,1,3,VN,Printway,Size|Color|Style,24,12
CSPLB,Custom Shape Photo Light Box,custom-shape-photo-light-box-csplb,https://printway.io/product/custom-shape-photo-light-box-csplb,Home and Living,Lights,5.54,6.04,10.29,1,3,VN,Printway,Size|Style|Title,16,15
EALED,Custom Shape Suncatcher Acrylic Night Light Box,custom-shape-suncatcher-acrylic-night-light-box-ealed,https://printway.io/product/custom-shape-suncatcher-acrylic-night-light-box-ealed,Home and Living,Lights,7.49,7.99,10.99,1,3,VN,Printway,Size|Style,6,9
SNLB,Custom Shape Suncatcher Night Light Box,custom-shape-suncatcher-night-light-box-snlb,https://printway.io/product/custom-shape-suncatcher-night-light-box-snlb,Home and Living,Lights,7.25,7.75,7.75,1,3,VN,Printway,Size|Style,1,9
CSWLS,Custom Shape Wooden Lighting Sign,custom-shape-wooden-lighting-sign-cswls,https://printway.io/product/custom-shape-wooden-lighting-sign-cswls,Home and Living,Lights,12.74,13.24,19.24,1,3,VN,Printway,Style|Size|Title,8,15
CWAC,Custom Wooden Advent Calendar,custom-wooden-advent-calendar-cwac,https://printway.io/product/custom-wooden-advent-calendar-cwac,Home and Living,Lights,6.49,6.99,9.99,1,3,VN,Printway,Size|Style,4,8
CWL,Custom Wooden Lamp,custom-wooden-lamp-cwl,https://printway.io/product/custom-wooden-lamp-cwl,Home and Living,Lights,7.74,8.24,10.24,1,3,VN,Printway,Style|Size,2,11
CWNL,Custom Wooden Night Light,custom-wooden-night-light-cwnl,https://printway.io/product/custom-wooden-night-light-cwnl,Home and Living,Lights,6.24,6.74,16.74,1,3,VN,Printway,Material|Style|Size,20,10
CWNLA,Custom Wooden Night Light Art Piece,custom-wooden-night-light-art-piece-cwnla,https://printway.io/product/custom-wooden-night-light-art-piece-cwnla,Home and Living,Lights,6.99,7.49,19.24,1,3,VN,Printway,Material|Style|Size,10,7
DNPNLN,Desk Name Plate Night Light,desk-name-plate-night-light-dnpnln,https://printway.io/product/desk-name-plate-night-light-dnpnln,Home and Living,Lights,1.74,2.24,10.49,1,3,VN,Printway,Size,21,12
DNPNLUS,Desk Name Plate Night Light - US,desk-name-plate-night-light-us-dnpnlus,https://printway.io/product/desk-name-plate-night-light-us-dnpnlus,Home and Living,Lights,4.24,4.74,11.24,3,4,US,Pentifine,Size|Style,9,7
LPLB,Luminous Painting Lighting Box,luminous-painting-lighting-box-lplb,https://printway.io/product/luminous-painting-lighting-box-lplb,Home and Living,Lights,8.24,8.74,8.74,1,3,VN,Printway,Size,1,9
MTWPL,Multi Layered Wooden Plaque with LED,multi-layered-wooden-plaque-with-led-mtwpl,https://printway.io/product/multi-layered-wooden-plaque-with-led-mtwpl,Home and Living,Lights,8.99,9.99,13.99,1,3,VN,Printway,Title|Size|Style,6,11
PMJL,Personalized Mason Jar Light,personalized-mason-jar-light-pmjl,https://printway.io/product/personalized-mason-jar-light-pmjl,Home and Living,Lights,23,24,24,3,5,CN,Relaxlines,Material|Style,4,8
MALB,Personalized Mirror Acrylic Light Box Picture Frame,personalized-mirror-acrylic-light-box-picture-frame-malb,https://printway.io/product/personalized-mirror-acrylic-light-box-picture-frame-malb,Home and Living,Lights,9.49,9.99,10.99,1,3,VN,Printway,Color|Title|Style,8,9
PPFLB,Personalized Picture Frame Light Box,personalized-picture-frame-light-box-ppflb,https://printway.io/product/personalized-picture-frame-light-box-ppflb,Home and Living,Lights,8.02,8.52,9.52,1,3,VN,Printway,Size|Style|Title,4,10
PWFLED,Personalized Wooden Frame LED Light,personalized-wooden-frame-led-light-pwfled,https://printway.io/product/personalized-wooden-frame-led-light-pwfled,Home and Living,Lights,12.49,12.99,13.49,1,3,VN,Printway,Size|Title|Style,2,10
RANL,Rectangle Acrylic Night Light - US,rectangle-acrylic-night-light-us-ranl,https://printway.io/product/rectangle-acrylic-night-light-us-ranl,Home and Living,Lights,9.5,10.5,13,1,3,US,Pentifine,Style|Size|Title,4,7
RPLSL,Round Plastic Led String Light,round-plastic-led-string-light-rplsl,https://printway.io/product/round-plastic-led-string-light-rplsl,Home and Living,Lights,7.49,7.9,7.9,1,3,VN,Printway,Style,1,6
WBL,Wine Bottle Lamp,wine-bottle-lamp-wbl,https://printway.io/product/wine-bottle-lamp-wbl,Home and Living,Lights,25,26,26,3,5,CN,Forudesigns,Style,2,11
BLCM,Black Mug,black-mug-blcm,https://printway.io/product/black-mug-blcm,Home and Living,Mugs,8.13,8.63,9.62,3,5,GB|EU|US,Gearment|Harrier|Pentifine|Print&Logistic|Swift POD,Size,2,9
CCMUG,Cauldron Ceramic Mug,cauldron-ceramic-mug-ccmug,https://printway.io/product/cauldron-ceramic-mug-ccmug,Home and Living,Mugs,17,17.5,19,3,5,CN,Cjzesty,Color|Style,4,13
CCM,Color Changing Mug,color-changing-mug-ccm,https://printway.io/product/color-changing-mug-ccm,Home and Living,Mugs,5.6,6.1,9.1,3,5,AU|US,Gearment|Prima,Size,2,10
EMCP,Enamel Mug,enamel-mug-emcp,https://printway.io/product/enamel-mug-emcp,Home and Living,Mugs,19.1,20.1,20.1,3,5,CN,Relaxlines,Size,1,10
ENMMAU,Enamel Mug,enamel-mug-enmmau,https://printway.io/product/enamel-mug-enmmau,Home and Living,Mugs,14.26,15.15,15.15,3,5,AU,The Print Bar,Style|Size,2,13
EGSSM,Engraved Stainless Steel Mug,engraved-stainless-steel-mug-egssm,https://printway.io/product/engraved-stainless-steel-mug-egssm,Home and Living,Mugs,17.92,18.42,19.42,5,7,CN,Relaxlines,Color|Style,8,10
FCUP,Frosted Cups,frosted-cups-fcup,https://printway.io/product/frosted-cups-fcup,Home and Living,Mugs,8,8.5,30.5,3,5,CN,Cjzesty,Size|Style,6,10
PPMG,Personalized Pottery Mug,personalized-pottery-mug-ppmg,https://printway.io/product/personalized-pottery-mug-ppmg,Home and Living,Mugs,16.74,17.24,17.74,3,5,CN,Cjzesty|Relaxlines,Color|Style,16,8
PPCM,Plant Pot Ceramic Mug,plant-pot-ceramic-mug-ppcm,https://printway.io/product/plant-pot-ceramic-mug-ppcm,Home and Living,Mugs,16.5,17,18,3,5,CN,Cjzesty,Style,2,11
SSCM,Stainless Steel Carabiner Mug,stainless-steel-carabiner-mug-sscm,https://printway.io/product/stainless-steel-carabiner-mug-sscm,Home and Living,Mugs,8.49,8.99,8.99,1,3,VN,Printway,Style,2,9
TTMUS,Two-tone Ceramic Mug,two-tone-ceramic-mug-ttmus,https://printway.io/product/two-tone-ceramic-mug-ttmus,Home and Living,Mugs,7.1,7.85,10.85,3,5,EU|AU|GB|US,Custom Cat|Gearment|Harrier|Pentifine|Print&Logistic|Swift POD|The Print Bar,Size|Style,14,12
WHCM,White Mug,white-mug-whcm,https://printway.io/product/white-mug-whcm,Home and Living,Mugs,4.7,5.64,8.34,3,5,AU|GB|EU|US,Gearment|Harrier|Pentifine|Prima|Print Clever|Print&Logistic|Swift POD,Size,2,18
ORNWUS,1 Layer Suncatcher Ornament - US,1-layer-suncatcher-ornament-us-ornwus,https://printway.io/product/1-layer-suncatcher-ornament-us-ornwus,Home and Living,Ornaments,3.5,4.25,11.75,1,3,US,Pentifine,Size|Title,33,7
ACOWB,1-Layer Acrylic Christmas Ornament With Bell,1-layer-acrylic-christmas-ornament-with-bell-acowb,https://printway.io/product/1-layer-acrylic-christmas-ornament-with-bell-acowb,Home and Living,Ornaments,3.14,3.44,3.59,1,3,VN,Printway,Size|Style,16,7
1LAOWC,1-Layer Acrylic Christmas Ornament With Charms,1-layer-acrylic-christmas-ornament-with-charms-1laowc,https://printway.io/product/1-layer-acrylic-christmas-ornament-with-charms-1laowc,Home and Living,Ornaments,4.49,4.99,6.99,1,3,VN,Printway,Size,5,6
1LHOWC,1-Layer Hologram Christmas Ornament With Charms,1-layer-hologram-christmas-ornament-with-charms-1lhowc,https://printway.io/product/1-layer-hologram-christmas-ornament-with-charms-1lhowc,Home and Living,Ornaments,4.99,5.49,7.49,1,3,VN,Printway,Material|Size,10,7
WCOWB,1-Layer Wooden Christmas Ornament With Bell,1-layer-wooden-christmas-ornament-with-bell-wcowb,https://printway.io/product/1-layer-wooden-christmas-ornament-with-bell-wcowb,Home and Living,Ornaments,2.64,2.94,3.34,1,3,VN,Printway,Size|Style,16,7
1LOWC,1-Layer Wooden Christmas Ornament With Charms,1-layer-wooden-christmas-ornament-with-charms-1lowc,https://printway.io/product/1-layer-wooden-christmas-ornament-with-charms-1lowc,Home and Living,Ornaments,3.74,4.24,6.24,1,3,VN,Printway,Size,5,6
2LAO,2 Layered Acrylic Ornament,2-layered-acrylic-ornament-2lao,https://printway.io/product/2-layered-acrylic-ornament-2lao,Home and Living,Ornaments,4.75,5.25,5.75,1,3,VN,Printway,Size,5,12
2LMORM,2 Layered Mix Ornament,2-layered-mix-ornament-2lmorm,https://printway.io/product/2-layered-mix-ornament-2lmorm,Home and Living,Ornaments,4.2,4.7,4.95,1,3,VN,Printway,Size|Title,4,12
2LMPORN,2 Layered Mix Piece Ornament,2-layered-mix-piece-ornament-2lmporn,https://printway.io/product/2-layered-mix-piece-ornament-2lmporn,Home and Living,Ornaments,4.2,4.7,7.24,1,3,VN,Printway,Size|Title|Material,24,7
2LPWOR,2 Layered Piece Wooden Ornament,2-layered-piece-wooden-ornament-2lpwor,https://printway.io/product/2-layered-piece-wooden-ornament-2lpwor,Home and Living,Ornaments,3.7,3.9,7.74,1,3,VN,Printway,Size,18,14
2LWORM,2 Layered Wooden Ornament,2-layered-wooden-ornament-2lworm,https://printway.io/product/2-layered-wooden-ornament-2lworm,Home and Living,Ornaments,,,3.55,1,3,VN,Printway,Size|Title,2,12
2LWOHP,2 Layered Wooden Ornament with Hanging Piece,2-layered-wooden-ornament-with-hanging-piece-2lwohp,https://printway.io/product/2-layered-wooden-ornament-with-hanging-piece-2lwohp,Home and Living,Ornaments,3.5,4,7,1,3,VN,Printway,Size|Title,5,7
2LAOWC,2-Layer Acrylic Christmas Ornament with Charms,2-layer-acrylic-christmas-ornament-with-charms-2laowc,https://printway.io/product/2-layer-acrylic-christmas-ornament-with-charms-2laowc,Home and Living,Ornaments,4.99,5.49,6.99,1,3,VN,Printway,Material|Size,2,6
2LHOWC,2-Layer Hologram Christmas Ornament With Charms,2-layer-hologram-christmas-ornament-with-charms-2lhowc,https://printway.io/product/2-layer-hologram-christmas-ornament-with-charms-2lhowc,Home and Living,Ornaments,6.24,6.74,8.74,1,3,VN,Printway,Material|Size,10,7
2LPACO,2-Layer Piece Acrylic Christmas Ornament,2-layer-piece-acrylic-christmas-ornament-2lpaco,https://printway.io/product/2-layer-piece-acrylic-christmas-ornament-2lpaco,Home and Living,Ornaments,4.75,5.25,7,1,3,VN,Printway,Size|Style,5,10
2LTAOWC,2-Layer Transparent Acrylic Christmas Ornament With Charms,2-layer-transparent-acrylic-christmas-ornament-with-charms-2ltaowc,https://printway.io/product/2-layer-transparent-acrylic-christmas-ornament-with-charms-2ltaowc,Home and Living,Ornaments,5.74,6.24,8.24,1,3,VN,Printway,Size,5,6
2LWAWC,2-Layer Wooden And Acrylic Christmas Ornament with Charms,2-layer-wooden-and-acrylic-christmas-ornament-with-charms-2lwawc,https://printway.io/product/2-layer-wooden-and-acrylic-christmas-ornament-with-charms-2lwawc,Home and Living,Ornaments,4.49,4.99,6.49,1,3,VN,Printway,Material|Size,4,7
2LOWC,2-Layer Wooden Christmas Ornament With Charms,2-layer-wooden-christmas-ornament-with-charms-2lowc,https://printway.io/product/2-layer-wooden-christmas-ornament-with-charms-2lowc,Home and Living,Ornaments,4.99,5.49,7.49,1,3,VN,Printway,Size,5,7
3LCSO,3 Layered Christmas Shaker Ornament,3-layered-christmas-shaker-ornament-3lcso,https://printway.io/product/3-layered-christmas-shaker-ornament-3lcso,Home and Living,Ornaments,5.99,6.49,10.49,1,3,VN,Printway,Size,12,6
3LPWOR,3 Layered Wooden Ornament,3-layered-wooden-ornament-3lpwor,https://printway.io/product/3-layered-wooden-ornament-3lpwor,Home and Living,Ornaments,4.95,5.45,6.45,1,3,VN,Printway,Size,4,5
3LAONM,3-Layer Acrylic Christmas Ornament,3-layer-acrylic-christmas-ornament-3laonm,https://printway.io/product/3-layer-acrylic-christmas-ornament-3laonm,Home and Living,Ornaments,5.75,6.25,7.25,1,3,VN,Printway,Size,3,7
3LSMO,3-Layer Wood And Acrylic Shaker Ornament,3-layer-wood-and-acrylic-shaker-ornament-3lsmo,https://printway.io/product/3-layer-wood-and-acrylic-shaker-ornament-3lsmo,Home and Living,Ornaments,3.75,4.25,8.25,1,3,VN,Printway,Material|Size,6,7
3LWACO,3-Layer Wooden And Acrylic Christmas Ornament,3-layer-wooden-and-acrylic-christmas-ornament-3lwaco,https://printway.io/product/3-layer-wooden-and-acrylic-christmas-ornament-3lwaco,Home and Living,Ornaments,4.5,5,6.75,1,3,VN,Printway,Material|Size,5,7
3DHO,3D Hanging Ornament,3d-hanging-ornament-3dho,https://printway.io/product/3d-hanging-ornament-3dho,Home and Living,Ornaments,3.5,4,6.75,1,3,VN,Printway,Material|Style|Size,12,7
45LORM,4-5 Layered Wooden Ornament,4-5-layered-wooden-ornament-45lorm,https://printway.io/product/4-5-layered-wooden-ornament-45lorm,Home and Living,Ornaments,5,5.5,9,1,3,VN,Printway,Material|Style|Size,16,13
4LAONM,4-Layer Acrylic Christmas Ornament,4-layer-acrylic-christmas-ornament-4laonm,https://printway.io/product/4-layer-acrylic-christmas-ornament-4laonm,Home and Living,Ornaments,6.75,7.25,8.25,1,3,VN,Printway,Size,3,7
5LCSO,5 Layered Christmas Shaker Ornament,5-layered-christmas-shaker-ornament-5lcso,https://printway.io/product/5-layered-christmas-shaker-ornament-5lcso,Home and Living,Ornaments,6.99,7.99,9.49,1,3,VN,Printway,Size,3,7
5LAONM,5-Layer Acrylic Christmas Ornament,5-layer-acrylic-christmas-ornament-5laonm,https://printway.io/product/5-layer-acrylic-christmas-ornament-5laonm,Home and Living,Ornaments,7.75,8.25,9.25,1,3,VN,Printway,Size,3,7
FSAORM,Acrylic Ornament,acrylic-ornament-fsaorm,https://printway.io/product/acrylic-ornament-fsaorm,Home and Living,Ornaments,1.95,2.25,2.5,1,3,VN,Printway,Style|Size|Title,84,8
ASKC,Acrylic Shaker Keychain,acrylic-shaker-keychain-askc,https://printway.io/product/acrylic-shaker-keychain-askc,Home and Living,Ornaments,3.74,4.24,4.24,1,3,VN,Printway,Style|Size,1,12
WCDUS,Acrylic Window Decor - US,acrylic-window-decor-us-wcdus,https://printway.io/product/acrylic-window-decor-us-wcdus,Home and Living,Ornaments,3.5,4.25,9.75,1,3,US,Pentifine,Size,5,6
AOAU,Aluminum Ornament,aluminum-ornament-aoau,https://printway.io/product/aluminum-ornament-aoau,Home and Living,Ornaments,1.95,2.25,6.8,1,3,VN|AU,Prima|Printway,Style|Title,28,11
BCWAP,Benelux Ceramic Christmas Ornament With Acrylic Pieces,benelux-ceramic-christmas-ornament-with-acrylic-pieces-bcwap,https://printway.io/product/benelux-ceramic-christmas-ornament-with-acrylic-pieces-bcwap,Home and Living,Ornaments,3.49,3.99,4.49,1,3,VN,Printway,Style,2,9
CRORM,Ceramic Ornament,ceramic-ornament-crorm,https://printway.io/product/ceramic-ornament-crorm,Home and Living,Ornaments,,,2.95,1,3,VN|US,Pentifine|Printway,Style|Title,10,18
CRORUS,Ceramic Ornament - US,ceramic-ornament-us-crorus,https://printway.io/product/ceramic-ornament-us-crorus,Home and Living,Ornaments,3,3.5,4.5,1,3,US,Pentifine,Style|Title,6,6
C3BORM,Christmas 3D Ball Ornament,christmas-3d-ball-ornament-c3borm,https://printway.io/product/christmas-3d-ball-ornament-c3borm,Home and Living,Ornaments,4.75,5.05,6.8,1,3,VN,Printway,Style|Size|Title,4,7
CCORN,Christmas Countdown Ornament,christmas-countdown-ornament-ccorn,https://printway.io/product/christmas-countdown-ornament-ccorn,Home and Living,Ornaments,5,5.3,10.35,1,3,VN,Printway,Style|Size|Title,12,8
CMDO,Christmas Door Ornament,christmas-door-ornament-cmdo,https://printway.io/product/christmas-door-ornament-cmdo,Home and Living,Ornaments,5.99,6.49,6.49,1,3,VN,Printway,Material|Style|Size,1,6
CONM,Crossing Ornament,crossing-ornament-conm,https://printway.io/product/crossing-ornament-conm,Home and Living,Ornaments,3.5,4,5.5,1,3,VN,Printway,Material|Size,6,7
3LDSW,Custom 3-Layer Double-Sided Wooden Ornament,custom-3-layer-double-sided-wooden-ornament-3ldsw,https://printway.io/product/custom-3-layer-double-sided-wooden-ornament-3ldsw,Home and Living,Ornaments,4.75,5.25,7.25,1,3,VN,Printway,Material|Size,6,6
CASO,Custom Acrylic Slider Ornament,custom-acrylic-slider-ornament-caso,https://printway.io/product/custom-acrylic-slider-ornament-caso,Home and Living,Ornaments,5.74,6.24,6.99,1,3,VN,Printway,Style|Size|Title,2,9
CFAO,Custom Frosted Acrylic Ornament,custom-frosted-acrylic-ornament-cfao,https://printway.io/product/custom-frosted-acrylic-ornament-cfao,Home and Living,Ornaments,2.7,3,5.25,1,3,VN,Printway,Size|Title,8,6
CGCH,Custom Gift Card Holder,custom-gift-card-holder-cgch,https://printway.io/product/custom-gift-card-holder-cgch,Home and Living,Ornaments,5.49,5.99,6.49,1,3,VN,Printway,Style|Size|Color,24,11
1LEAO,Custom Shape 1-Layer Embossed Acrylic Ornament,custom-shape-1-layer-embossed-acrylic-ornament-1leao,https://printway.io/product/custom-shape-1-layer-embossed-acrylic-ornament-1leao,Home and Living,Ornaments,3.75,4.25,5,3,5,VN,Winfinity,Size,3,8
1LMAOWC,Custom Shape 1-Layer Mirror Acrylic Ornament With Crystal Charm,custom-shape-1-layer-mirror-acrylic-ornament-with-crystal-charm-1lmaowc,https://printway.io/product/custom-shape-1-layer-mirror-acrylic-ornament-with-crystal-charm-1lmaowc,Home and Living,Ornaments,4.6,5.1,7.1,1,3,VN,Printway,Size|Style|Title,32,9
1LWHCO,Custom Shape 1-Layer Wooden Hanging Crystal Ornament,custom-shape-1-layer-wooden-hanging-crystal-ornament-1lwhco,https://printway.io/product/custom-shape-1-layer-wooden-hanging-crystal-ornament-1lwhco,Home and Living,Ornaments,5.25,5.75,6,1,3,VN,Printway,Size|Style|Title,4,8
1LWPOWC,Custom Shape 1-Layer Wooden Hanging Pieces Ornament With Crystal Charm,custom-shape-1-layer-wooden-hanging-pieces-ornament-with-crystal-charm-1lwpowc,https://printway.io/product/custom-shape-1-layer-wooden-hanging-pieces-ornament-with-crystal-charm-1lwpowc,Home and Living,Ornaments,6.25,6.75,7,1,3,VN,Printway,Size|Style|Title,4,7
2LORUS,Custom Shape 2 Layered Ornament - US,custom-shape-2-layered-ornament-us-2lorus,https://printway.io/product/custom-shape-2-layered-ornament-us-2lorus,Home and Living,Ornaments,4.86,5.61,10.75,1,3,US,Pentifine,Material|Size|Title,24,15
2LAWHP,Custom Shape 2-Layer Acrylic Ornament With Hanging Piece,custom-shape-2-layer-acrylic-ornament-with-hanging-piece-2lawhp,https://printway.io/product/custom-shape-2-layer-acrylic-ornament-with-hanging-piece-2lawhp,Home and Living,Ornaments,5,5.5,8.5,1,3,VN,Printway,Size|Title,5,7
2LFAWO,Custom Shape 2-Layer Frosted Acrylic And Wooden Ornament,custom-shape-2-layer-frosted-acrylic-and-wooden-ornament-2lfawo,https://printway.io/product/custom-shape-2-layer-frosted-acrylic-and-wooden-ornament-2lfawo,Home and Living,Ornaments,3.35,3.65,4.84,1,3,VN,Printway,Size,4,9
2LFMAO,Custom Shape 2-Layer Frosted And Mirror Acrylic Ornament,custom-shape-2-layer-frosted-and-mirror-acrylic-ornament-2lfmao,https://printway.io/product/custom-shape-2-layer-frosted-and-mirror-acrylic-ornament-2lfmao,Home and Living,Ornaments,3.25,3.55,4.99,1,3,VN,Printway,Size|Color,8,8
2LFAWA,Custom Shape 2-Layer Frosted And White Acrylic Ornament,custom-shape-2-layer-frosted-and-white-acrylic-ornament-2lfawa,https://printway.io/product/custom-shape-2-layer-frosted-and-white-acrylic-ornament-2lfawa,Home and Living,Ornaments,3.25,3.55,4.99,1,3,VN,Printway,Size,4,9
2LTMA,Custom Shape 2-Layer Transparent And Mirror Acrylic Ornament,custom-shape-2-layer-transparent-and-mirror-acrylic-ornament-2ltma,https://printway.io/product/custom-shape-2-layer-transparent-and-mirror-acrylic-ornament-2ltma,Home and Living,Ornaments,3.25,3.55,4.99,1,3,VN,Printway,Size|Color|Style,8,9
2LTWAO,Custom Shape 2-Layer Transparent And White Acrylic Ornament,custom-shape-2-layer-transparent-and-white-acrylic-ornament-2ltwao,https://printway.io/product/custom-shape-2-layer-transparent-and-white-acrylic-ornament-2ltwao,Home and Living,Ornaments,3.25,3.55,4.99,1,3,VN,Printway,Size|Style,8,11
2LWAMAO,Custom Shape 2-Layer White And Mirror Acrylic Ornament,custom-shape-2-layer-white-and-mirror-acrylic-ornament-2lwamao,https://printway.io/product/custom-shape-2-layer-white-and-mirror-acrylic-ornament-2lwamao,Home and Living,Ornaments,3.25,3.55,4.99,1,3,VN,Printway,Size|Color|Style,16,11
2LWAWO,Custom Shape 2-Layer Wooden And White Acrylic Ornament,custom-shape-2-layer-wooden-and-white-acrylic-ornament-2lwawo,https://printway.io/product/custom-shape-2-layer-wooden-and-white-acrylic-ornament-2lwawo,Home and Living,Ornaments,3.35,3.65,5.6,1,3,VN,Printway,Size|Style,10,10
2LWMAO,Custom Shape 2-Layer Wooden and Mirror Acrylic Ornament,custom-shape-2-layer-wooden-and-mirror-acrylic-ornament-2lwmao,https://printway.io/product/custom-shape-2-layer-wooden-and-mirror-acrylic-ornament-2lwmao,Home and Living,Ornaments,3.35,3.65,4.84,1,3,VN,Printway,Size|Color|Style,8,10
3LSMAO,Custom Shape 3-Layer Shaker Mirror Acrylic Ornament,custom-shape-3-layer-shaker-mirror-acrylic-ornament-3lsmao,https://printway.io/product/custom-shape-3-layer-shaker-mirror-acrylic-ornament-3lsmao,Home and Living,Ornaments,3.49,3.99,10.74,1,3,VN,Printway,Size|Color,12,11
CS3DWO,Custom Shape 3D Wooden Ornament,custom-shape-3d-wooden-ornament-cs3dwo,https://printway.io/product/custom-shape-3d-wooden-ornament-cs3dwo,Home and Living,Ornaments,4.75,5.25,5.25,1,3,VN,Printway,Size,1,10
CSAONMT,Custom Shape Acrylic Ornament,custom-shape-acrylic-ornament-csaonmt,https://printway.io/product/custom-shape-acrylic-ornament-csaonmt,Home and Living,Ornaments,2.55,2.75,6.45,1,3,VN,Pentifine VN|Printway,Size|Title,18,15
CSCORM,Custom Shape Car Ornament,custom-shape-car-ornament-cscorm,https://printway.io/product/custom-shape-car-ornament-cscorm,Home and Living,Ornaments,2.3,2.5,3.75,1,3,VN,Printway,Material|Size|Title,16,15
CSCOUS,Custom Shape Car Ornament - US,custom-shape-car-ornament-us-cscous,https://printway.io/product/custom-shape-car-ornament-us-cscous,Home and Living,Ornaments,3.55,4.3,6.3,1,3,US,Pentifine,Material|Size|Title,16,5
E1LMAO,Custom Shape Engraved 1-Layer Mirror Acrylic Ornament,custom-shape-engraved-1-layer-mirror-acrylic-ornament-e1lmao,https://printway.io/product/custom-shape-engraved-1-layer-mirror-acrylic-ornament-e1lmao,Home and Living,Ornaments,2.75,3.05,4.05,1,3,VN,Printway,Size|Color|Style,16,10
CSHO,Custom Shape Hologram Ornament,custom-shape-hologram-ornament-csho,https://printway.io/product/custom-shape-hologram-ornament-csho,Home and Living,Ornaments,2.5,3,8,1,3,VN,Printway,Material|Style|Size,32,16
CSORUS,Custom Shape Ornament - US,custom-shape-ornament-us-csorus,https://printway.io/product/custom-shape-ornament-us-csorus,Home and Living,Ornaments,3,3.75,10.04,1,3,US,Pentifine,Material|Size|Title,36,6
COWHP,Custom Shape Ornament With Hanging Piece,custom-shape-ornament-with-hanging-piece-cowhp,https://printway.io/product/custom-shape-ornament-with-hanging-piece-cowhp,Home and Living,Ornaments,2.25,2.45,10,1,3,VN,Printway,Material|Size|Title,72,7
CSSO,Custom Shape Seesaw Ornament,custom-shape-seesaw-ornament-csso,https://printway.io/product/custom-shape-seesaw-ornament-csso,Home and Living,Ornaments,7.24,7.74,7.74,1,3,VN,Printway,Material|Style|Size,1,8
CSWACO,Custom Shape Wavy Acrylic Christmas Ornament,custom-shape-wavy-acrylic-christmas-ornament-cswaco,https://printway.io/product/custom-shape-wavy-acrylic-christmas-ornament-cswaco,Home and Living,Ornaments,3,3.5,7,1,3,VN,Printway,Size,7,7
CSWONMT,Custom Shape Wooden Ornament,custom-shape-wooden-ornament-cswonmt,https://printway.io/product/custom-shape-wooden-ornament-cswonmt,Home and Living,Ornaments,1.95,2.25,5.5,1,3,VN,Pentifine VN|Printway,Size|Title,24,17
WSCO,Custom Shape Wooden Swaying Car Ornament,custom-shape-wooden-swaying-car-ornament-wsco,https://printway.io/product/custom-shape-wooden-swaying-car-ornament-wsco,Home and Living,Ornaments,3.5,4,4.5,1,3,VN,Printway,Size,2,9
PWRO,Custom Wooden Reveal Ornament,custom-wooden-reveal-ornament-pwro,https://printway.io/product/custom-wooden-reveal-ornament-pwro,Home and Living,Ornaments,4.75,5.25,6.25,1,3,VN,Printway,Style|Size,2,8
CWSO,Custom Wooden Slider Ornament,custom-wooden-slider-ornament-cwso,https://printway.io/product/custom-wooden-slider-ornament-cwso,Home and Living,Ornaments,5.74,6.24,6.99,1,3,VN,Printway,Style|Size|Title,2,10
EMBOPF,Embroidered Ornament with Oval Plastic Frame Hoop,embroidered-ornament-with-oval-plastic-frame-hoop-embopf,https://printway.io/product/embroidered-ornament-with-oval-plastic-frame-hoop-embopf,Home and Living,Ornaments,6.25,6.75,11.5,3,5,VN,Đại Phát Embroidery,Size|Style|Title,900,15
EMBORBF,Embroidered Ornament with Round Bamboo Frame Hoop,embroidered-ornament-with-round-bamboo-frame-hoop-emborbf,https://printway.io/product/embroidered-ornament-with-round-bamboo-frame-hoop-emborbf,Home and Living,Ornaments,7.25,7.75,14.5,3,5,VN,Đại Phát Embroidery,Size|Style|Title,1800,14
EMBPFH,Embroidered Ornament with Round Plastic Frame Hoop,embroidered-ornament-with-round-plastic-frame-hoop-embpfh,https://printway.io/product/embroidered-ornament-with-round-plastic-frame-hoop-embpfh,Home and Living,Ornaments,7.25,7.75,11.5,3,5,VN,Đại Phát Embroidery,Size|Style|Title,540,14
EMBORWF,Embroidered Ornament with Round Wood Frame Hoop,embroidered-ornament-with-round-wood-frame-hoop-emborwf,https://printway.io/product/embroidered-ornament-with-round-wood-frame-hoop-emborwf,Home and Living,Ornaments,7.75,8.25,14.5,3,5,VN,Đại Phát Embroidery,Size|Style|Title,1440,15
GLORUS,Glass Ornament - US,glass-ornament-us-glorus,https://printway.io/product/glass-ornament-us-glorus,Home and Living,Ornaments,4.25,4.75,4.75,1,3,US,Pentifine,Style,2,8
RGOBC,Glass Ornament With Ball Chain,glass-ornament-with-ball-chain-rgobc,https://printway.io/product/glass-ornament-with-ball-chain-rgobc,Home and Living,Ornaments,4.24,4.54,5.04,1,3,VN,Printway,Style|Size,8,9
GOBCUS,Glass Ornament With Ball Chain - US,glass-ornament-with-ball-chain-us-gobcus,https://printway.io/product/glass-ornament-with-ball-chain-us-gobcus,Home and Living,Ornaments,5.05,6.1,6.1,1,3,US,Pentifine,Style,2,5
GOWCC,Glass Ornament With Crystal Charm,glass-ornament-with-crystal-charm-gowcc,https://printway.io/product/glass-ornament-with-crystal-charm-gowcc,Home and Living,Ornaments,5.74,6.24,8.24,1,3,VN,Printway,Size|Title|Style,12,7
GPORNT,Glitter Plastic Ornament,glitter-plastic-ornament-gpornt,https://printway.io/product/glitter-plastic-ornament-gpornt,Home and Living,Ornaments,4.24,4.54,4.79,1,3,VN,Printway,Color|Title,8,9
HCWAP,Heart Ceramic Christmas Ornament With Acrylic Pieces,heart-ceramic-christmas-ornament-with-acrylic-pieces-hcwap,https://printway.io/product/heart-ceramic-christmas-ornament-with-acrylic-pieces-hcwap,Home and Living,Ornaments,3.49,3.99,4.49,1,3,VN,Printway,Style,2,13
HGWAP,Heart Glass Christmas Ornament With Acrylic Pieces,heart-glass-christmas-ornament-with-acrylic-pieces-hgwap,https://printway.io/product/heart-glass-christmas-ornament-with-acrylic-pieces-hgwap,Home and Living,Ornaments,5.99,6.49,6.49,1,3,VN,Printway,Size|Style,1,8
HGLOR,Heart Glass Ornament,heart-glass-ornament-hglor,https://printway.io/product/heart-glass-ornament-hglor,Home and Living,Ornaments,3.95,4.45,4.45,1,3,VN|US,Pentifine|Pentifine VN|Printway,Style|Size,2,14
JCOR,Jersey Ceramic Ornament,jersey-ceramic-ornament-jcor,https://printway.io/product/jersey-ceramic-ornament-jcor,Home and Living,Ornaments,,,4.5,1,3,VN,Printway,Size|Title,2,6
JBONM,Jingle Bell Ornament,jingle-bell-ornament-jbonm,https://printway.io/product/jingle-bell-ornament-jbonm,Home and Living,Ornaments,12,12.5,37.5,3,5,CN,Cjzesty,Color|Style,12,9
LHORN,Letter Holder Ornament,letter-holder-ornament-lhorn,https://printway.io/product/letter-holder-ornament-lhorn,Home and Living,Ornaments,5.49,5.99,5.99,1,3,VN,Printway,Size,1,9
ORACC,Ornament Accessories,ornament-accessories-oracc,https://printway.io/product/ornament-accessories-oracc,Home and Living,Ornaments,0.5,0.5,2.5,1,3,VN,Printway,Style,48,15
ORACUS,Ornament Accessories - US,ornament-accessories-us-oracus,https://printway.io/product/ornament-accessories-us-oracus,Home and Living,Ornaments,1.5,1.5,2,1,2,US,Pentifine,Style,3,6
OCWAP,Oval Ceramic Christmas Ornament With Acrylic Pieces,oval-ceramic-christmas-ornament-with-acrylic-pieces-ocwap,https://printway.io/product/oval-ceramic-christmas-ornament-with-acrylic-pieces-ocwap,Home and Living,Ornaments,3.49,3.99,4.49,1,3,VN,Printway,Style,2,7
PFO,Personalized Picture Frame Ornament,personalized-picture-frame-ornament-pfo,https://printway.io/product/personalized-picture-frame-ornament-pfo,Home and Living,Ornaments,8.49,8.99,8.99,1,3,VN,Printway,Size|Color|Style,2,14
WHS3D,Personalized Wooden House Shape 3D Christmas Ornament,personalized-wooden-house-shape-3d-christmas-ornament-whs3d,https://printway.io/product/personalized-wooden-house-shape-3d-christmas-ornament-whs3d,Home and Living,Ornaments,5.25,5.75,5.75,1,3,VN,Printway,Size,1,9
PFHCO,Photo Frame Hanging Car Ornament,photo-frame-hanging-car-ornament-pfhco,https://printway.io/product/photo-frame-hanging-car-ornament-pfhco,Home and Living,Ornaments,3.95,4.45,12.25,1,3,VN,Printway,Size|Material|Style,120,9
PLRO,Polaroid Ornament,polaroid-ornament-plro,https://printway.io/product/polaroid-ornament-plro,Home and Living,Ornaments,3.95,4.45,12.25,1,3,VN,Printway,Size|Material|Style,120,13
PCMO,Powder Coated Metal Ornament,powder-coated-metal-ornament-pcmo,https://printway.io/product/powder-coated-metal-ornament-pcmo,Home and Living,Ornaments,5.4,5.7,7.2,1,3,VN,Printway,Size,4,7
RPZO,Rectangle Puzzle Ornament,rectangle-puzzle-ornament-rpzo,https://printway.io/product/rectangle-puzzle-ornament-rpzo,Home and Living,Ornaments,5.49,5.99,5.99,1,3,VN,Printway,Size,1,7
RONM,Rotating Ornament,rotating-ornament-ronm,https://printway.io/product/rotating-ornament-ronm,Home and Living,Ornaments,3.65,3.95,8.45,1,3,VN,Printway,Material|Style|Size,32,9
RCWAP,Round Ceramic Christmas Ornament With Acrylic Pieces,round-ceramic-christmas-ornament-with-acrylic-pieces-rcwap,https://printway.io/product/round-ceramic-christmas-ornament-with-acrylic-pieces-rcwap,Home and Living,Ornaments,3.49,3.99,4.49,1,3,VN,Printway,Style,2,14
RGWAP,Round Glass Christmas Ornament With Acrylic Pieces,round-glass-christmas-ornament-with-acrylic-pieces-rgwap,https://printway.io/product/round-glass-christmas-ornament-with-acrylic-pieces-rgwap,Home and Living,Ornaments,5.49,5.99,5.99,1,3,VN,Printway,Size|Style,1,9
GLORNT,Round Glass Ornament,round-glass-ornament-glornt,https://printway.io/product/round-glass-ornament-glornt,Home and Living,Ornaments,3.95,4.45,4.45,1,3,VN|US,Pentifine|Pentifine VN|Printway,Size,2,12
GLORNT,Round Glass Ornament,glass-ornament-glo,https://printway.io/product/glass-ornament-glo,Home and Living,Ornaments,3.95,4.45,4.45,1,3,VN|US,Pentifine|Pentifine VN|Printway,Size,2,12
SBHO,Shooter Bottle Holder Ornament,shooter-bottle-holder-ornament-sbho,https://printway.io/product/shooter-bottle-holder-ornament-sbho,Home and Living,Ornaments,4.5,4.9,5.4,1,3,VN,Printway,Material|Size,2,8
SPZO,Square Puzzle Ornament,square-puzzle-ornament-spzo,https://printway.io/product/square-puzzle-ornament-spzo,Home and Living,Ornaments,5.49,5.99,5.99,1,3,VN,Printway,Size,1,7
SGOS,Stained Glass Ornament - Type 2,stained-glass-ornament-type-2-sgos,https://printway.io/product/stained-glass-ornament-type-2-sgos,Home and Living,Ornaments,4.74,5.24,8.24,1,3,VN,Printway,Style|Size,4,7
SGO2US,Stained Glass Ornament - Type 2 - US,stained-glass-ornament-type-2-us-sgo2us,https://printway.io/product/stained-glass-ornament-type-2-us-sgo2us,Home and Living,Ornaments,7.14,7.89,11.25,1,3,US,Pentifine,Style|Size,4,8
SGOUS,Stained Glass Ornament - US,stained-glass-ornament-us-sgous,https://printway.io/product/stained-glass-ornament-us-sgous,Home and Living,Ornaments,7.14,7.89,11.25,1,3,US,Pentifine,Style|Size,4,7
SGS2US,Stained Glass Suncatcher - Type 2 - US,stained-glass-suncatcher-type-2-us-sgs2us,https://printway.io/product/stained-glass-suncatcher-type-2-us-sgs2us,Home and Living,Ornaments,7.14,7.89,11.25,1,3,US,Pentifine,Style|Size,4,9
SGSCUS,Stained Glass Suncatcher - US,stained-glass-suncatcher-us-sgscus,https://printway.io/product/stained-glass-suncatcher-us-sgscus,Home and Living,Ornaments,7.14,7.89,11.25,1,3,US,Pentifine,Style|Size,4,6
SCWAP,Star Ceramic Christmas Ornament With Acrylic Pieces,star-ceramic-christmas-ornament-with-acrylic-pieces-scwap,https://printway.io/product/star-ceramic-christmas-ornament-with-acrylic-pieces-scwap,Home and Living,Ornaments,3.49,3.99,4.49,1,3,VN,Printway,Style,2,7
SRORUS,Suncatcher Ornament - US,suncatcher-ornament-us-srorus,https://printway.io/product/suncatcher-ornament-us-srorus,Home and Living,Ornaments,5.95,6.75,13.75,1,3,US,Pentifine,Size|Title,21,6
TPCORM,Transparent Acrylic Car Ornament,transparent-acrylic-car-ornament-tpcorm,https://printway.io/product/transparent-acrylic-car-ornament-tpcorm,Home and Living,Ornaments,,,1.95,1,3,VN,Printway,Material|Size|Title,2,10
TPORM,Transparent Acrylic Ornament,transparent-acrylic-ornament-tporm,https://printway.io/product/transparent-acrylic-ornament-tporm,Home and Living,Ornaments,2.55,2.75,5.5,1,3,VN,Printway,Material|Size|Title,16,18
FSWORM,Wooden Ornament,wooden-ornament-fsworm,https://printway.io/product/wooden-ornament-fsworm,Home and Living,Ornaments,1.95,2.25,2.5,1,3,VN,Printway,Style|Size|Title,84,10
CFG,Car Flag,car-flag-cfg,https://printway.io/product/car-flag-cfg,Home and Living,Outdoor & Gardening,13,13.5,13.5,3,5,CN,Cjzesty,Size,1,7
CCH,Coffee Cup Holder,coffee-cup-holder-cch,https://printway.io/product/coffee-cup-holder-cch,Home and Living,Outdoor & Gardening,12.24,12.74,13.74,1,3,VN,Printway,Material|Style,2,7
CTLP,Cotton Linen Tapestry,cotton-linen-tapestry-ctlp,https://printway.io/product/cotton-linen-tapestry-ctlp,Home and Living,Outdoor & Gardening,7.99,8.49,12.49,3,4,US,Artsadd,Size,4,7
CS1LHSWC,Custom Shape 1-Layer Holographic Suncatcher Wind Chime,custom-shape-1-layer-holographic-suncatcher-wind-chime-cs1lhswc,https://printway.io/product/custom-shape-1-layer-holographic-suncatcher-wind-chime-cs1lhswc,Home and Living,Outdoor & Gardening,10.49,10.99,11.99,1,3,VN,Printway,Material|Size,6,8
2LWASHPWC,Custom Shape 2-Layer Wooden And Acrylic Suncatcher Hanging Pieces Wind Chime,custom-shape-2-layer-wooden-and-acrylic-suncatcher-hanging-pieces-wind-chime-2lwashpwc,https://printway.io/product/custom-shape-2-layer-wooden-and-acrylic-suncatcher-hanging-pieces-wind-chime-2lwashpwc,Home and Living,Outdoor & Gardening,10.99,11.49,13.49,1,3,VN,Printway,Size|Title,6,8
2LWAWSCW,Custom Shape 2-Layer Wooden And Acrylic Suncatcher Hanging Pieces Wind Chime With Crystal Charm,custom-shape-2-layer-wooden-and-acrylic-suncatcher-hanging-pieces-wind-chime-with-crystal-charm-2lwawscw,https://printway.io/product/custom-shape-2-layer-wooden-and-acrylic-suncatcher-hanging-pieces-wind-chime-with-crystal-charm-2lwawscw,Home and Living,Outdoor & Gardening,13.49,13.99,16.49,1,3,VN,Printway,Size|Style|Title,12,8
CS2LWHSWC,Custom Shape 2-Layer Wooden And Holographic Suncatcher Wind Chime,custom-shape-2-layer-wooden-and-holographic-suncatcher-wind-chime-cs2lwhswc,https://printway.io/product/custom-shape-2-layer-wooden-and-holographic-suncatcher-wind-chime-cs2lwhswc,Home and Living,Outdoor & Gardening,10.99,11.99,12.99,1,3,VN,Printway,Material|Size,6,9
GMSWS,Custom Shape Garden Metal Sign With Stake,custom-shape-garden-metal-sign-with-stake-gmsws,https://printway.io/product/custom-shape-garden-metal-sign-with-stake-gmsws,Home and Living,Outdoor & Gardening,16.49,16.99,38.99,1,3,VN,Printway,Size|Style|Title,28,9
FWBN,Fabric Welcome Banner,fabric-welcome-banner-fwbn,https://printway.io/product/fabric-welcome-banner-fwbn,Home and Living,Outdoor & Gardening,7.5,8,10.5,3,5,VN,Winfinity,Size|Color,20,8
GF,Garden Flag,garden-flag-gf,https://printway.io/product/garden-flag-gf,Home and Living,Outdoor & Gardening,15.5,16.5,16.5,1,3,CN|VN,Dogeprint|Printway,Size,2,15
GMF,Grommet Flag,grommet-flag-gmf,https://printway.io/product/grommet-flag-gmf,Home and Living,Outdoor & Gardening,4.5,5,16.5,3,5,VN,Winfinity,Size,6,9
HFG,Hand Flag,hand-flag-hfg,https://printway.io/product/hand-flag-hfg,Home and Living,Outdoor & Gardening,2.75,3.25,3.25,3,5,VN,Winfinity,Size|Style,1,7
HFUS,Handheld Flag,handheld-flag-hfus,https://printway.io/product/handheld-flag-hfus,Home and Living,Outdoor & Gardening,3.25,3.55,29,1,3,US,Pentifine,Size|Style,4,11
DFLAG,House Flag,house-flag-dflag,https://printway.io/product/house-flag-dflag,Home and Living,Outdoor & Gardening,17.5,18.5,51,3,5,CN,Relaxlines,Size,5,10
LCBC,Lace Chair Back Cover,lace-chair-back-cover-lcbc,https://printway.io/product/lace-chair-back-cover-lcbc,Home and Living,Outdoor & Gardening,16.5,17,25.5,3,5,CN,Artsadd - CN,Style,2,9
LHTP,Lace Hanging Tapestry,lace-hanging-tapestry-lhtp,https://printway.io/product/lace-hanging-tapestry-lhtp,Home and Living,Outdoor & Gardening,15.5,16,22,3,5,CN,Artsadd - CN,Size,4,11
MVB,Matte Vinyl Banner,matte-vinyl-banner-mvb,https://printway.io/product/matte-vinyl-banner-mvb,Home and Living,Outdoor & Gardening,6.55,7.05,11.05,1,3,US,Pentifine,Size,4,6
PSTP,Peach Skin Tapestry,peach-skin-tapestry-pstp,https://printway.io/product/peach-skin-tapestry-pstp,Home and Living,Outdoor & Gardening,7.5,8,11.75,3,4,US,Artsadd,Size,4,11
SCB,Semi-Circle Banner,semi-circle-banner-scb,https://printway.io/product/semi-circle-banner-scb,Home and Living,Outdoor & Gardening,7,7.5,14,1,3,US,Pentifine,Size,3,8
SFFG,Semicircle Fence Flag,semicircle-fence-flag-sffg,https://printway.io/product/semicircle-fence-flag-sffg,Home and Living,Outdoor & Gardening,6.25,6.75,11.75,3,5,VN,Winfinity,Size,3,7
TGF,Triangular Flag,triangular-flag-tgf,https://printway.io/product/triangular-flag-tgf,Home and Living,Outdoor & Gardening,13.5,14,16,3,5,CN,Cjzesty,Size,2,9
WC,Wind Chimes,wind-chimes-wc,https://printway.io/product/wind-chimes-wc,Home and Living,Outdoor & Gardening,6.39,6.89,10.5,1,3,VN,Printway,Title,2,8
WCSCOM,Wind Chimes Suncatcher,wind-chimes-suncatcher-wcscom,https://printway.io/product/wind-chimes-suncatcher-wcscom,Home and Living,Outdoor & Gardening,10.44,10.94,13.49,1,3,VN,Printway,Size,5,7
WDSP,Wind Spinner,wind-spinner-wdsp,https://printway.io/product/wind-spinner-wdsp,Home and Living,Outdoor & Gardening,11,12,17.24,1,3,VN,Printway,Size,5,11
WOBH,Wooden Bird House,wooden-bird-house-wobh,https://printway.io/product/wooden-bird-house-wobh,Home and Living,Outdoor & Gardening,14.49,15.49,15.49,1,3,VN,Printway,Style|Size,1,5
WOPB,Wooden Planter Box,wooden-planter-box-wopb,https://printway.io/product/wooden-planter-box-wopb,Home and Living,Outdoor & Gardening,9.49,10.49,14.49,1,3,VN,Printway,Style|Size,2,9
AOPPB,All-Over Print Pet Bandana,all-over-print-pet-bandana-aoppb,https://printway.io/product/all-over-print-pet-bandana-aoppb,Home and Living,Pet Supplies,4.5,5,6.25,3,5,VN,Winfinity,Size,6,8
AOPVPJ,All-Over Print V-neck Pet Jersey,all-over-print-v-neck-pet-jersey-aopvpj,https://printway.io/product/all-over-print-v-neck-pet-jersey-aopvpj,Home and Living,Pet Supplies,5.75,6.25,7,3,5,VN,Winfinity,Size,9,10
CTPU,Custom Pet Urn,custom-pet-urn-ctpu,https://printway.io/product/custom-pet-urn-ctpu,Home and Living,Pet Supplies,8.5,9,9,1,3,VN,Printway,Size|Color,2,9
DLH,Dog Leash Holder,dog-leash-holder-dlh,https://printway.io/product/dog-leash-holder-dlh,Home and Living,Pet Supplies,6.49,6.99,11.99,1,3,VN,Printway,Size|Color,8,6
DWBH,Dog Waste Bag Holder,dog-waste-bag-holder-dwbh,https://printway.io/product/dog-waste-bag-holder-dwbh,Home and Living,Pet Supplies,2.25,2.55,2.55,1,3,VN,Printway,Material|Size|Color,24,6
EPTC,Engraved Pet Tag Collar,engraved-pet-tag-collar-eptc,https://printway.io/product/engraved-pet-tag-collar-eptc,Home and Living,Pet Supplies,3.24,3.74,3.74,1,3,VN,Printway,Size|Color,4,5
PBH,Pet Bowl Holder,pet-bowl-holder-pbh,https://printway.io/product/pet-bowl-holder-pbh,Home and Living,Pet Supplies,5.24,5.74,9.74,1,3,VN,Printway,Style|Size,3,7
PFS,Pet Feeding Station,pet-feeding-station-pfs,https://printway.io/product/pet-feeding-station-pfs,Home and Living,Pet Supplies,10.24,10.74,16.74,1,3,VN,Printway,Material|Style|Size,2,8
CPF,Carousel Photo Frame,carousel-photo-frame-cpf,https://printway.io/product/carousel-photo-frame-cpf,Home and Living,Picture Frames & Displays,7.25,7.75,7.75,1,3,VN,Printway,Material|Size,1,6
CPFL,Custom Photo Frame Lamp,custom-photo-frame-lamp-cpfl,https://printway.io/product/custom-photo-frame-lamp-cpfl,Home and Living,Picture Frames & Displays,8.06,8.56,11.49,1,3,VN,Printway,Size,4,11
1LWCPF,Custom Shape 1-Layer Wooden Clipboard Picture Frame,custom-shape-1-layer-wooden-clipboard-picture-frame-1lwcpf,https://printway.io/product/custom-shape-1-layer-wooden-clipboard-picture-frame-1lwcpf,Home and Living,Picture Frames & Displays,7.49,7.99,8.24,1,3,VN,Printway,Size|Style,2,7
2LAFP,Custom Shape 2-Layer Acrylic Floating Photo Frame,custom-shape-2-layer-acrylic-floating-photo-frame-2lafp,https://printway.io/product/custom-shape-2-layer-acrylic-floating-photo-frame-2lafp,Home and Living,Picture Frames & Displays,12.49,12.99,27.99,1,3,VN,Printway,Size|Style,6,11
3LWCPF,Custom Shape 3-Layer Wooden Countdown Photo Frame,custom-shape-3-layer-wooden-countdown-photo-frame-3lwcpf,https://printway.io/product/custom-shape-3-layer-wooden-countdown-photo-frame-3lwcpf,Home and Living,Picture Frames & Displays,11.49,11.99,11.99,1,3,VN,Printway,Size|Style,1,8
CSMLPF,Custom Shape Multi-Layered Photo Frame,custom-shape-multi-layered-photo-frame-csmlpf,https://printway.io/product/custom-shape-multi-layered-photo-frame-csmlpf,Home and Living,Picture Frames & Displays,6.25,6.75,8.75,1,3,VN,Printway,Style|Size|Title,6,8
CSPF,Custom Shape Photo Frame,custom-shape-photo-frame-cspf,https://printway.io/product/custom-shape-photo-frame-cspf,Home and Living,Picture Frames & Displays,6.24,6.74,8.74,1,3,VN,Printway,Material|Size|Style,6,7
CSWRPC,Custom Shape Wooden Rotating Photo Cube,custom-shape-wooden-rotating-photo-cube-cswrpc,https://printway.io/product/custom-shape-wooden-rotating-photo-cube-cswrpc,Home and Living,Picture Frames & Displays,12.49,12.99,12.99,1,3,VN,Printway,Size,1,9
CSWRPF,Custom Shape Wooden Rotating Photo Frame,custom-shape-wooden-rotating-photo-frame-cswrpf,https://printway.io/product/custom-shape-wooden-rotating-photo-frame-cswrpf,Home and Living,Picture Frames & Displays,6.49,6.99,6.99,1,3,VN,Printway,Size,1,8
HCFAB,Hand Cranked Flipbook Animation Box,hand-cranked-flipbook-animation-box-hcfab,https://printway.io/product/hand-cranked-flipbook-animation-box-hcfab,Home and Living,Picture Frames & Displays,20.24,20.74,22.74,5,7,CN,Cjzesty,Title|Style,4,12
MAPF,Magnetic Picture Frames,magnetic-picture-frames-mapf,https://printway.io/product/magnetic-picture-frames-mapf,Home and Living,Picture Frames & Displays,5.24,5.74,9.74,1,3,VN,Printway,Size|Style|Title,8,8
MRPF,Mirrored Picture Frame,mirrored-picture-frame-mrpf,https://printway.io/product/mirrored-picture-frame-mrpf,Home and Living,Picture Frames & Displays,4.49,5.49,22.49,1,3,VN,Printway,Size|Style,14,6
PBBL,Photo Building Block,photo-building-block-pbbl,https://printway.io/product/photo-building-block-pbbl,Home and Living,Picture Frames & Displays,4.25,4.75,8.49,1,3,VN,Printway,Size|Title,18,12
PBBUS,Photo Building Block - US,photo-building-block-us-pbbus,https://printway.io/product/photo-building-block-us-pbbus,Home and Living,Picture Frames & Displays,5.99,6.49,9.49,1,3,US,Pentifine,Size|Title,14,10
PCF9,Photo Clip Frame,photo-clip-frame-pcf9,https://printway.io/product/photo-clip-frame-pcf9,Home and Living,Picture Frames & Displays,6.99,7.99,9.99,1,3,VN,Printway,Material|Style|Size,4,11
PCB,Photo Collection Box,photo-collection-box-pcb,https://printway.io/product/photo-collection-box-pcb,Home and Living,Picture Frames & Displays,7.99,8.99,8.99,1,3,VN,Printway,Size,1,9
PNTTAU,Photo Panel Tabletop,photo-panel-tabletop-pnttau,https://printway.io/product/photo-panel-tabletop-pnttau,Home and Living,Picture Frames & Displays,8.94,9.44,11.39,3,5,AU,Prima,Size,2,7
PFWTH,Picture Frame With Tassel Holder,picture-frame-with-tassel-holder-pfwth,https://printway.io/product/picture-frame-with-tassel-holder-pfwth,Home and Living,Picture Frames & Displays,4.75,5.25,8.25,1,3,VN,Printway,Style|Size|Color,186,8
VPFM,Vintage Photo Frame Magnet,vintage-photo-frame-magnet-vpfm,https://printway.io/product/vintage-photo-frame-magnet-vpfm,Home and Living,Picture Frames & Displays,3.15,3.45,4.45,1,3,VN,Printway,Color|Style|Title,14,9
WAPWF,Wooden Art Piece With Frame,wooden-art-piece-with-frame-wapwf,https://printway.io/product/wooden-art-piece-with-frame-wapwf,Home and Living,Picture Frames & Displays,9.49,9.99,11.99,1,3,VN,Printway,Size|Color|Style,4,9
WAPF,Wooden Frame With Acrylic Art Piece,wooden-frame-with-acrylic-art-piece-wapf,https://printway.io/product/wooden-frame-with-acrylic-art-piece-wapf,Home and Living,Picture Frames & Displays,9.49,9.99,9.99,1,3,VN,Printway,Size|Color|Style,4,9
WPBL,Wooden Photo Block,wooden-photo-block-wpbl,https://printway.io/product/wooden-photo-block-wpbl,Home and Living,Picture Frames & Displays,4.24,4.74,8.74,1,3,VN,Printway,Title|Size,4,7
WPB,Wooden Photo Box,wooden-photo-box-wpb,https://printway.io/product/wooden-photo-box-wpb,Home and Living,Picture Frames & Displays,4.99,5.49,5.49,1,3,VN,Printway,Size,1,7
WPHB,Wooden Photo Holder Block,wooden-photo-holder-block-wphb,https://printway.io/product/wooden-photo-holder-block-wphb,Home and Living,Picture Frames & Displays,4.49,4.99,10.24,1,3,VN,Printway,Title|Size|Style,16,7
WPTVF,Wooden Photo TV Frame,wooden-photo-tv-frame-wptvf,https://printway.io/product/wooden-photo-tv-frame-wptvf,Home and Living,Picture Frames & Displays,6.49,6.99,6.99,1,3,VN,Printway,Size,1,7
WDF,Wooden Picture Frame,wooden-picture-frame-wdf,https://printway.io/product/wooden-picture-frame-wdf,Home and Living,Picture Frames & Displays,7.49,7.99,7.99,1,3,VN,Printway,Size|Color|Style,4,9
CS1616,Canvas Cushion Cover,canvas-cushion-cover-cs1616,https://printway.io/product/canvas-cushion-cover-cs1616,Home and Living,Pillows & Cases,7.61,8.61,8.61,3,5,AU,Prima,Size,1,19
CYECPC,Chenille Yarn Embroidery Corduroy Pillow Case,chenille-yarn-embroidery-corduroy-pillow-case-cyecpc,https://printway.io/product/chenille-yarn-embroidery-corduroy-pillow-case-cyecpc,Home and Living,Pillows & Cases,7.5,8,12.5,3,5,VN,Đại Phát Embroidery,Color|Size|Style,72,13
CSPOW,Custom Shape Pillow,custom-shape-pillow-cspow,https://printway.io/product/custom-shape-pillow-cspow,Home and Living,Pillows & Cases,16.24,16.74,28.24,3,5,CN,Forudesigns,Size,5,9
CSPP,Custom Shape Plush Pillow,custom-shape-plush-pillow-cspp,https://printway.io/product/custom-shape-plush-pillow-cspp,Home and Living,Pillows & Cases,5.5,6,8.5,3,5,VN,Winfinity,Size,6,7
CSUPP,Custom Shape Ugly Plush Pillow,custom-shape-ugly-plush-pillow-csupp,https://printway.io/product/custom-shape-ugly-plush-pillow-csupp,Home and Living,Pillows & Cases,5.5,6,8.5,3,5,VN,Winfinity,Size,6,6
EMBCPC,Embroidered Corduroy Pillow Case,embroidered-corduroy-pillow-case-embcpc,https://printway.io/product/embroidered-corduroy-pillow-case-embcpc,Home and Living,Pillows & Cases,6,6.5,11,3,5,VN,Đại Phát Embroidery,Color|Size,36,13
2LMPS,2 Layered Mix Photo Sign,2-layered-mix-photo-sign-2lmps,https://printway.io/product/2-layered-mix-photo-sign-2lmps,Home and Living,Signs & Plaques,4.74,5.24,17.99,1,3,VN,Printway,Size|Material,32,8
2LWSWWS,2 Layered Wooden Sign With Wooden Stand,2-layered-wooden-sign-with-wooden-stand-2lwswws,https://printway.io/product/2-layered-wooden-sign-with-wooden-stand-2lwswws,Home and Living,Signs & Plaques,11.49,12.49,38.49,1,3,VN,Printway,Size|Title,30,13
ARSS,Acrylic Reusable School Sign,acrylic-reusable-school-sign-arss,https://printway.io/product/acrylic-reusable-school-sign-arss,Home and Living,Signs & Plaques,2,2,20,1,3,VN,Printway,Style|Size|Title,168,10
ABSS,Board School Sign,board-school-sign-abss,https://printway.io/product/board-school-sign-abss,Home and Living,Signs & Plaques,5.49,5.99,12.99,1,3,VN,Printway,Size|Material|Title,32,12
BTSLEDL,Book Tavern Sign with Custom Shape Wooden Tag and LED Lamp,book-tavern-sign-with-custom-shape-wooden-tag-and-led-lamp-btsledl,https://printway.io/product/book-tavern-sign-with-custom-shape-wooden-tag-and-led-lamp-btsledl,Home and Living,Signs & Plaques,17.5,18,18,3,5,CN,Cjzesty,Size|Style,3,9
CTT,Christmas Tree Topper,christmas-tree-topper-ctt,https://printway.io/product/christmas-tree-topper-ctt,Home and Living,Signs & Plaques,3.99,4.49,12.49,1,3,VN,Printway,Material|Size,30,15
C2LAAP,Custom 2 Layered Acrylic Art Piece,custom-2-layered-acrylic-art-piece-c2laap,https://printway.io/product/custom-2-layered-acrylic-art-piece-c2laap,Home and Living,Signs & Plaques,10.49,11.49,70,1,3,VN,Printway,Size,20,10
C2WA,Custom 2 Layered Wooden Art,custom-2-layered-wooden-art-c2wa,https://printway.io/product/custom-2-layered-wooden-art-c2wa,Home and Living,Signs & Plaques,5.55,5.95,25.49,1,3,VN,Printway,Size,24,14
C2LP,Custom 2 Layered Wooden Art Piece,custom-2-layered-wooden-art-piece-c2lp,https://printway.io/product/custom-2-layered-wooden-art-piece-c2lp,Home and Living,Signs & Plaques,5.5,5.9,36,1,3,VN,Printway,Size,62,12
CWA,Custom 3-4 Layered Wooden Art,custom-3-4-layered-wooden-art-cwa,https://printway.io/product/custom-3-4-layered-wooden-art-cwa,Home and Living,Signs & Plaques,1,1,46.5,1,3,VN,Printway,Style|Size,117,11
CCS,Custom Countdown Sign,custom-countdown-sign-ccs,https://printway.io/product/custom-countdown-sign-ccs,Home and Living,Signs & Plaques,7.75,8.25,10.25,1,3,VN,Printway,Material|Style|Size,2,6
IRWS,Custom Interchangeable Wooden Sign,custom-interchangeable-wooden-sign-irws,https://printway.io/product/custom-interchangeable-wooden-sign-irws,Home and Living,Signs & Plaques,3.7,4,9.4,1,3,VN,Printway,Size,5,6
CMAP,Custom Metal Art Piece,custom-metal-art-piece-cmap,https://printway.io/product/custom-metal-art-piece-cmap,Home and Living,Signs & Plaques,10.49,11.49,25.49,1,3,VN,Printway,Style|Size,14,9
MGA,Custom Metal Garden Sign,custom-metal-garden-sign-mga,https://printway.io/product/custom-metal-garden-sign-mga,Home and Living,Signs & Plaques,10.1,11.1,21.2,1,3,VN,Printway,Style|Size,8,7
MTS,Custom Metal Sign,custom-metal-sign-mts,https://printway.io/product/custom-metal-sign-mts,Home and Living,Signs & Plaques,6,6.5,61.5,1,3,VN,Printway,Style|Size,30,15
1LEFAS,Custom Shape 1-Layer Embossed Frosted Acrylic Sign,custom-shape-1-layer-embossed-frosted-acrylic-sign-1lefas,https://printway.io/product/custom-shape-1-layer-embossed-frosted-acrylic-sign-1lefas,Home and Living,Signs & Plaques,37,38,38,3,5,VN,Winfinity,Size,1,7
1LEMAS,Custom Shape 1-Layer Embossed Mirror Acrylic Sign,custom-shape-1-layer-embossed-mirror-acrylic-sign-1lemas,https://printway.io/product/custom-shape-1-layer-embossed-mirror-acrylic-sign-1lemas,Home and Living,Signs & Plaques,37,38,38,3,5,VN,Winfinity,Size|Color,2,10
1LETAS,Custom Shape 1-Layer Embossed Transparent Acrylic Sign,custom-shape-1-layer-embossed-transparent-acrylic-sign-1letas,https://printway.io/product/custom-shape-1-layer-embossed-transparent-acrylic-sign-1letas,Home and Living,Signs & Plaques,37,38,38,3,5,VN,Winfinity,Size,1,9
1LFAB,Custom Shape 1-Layer Frosted Acrylic Plaque with Base,custom-shape-1-layer-frosted-acrylic-plaque-with-base-1lfab,https://printway.io/product/custom-shape-1-layer-frosted-acrylic-plaque-with-base-1lfab,Home and Living,Signs & Plaques,5,6,9.5,1,3,VN,Printway,Size|Style|Title,30,10
1LFAPP,Custom Shape 1-Layer Frosted Acrylic Plaque with Pine Wooden Base,custom-shape-1-layer-frosted-acrylic-plaque-with-pine-wooden-base-1lfapp,https://printway.io/product/custom-shape-1-layer-frosted-acrylic-plaque-with-pine-wooden-base-1lfapp,Home and Living,Signs & Plaques,5,6,10.25,1,3,VN,Printway,Size|Style|Title,40,12
2LEFAS,Custom Shape 2-Layer Embossed Frosted Acrylic Sign,custom-shape-2-layer-embossed-frosted-acrylic-sign-2lefas,https://printway.io/product/custom-shape-2-layer-embossed-frosted-acrylic-sign-2lefas,Home and Living,Signs & Plaques,61,62,62,3,5,VN,Winfinity,Size,1,7
2LEMAS,Custom Shape 2-Layer Embossed Mirror Acrylic Sign,custom-shape-2-layer-embossed-mirror-acrylic-sign-2lemas,https://printway.io/product/custom-shape-2-layer-embossed-mirror-acrylic-sign-2lemas,Home and Living,Signs & Plaques,61,62,62,3,5,VN,Winfinity,Size|Color,2,9
2LETAS,Custom Shape 2-Layer Embossed Transparent Acrylic Sign,custom-shape-2-layer-embossed-transparent-acrylic-sign-2letas,https://printway.io/product/custom-shape-2-layer-embossed-transparent-acrylic-sign-2letas,Home and Living,Signs & Plaques,61,62,62,3,5,VN,Winfinity,Size,1,11
2LAWS,Custom Shape 2-Layer Frosted Acrylic And Wooden Sign With Wooden Base,custom-shape-2-layer-frosted-acrylic-and-wooden-sign-with-wooden-base-2laws,https://printway.io/product/custom-shape-2-layer-frosted-acrylic-and-wooden-sign-with-wooden-base-2laws,Home and Living,Signs & Plaques,8.49,8.99,8.99,1,3,VN,Printway,Size|Style,1,9
2LFTAS,Custom Shape 2-Layer Frosted And Transparent Acrylic Sign,custom-shape-2-layer-frosted-and-transparent-acrylic-sign-2lftas,https://printway.io/product/custom-shape-2-layer-frosted-and-transparent-acrylic-sign-2lftas,Home and Living,Signs & Plaques,8.49,8.99,55.99,1,3,VN,Printway,Size|Style,6,10
2LMAPT,Custom Shape 2-Layer Mirror Acrylic Plaque With Tassel,custom-shape-2-layer-mirror-acrylic-plaque-with-tassel-2lmapt,https://printway.io/product/custom-shape-2-layer-mirror-acrylic-plaque-with-tassel-2lmapt,Home and Living,Signs & Plaques,6.49,6.99,8.99,1,3,VN,Printway,Size|Style|Color,68,10
2LMTAS,Custom Shape 2-Layer Mirror And Transparent Acrylic Stand Sign,custom-shape-2-layer-mirror-and-transparent-acrylic-stand-sign-2lmtas,https://printway.io/product/custom-shape-2-layer-mirror-and-transparent-acrylic-stand-sign-2lmtas,Home and Living,Signs & Plaques,7.25,7.75,8.75,1,3,VN,Printway,Size|Color|Style,4,10
2LTMAS,Custom Shape 2-Layer Transparent And Mirror Acrylic Tabletop Sign,custom-shape-2-layer-transparent-and-mirror-acrylic-tabletop-sign-2ltmas,https://printway.io/product/custom-shape-2-layer-transparent-and-mirror-acrylic-tabletop-sign-2ltmas,Home and Living,Signs & Plaques,7.49,7.99,9.99,1,3,VN,Printway,Size|Color,4,11
2LWAS,Custom Shape 2-Layer Wooden And White Acrylic Sign,custom-shape-2-layer-wooden-and-white-acrylic-sign-2lwas,https://printway.io/product/custom-shape-2-layer-wooden-and-white-acrylic-sign-2lwas,Home and Living,Signs & Plaques,8.49,8.99,13.99,1,3,VN,Printway,Size|Title,4,13
2LWCPF,Custom Shape 2-Layer Wooden Clipboard Picture Frame,custom-shape-2-layer-wooden-clipboard-picture-frame-2lwcpf,https://printway.io/product/custom-shape-2-layer-wooden-clipboard-picture-frame-2lwcpf,Home and Living,Signs & Plaques,9.49,9.99,10.24,1,3,VN,Printway,Size|Style,2,7
2LWHSWC,Custom Shape 2-Layer Wooden Hanging Sign With Charms,custom-shape-2-layer-wooden-hanging-sign-with-charms-2lwhswc,https://printway.io/product/custom-shape-2-layer-wooden-hanging-sign-with-charms-2lwhswc,Home and Living,Signs & Plaques,6.49,6.99,18.99,1,3,VN,Printway,Size|Title|Style,24,13
2LWIS,Custom Shape 2-Layer Wooden Interchangeable Sign,custom-shape-2-layer-wooden-interchangeable-sign-2lwis,https://printway.io/product/custom-shape-2-layer-wooden-interchangeable-sign-2lwis,Home and Living,Signs & Plaques,3.75,4.25,14.25,1,3,VN,Printway,Size,7,9
3LMARS,Custom Shape 3-Layer Mirror Acrylic Reusable School Sign,custom-shape-3-layer-mirror-acrylic-reusable-school-sign-3lmars,https://printway.io/product/custom-shape-3-layer-mirror-acrylic-reusable-school-sign-3lmars,Home and Living,Signs & Plaques,9.49,9.99,14.5,1,3,VN,Printway,Size|Style|Title,12,12
3LWRDS,Custom Shape 3-Layer Wooden Rotating Door Sign,custom-shape-3-layer-wooden-rotating-door-sign-3lwrds,https://printway.io/product/custom-shape-3-layer-wooden-rotating-door-sign-3lwrds,Home and Living,Signs & Plaques,6.5,7,7.5,1,3,VN,Printway,Size,2,8
CTAB,Custom Shape Acrylic Blocks,custom-shape-acrylic-blocks-ctab,https://printway.io/product/custom-shape-acrylic-blocks-ctab,Home and Living,Signs & Plaques,5.44,5.94,10.74,1,3,VN,Printway,Size|Style,18,16
CSABUS,Custom Shape Acrylic Blocks - US,custom-shape-acrylic-blocks-us-csabus,https://printway.io/product/custom-shape-acrylic-blocks-us-csabus,Home and Living,Signs & Plaques,6.99,7.49,14.69,1,3,US,Pentifine,Size|Style,18,8
CSAWC,Custom Shape Acrylic Hanging Sign With Charm,custom-shape-acrylic-hanging-sign-with-charm-csawc,https://printway.io/product/custom-shape-acrylic-hanging-sign-with-charm-csawc,Home and Living,Signs & Plaques,8,8.5,22.49,1,3,VN,Printway,Size|Style,12,6
CSCF,Custom Shape Collage Frame,custom-shape-collage-frame-cscf,https://printway.io/product/custom-shape-collage-frame-cscf,Home and Living,Signs & Plaques,6.24,6.74,16.74,1,3,VN,Printway,Material|Style|Size,6,9
1LMRAS,Custom Shape Engraved 1-Layer Mirror Acrylic Sign,custom-shape-engraved-1-layer-mirror-acrylic-sign-1lmras,https://printway.io/product/custom-shape-engraved-1-layer-mirror-acrylic-sign-1lmras,Home and Living,Signs & Plaques,4.49,4.99,31.99,1,3,VN,Printway,Size|Color,12,9
IPFS,Custom Shape Interchangeable Pennant Flag Sign,custom-shape-interchangeable-pennant-flag-sign-ipfs,https://printway.io/product/custom-shape-interchangeable-pennant-flag-sign-ipfs,Home and Living,Signs & Plaques,11.49,11.99,13.99,1,3,VN,Printway,Material|Size|Color,40,12
CSRWS,Custom Shape Rotating Wood Sign,custom-shape-rotating-wood-sign-csrws,https://printway.io/product/custom-shape-rotating-wood-sign-csrws,Home and Living,Signs & Plaques,5.5,6.5,11,1,3,VN,Printway,Style|Size|Title,12,9
CSSP,Custom Shape Spinner,custom-shape-spinner-cssp,https://printway.io/product/custom-shape-spinner-cssp,Home and Living,Signs & Plaques,7.24,7.74,9.74,1,3,VN,Printway,Material|Size,4,9
CSWSWWT,Custom Shape Wood Sign With Wooden Tags,custom-shape-wood-sign-with-wooden-tags-cswswwt,https://printway.io/product/custom-shape-wood-sign-with-wooden-tags-cswswwt,Home and Living,Signs & Plaques,5.99,6.99,14.49,1,3,VN,Printway,Style|Size,8,11
CSWHWC,Custom Shape Wooden Hanging Sign With Charm,custom-shape-wooden-hanging-sign-with-charm-cswhwc,https://printway.io/product/custom-shape-wooden-hanging-sign-with-charm-cswhwc,Home and Living,Signs & Plaques,7,7.5,13,1,3,VN,Printway,Size,6,6
CWAAP,Custom Shape Wooden and Acrylic Commemorative Plaque,custom-shape-wooden-and-acrylic-commemorative-plaque-cwaap,https://printway.io/product/custom-shape-wooden-and-acrylic-commemorative-plaque-cwaap,Home and Living,Signs & Plaques,6.49,6.99,10.99,1,3,VN,Printway,Size,2,7
CYS,Custom Yard Sign,custom-yard-sign-cys,https://printway.io/product/custom-yard-sign-cys,Home and Living,Signs & Plaques,6.25,6.75,7.75,3,5,VN,Winfinity,Size,2,7
CRRS,Customizable Rotating Reusable Sign,customizable-rotating-reusable-sign-crrs,https://printway.io/product/customizable-rotating-reusable-sign-crrs,Home and Living,Signs & Plaques,7,8,14,1,3,VN,Printway,Material|Size|Style,18,9
WMTS,Multi Tier Sign,multi-tier-sign-wmts,https://printway.io/product/multi-tier-sign-wmts,Home and Living,Signs & Plaques,5.49,6.49,15.49,1,3,VN,Printway,Size|Style|Title,12,14
PCS,Personalized Celebration Sign,personalized-celebration-sign-pcs,https://printway.io/product/personalized-celebration-sign-pcs,Home and Living,Signs & Plaques,8,9,60.5,1,3,VN,Printway,Material|Style|Size,32,10
PMTS,Printed Metal Sign,printed-metal-sign-pmts,https://printway.io/product/printed-metal-sign-pmts,Home and Living,Signs & Plaques,7.45,8.11,34.5,1,3,VN,Printway,Size,8,10
RTWS,Rectangle Wooden Sign,rectangle-wooden-sign-rtws,https://printway.io/product/rectangle-wooden-sign-rtws,Home and Living,Signs & Plaques,5.68,6.68,6.68,1,3,VN,Printway,Size,1,13
RWS,Round Wooden Sign - 9mm,round-wooden-sign-9mm-rws,https://printway.io/product/round-wooden-sign-9mm-rws,Home and Living,Signs & Plaques,6.74,7.74,10.8,1,3,VN,Printway,Material|Size,24,13
WDBL,Wooden Blocks,wooden-blocks-wdbl,https://printway.io/product/wooden-blocks-wdbl,Home and Living,Signs & Plaques,5.49,5.99,6.99,1,3,VN,Printway,Style|Size|Title,15,14
WCSPB,Wooden Countdown Sign With Piece And Box,wooden-countdown-sign-with-piece-and-box-wcspb,https://printway.io/product/wooden-countdown-sign-with-piece-and-box-wcspb,Home and Living,Signs & Plaques,9.49,9.99,9.99,1,3,VN,Printway,Size,1,6
WDCS,Wooden Door Corner Sign,wooden-door-corner-sign-wdcs,https://printway.io/product/wooden-door-corner-sign-wdcs,Home and Living,Signs & Plaques,4.2,5.2,27.49,1,3,VN,Printway,Style|Size,18,11
WHS,Wooden Hanging Sign - 5mm,wooden-hanging-sign-5mm-whs,https://printway.io/product/wooden-hanging-sign-5mm-whs,Home and Living,Signs & Plaques,3.49,4.49,28.49,1,3,VN,Pentifine VN|Printway,Style|Size|Title,116,18
WHSUS,Wooden Hanging Sign - 5mm - US,wooden-hanging-sign-5mm-us-whsus,https://printway.io/product/wooden-hanging-sign-5mm-us-whsus,Home and Living,Signs & Plaques,6,6.75,20.25,1,3,US,Pentifine,Style|Size|Title,108,8
WPLST,Wooden Pallet Sign,wooden-pallet-sign-wplst,https://printway.io/product/wooden-pallet-sign-wplst,Home and Living,Signs & Plaques,9.16,10.16,11.73,1,3,VN,Printway,Style,10,12
WRSS,Wooden Reusable School Sign,wooden-reusable-school-sign-wrss,https://printway.io/product/wooden-reusable-school-sign-wrss,Home and Living,Signs & Plaques,2,2,19.25,1,3,VN,Printway,Style|Material|Size,198,14
WRSSPNG,Wooden Reusable School Sign Png,wooden-reusable-school-sign-png-wrsspng,https://printway.io/product/wooden-reusable-school-sign-png-wrsspng,Home and Living,Signs & Plaques,1,1,28.25,1,3,VN,Printway,Style|Material|Size,156,7
CCDP,Custom Candle Display,custom-candle-display-ccdp,https://printway.io/product/custom-candle-display-ccdp,Home and Living,Stockings & Holders,5.25,5.75,12.75,1,3,VN,Printway,Material|Style|Size,12,8
1LCD,Custom Shape 1-Layer Wooden Closet Dividers,custom-shape-1-layer-wooden-closet-dividers-1lcd,https://printway.io/product/custom-shape-1-layer-wooden-closet-dividers-1lcd,Home and Living,Stockings & Holders,3.49,3.99,13.99,1,3,VN,Printway,Size|Style,6,9
CSCH,Custom Shape Candle Holder,custom-shape-candle-holder-csch,https://printway.io/product/custom-shape-candle-holder-csch,Home and Living,Stockings & Holders,3.24,3.74,6.74,1,3,VN,Printway,Material|Size,6,8
CWTHS,Custom Wooden Tealight Holder Standing,custom-wooden-tealight-holder-standing-cwths,https://printway.io/product/custom-wooden-tealight-holder-standing-cwths,Home and Living,Stockings & Holders,,,3.99,1,3,VN,Printway,Size,1,7
STH,Stocking Holder,stocking-holder-sth,https://printway.io/product/stocking-holder-sth,Home and Living,Stockings & Holders,3.24,3.74,5.74,1,3,VN,Printway,Material|Style|Size,3,7
STNT,Stocking Name Tag,stocking-name-tag-stnt,https://printway.io/product/stocking-name-tag-stnt,Home and Living,Stockings & Holders,,,2.85,1,3,VN,Printway,Material|Style|Size,4,10
WHCH,Wooden Heart Candle Holder,wooden-heart-candle-holder-whch,https://printway.io/product/wooden-heart-candle-holder-whch,Home and Living,Stockings & Holders,5.4,5.9,5.9,1,3,VN,Printway,Style,1,8
ORNW,1 Layer Suncatcher Ornament,1-layer-suncatcher-ornament-ornw,https://printway.io/product/1-layer-suncatcher-ornament-ornw,Home and Living,Suncatchers,1.95,2.25,9.75,1,3,VN,Pentifine VN|Printway,Size|Title,33,16
1LSCC,1-Layer Suncatcher And Hanging Charms,1-layer-suncatcher-and-hanging-charms-1lscc,https://printway.io/product/1-layer-suncatcher-and-hanging-charms-1lscc,Home and Living,Suncatchers,4,4.5,9.75,1,3,VN,Printway,Size|Title|Style,20,7
WCD,Acrylic Window Decor,acrylic-window-decor-wcd,https://printway.io/product/acrylic-window-decor-wcd,Home and Living,Suncatchers,4.75,5.25,8.25,1,3,VN,Printway,Size,5,9
AWDWC,Acrylic Window Decor with Charm,acrylic-window-decor-with-charm-awdwc,https://printway.io/product/acrylic-window-decor-with-charm-awdwc,Home and Living,Suncatchers,4.75,5.25,11.25,1,3,VN,Printway,Size|Style,15,9
1LHSC,Custom Shape 1-Layer Hologram Suncatcher And Hanging Charms,custom-shape-1-layer-hologram-suncatcher-and-hanging-charms-1lhsc,https://printway.io/product/custom-shape-1-layer-hologram-suncatcher-and-hanging-charms-1lhsc,Home and Living,Suncatchers,4.5,5,11.25,1,3,VN,Printway,Material|Size|Style,40,7
2LWHCS,Custom Shape 2-Layer Wooden And Holographic Suncatcher,custom-shape-2-layer-wooden-and-holographic-suncatcher-2lwhcs,https://printway.io/product/custom-shape-2-layer-wooden-and-holographic-suncatcher-2lwhcs,Home and Living,Suncatchers,5.25,5.75,11,1,3,VN,Printway,Material|Size|Style,28,8
GSWH,Custom Shape Glass Suncatcher for Window Hanging,custom-shape-glass-suncatcher-for-window-hanging-gswh,https://printway.io/product/custom-shape-glass-suncatcher-for-window-hanging-gswh,Home and Living,Suncatchers,8,9,19,3,5,VN,Winfinity,Size,5,9
CSHWDP,Custom Shape Hologram Window Decor With Hanging Piece,custom-shape-hologram-window-decor-with-hanging-piece-cshwdp,https://printway.io/product/custom-shape-hologram-window-decor-with-hanging-piece-cshwdp,Home and Living,Suncatchers,6.24,6.74,9.74,1,3,VN,Printway,Material|Style|Size,8,10
CSWACS,Custom Shape Wavy Acrylic Suncatcher,custom-shape-wavy-acrylic-suncatcher-cswacs,https://printway.io/product/custom-shape-wavy-acrylic-suncatcher-cswacs,Home and Living,Suncatchers,3,3.5,7,1,3,VN,Printway,Size,7,8
HASJP,Heart Acrylic Suncatcher Jigsaw Puzzle,heart-acrylic-suncatcher-jigsaw-puzzle-hasjp,https://printway.io/product/heart-acrylic-suncatcher-jigsaw-puzzle-hasjp,Home and Living,Suncatchers,9.49,9.99,11.99,1,3,VN,Printway,Size|Style,3,8
HGSC,Heart Stained Glass Suncatcher,heart-stained-glass-suncatcher-hgsc,https://printway.io/product/heart-stained-glass-suncatcher-hgsc,Home and Living,Suncatchers,8.49,8.99,10.99,1,3,VN,Printway,Size,3,10
HSGS,Hexagon Stained Glass Suncatcher,hexagon-stained-glass-suncatcher-hsgs,https://printway.io/product/hexagon-stained-glass-suncatcher-hsgs,Home and Living,Suncatchers,7.49,7.99,9.99,1,3,VN,Printway,Size|Style,2,8
HAWC,Holographic Acrylic Wind Chime,holographic-acrylic-wind-chime-hawc,https://printway.io/product/holographic-acrylic-wind-chime-hawc,Home and Living,Suncatchers,10.49,11.49,15,1,3,VN,Printway,Material|Style|Size,24,12
OSGSC,Oval Stained Glass Suncatcher,oval-stained-glass-suncatcher-osgsc,https://printway.io/product/oval-stained-glass-suncatcher-osgsc,Home and Living,Suncatchers,9.49,9.99,9.99,1,3,VN,Printway,Size|Style,1,8
RSGSC,Rectangle Stained Glass Suncatcher,rectangle-stained-glass-suncatcher-rsgsc,https://printway.io/product/rectangle-stained-glass-suncatcher-rsgsc,Home and Living,Suncatchers,7.49,7.99,9.99,1,3,VN,Printway,Size|Style,2,7
RASJP,Round Acrylic Suncatcher Jigsaw Puzzle,round-acrylic-suncatcher-jigsaw-puzzle-rasjp,https://printway.io/product/round-acrylic-suncatcher-jigsaw-puzzle-rasjp,Home and Living,Suncatchers,9.49,9.99,11.99,1,3,VN,Printway,Size|Style,3,8
SGLSO,Stained Glass Ornament,stained-glass-ornament-sglso,https://printway.io/product/stained-glass-ornament-sglso,Home and Living,Suncatchers,4.74,5.24,8.24,1,3,VN,Pentifine VN|Printway,Style|Size,4,9
SGSO,Stained Glass Suncatcher Ornament,stained-glass-suncatcher-ornament-sgso,https://printway.io/product/stained-glass-suncatcher-ornament-sgso,Home and Living,Suncatchers,5,5.5,8.5,1,3,VN,Printway,Size|Style,8,8
SGSWCC,Stained Glass Suncatcher With Crystal Charm,stained-glass-suncatcher-with-crystal-charm-sgswcc,https://printway.io/product/stained-glass-suncatcher-with-crystal-charm-sgswcc,Home and Living,Suncatchers,7.24,7.74,13.74,1,3,VN,Printway,Title|Size|Style,8,9
SPAP,Suncatcher Art Piece,suncatcher-art-piece-spap,https://printway.io/product/suncatcher-art-piece-spap,Home and Living,Suncatchers,5.5,6,10.24,1,3,VN,Printway,Size|Title,21,9
SRORM,Suncatcher Ornament,suncatcher-ornament-srorm,https://printway.io/product/suncatcher-ornament-srorm,Home and Living,Suncatchers,4.25,4.75,8.74,1,3,VN|US,Pentifine|Pentifine VN|Printway,Size|Title,21,12
SCWCC,Suncatcher With Crystal Charm,suncatcher-with-crystal-charm-scwcc,https://printway.io/product/suncatcher-with-crystal-charm-scwcc,Home and Living,Suncatchers,3.5,4,12.75,1,3,VN,Printway,Material|Size|Style,42,11
WCWGO,Wind Chimes With Glass Ornament,wind-chimes-with-glass-ornament-wcwgo,https://printway.io/product/wind-chimes-with-glass-ornament-wcwgo,Home and Living,Suncatchers,11.49,11.99,11.99,1,3,VN,Printway,Style,2,9
WDWHP,Window Decor with Hanging Piece,window-decor-with-hanging-piece-wdwhp,https://printway.io/product/window-decor-with-hanging-piece-wdwhp,Home and Living,Suncatchers,4,4.5,14,1,3,VN,Printway,Material|Size|Style,40,6
AAFP,Acrylic Animal Family Puzzle,acrylic-animal-family-puzzle-aafp,https://printway.io/product/acrylic-animal-family-puzzle-aafp,Home and Living,Toys & Games,5.53,6.03,8.53,1,3,VN,Printway,Style,9,11
CHS,Chess Set,chess-set-chs,https://printway.io/product/chess-set-chs,Home and Living,Toys & Games,8.99,9.99,11.99,1,3,VN,Printway,Material|Size,2,7
CPP,Custom Photo Puzzle,custom-photo-puzzle-cpp,https://printway.io/product/custom-photo-puzzle-cpp,Home and Living,Toys & Games,8.49,9.49,11.49,1,3,VN,Printway,Size,2,8
1LWCCH,Custom Shape 1-Layer Wooden Coloring Card Holder,custom-shape-1-layer-wooden-coloring-card-holder-1lwcch,https://printway.io/product/custom-shape-1-layer-wooden-coloring-card-holder-1lwcch,Home and Living,Toys & Games,3.49,3.99,3.99,1,3,VN,Printway,Size,1,6
CS2LWP,Custom Shape 2-Layer Wooden Puzzle,custom-shape-2-layer-wooden-puzzle-cs2lwp,https://printway.io/product/custom-shape-2-layer-wooden-puzzle-cs2lwp,Home and Living,Toys & Games,7.5,8,12,1,3,VN,Printway,Size,3,9
3LWAMG,Custom Shape 3-Layer Wooden And Acrylic Maze Game,custom-shape-3-layer-wooden-and-acrylic-maze-game-3lwamg,https://printway.io/product/custom-shape-3-layer-wooden-and-acrylic-maze-game-3lwamg,Home and Living,Toys & Games,5.49,5.99,6.99,1,3,VN,Printway,Size,2,7
CSTTTB,Custom Shape Tic Tac Toe Board,custom-shape-tic-tac-toe-board-cstttb,https://printway.io/product/custom-shape-tic-tac-toe-board-cstttb,Home and Living,Toys & Games,3.91,4.41,7.75,1,3,VN,Printway,Material|Style|Size,4,10
CSWDDG,Custom Shape Wooden Dice Game,custom-shape-wooden-dice-game-cswddg,https://printway.io/product/custom-shape-wooden-dice-game-cswddg,Home and Living,Toys & Games,5.49,5.99,7.99,1,3,VN,Printway,Size,2,6
CSWP,Custom Shape Wooden Puzzle,custom-shape-wooden-puzzle-cswp,https://printway.io/product/custom-shape-wooden-puzzle-cswp,Home and Living,Toys & Games,13,14,14.5,1,3,VN,Printway,Size|Title,2,7
WPGC,Custom Shape Wooden Puzzles Growth Chart,custom-shape-wooden-puzzles-growth-chart-wpgc,https://printway.io/product/custom-shape-wooden-puzzles-growth-chart-wpgc,Home and Living,Toys & Games,17.49,17.99,20.99,1,3,VN,Printway,Size|Style,2,10
CSWG,Custom Spinning Wheel Game,custom-spinning-wheel-game-cswg,https://printway.io/product/custom-spinning-wheel-game-cswg,Home and Living,Toys & Games,14.5,15.5,44.5,1,3,VN,Printway,Material|Size,8,6
CWS,Custom Wheel Spinner,custom-wheel-spinner-cws,https://printway.io/product/custom-wheel-spinner-cws,Home and Living,Toys & Games,8.5,9.5,12.5,1,3,VN,Printway,Size,3,8
FPZ,Freestyle Puzzle,freestyle-puzzle-fpz,https://printway.io/product/freestyle-puzzle-fpz,Home and Living,Toys & Games,7.91,8.91,9.91,1,3,VN,Printway,Size,3,9
GCH,Game Card Holder,game-card-holder-gch,https://printway.io/product/game-card-holder-gch,Home and Living,Toys & Games,4.24,4.74,4.74,1,3,VN,Printway,Style|Size|Title,1,6
KPG,Key Puzzle Game,key-puzzle-game-kpg,https://printway.io/product/key-puzzle-game-kpg,Home and Living,Toys & Games,10.24,10.74,10.74,1,3,VN,Printway,Size,1,7
MZG,Maze Game,maze-game-mzg,https://printway.io/product/maze-game-mzg,Home and Living,Toys & Games,8.24,8.74,11.24,1,3,VN,Printway,Material|Size|Style,6,9
BBACC,Personalized Blind Box Advent Calendar with Charms,personalized-blind-box-advent-calendar-with-charms-bbacc,https://printway.io/product/personalized-blind-box-advent-calendar-with-charms-bbacc,Home and Living,Toys & Games,8.49,8.99,8.99,1,3,VN,Printway,Size|Style,2,10
STCK,Sticker,sticker-stck,https://printway.io/product/sticker-stck,Home and Living,Toys & Games,1,1.28,2.13,2,3,US,Pentifine,Style|Size,5,6
WMG,Wood Memory Game,wood-memory-game-wmg,https://printway.io/product/wood-memory-game-wmg,Home and Living,Toys & Games,7.25,7.75,7.75,1,3,VN,Printway,Material|Size,1,5
WAFP,Wooden Animal Family Puzzle,wooden-animal-family-puzzle-wafp,https://printway.io/product/wooden-animal-family-puzzle-wafp,Home and Living,Toys & Games,6.53,7.03,8.65,1,3,VN,Printway,Style,9,12
WSSTL,12oz Wine Stainless Steel Tumbler,12oz-wine-stainless-steel-tumbler-wsstl,https://printway.io/product/12oz-wine-stainless-steel-tumbler-wsstl,Home and Living,Tumblers,8.75,10.5,10.5,1,3,US|VN,Gearment|Printway,Size,1,7
WNT,12oz Wine Tumbler Full,12oz-wine-tumbler-full-wnt,https://printway.io/product/12oz-wine-tumbler-full-wnt,Home and Living,Tumblers,17,18,18,3,5,CN,Relaxlines,Size,1,7
KWBWSL,16oz Kids Water Bottle with Straw Lid,16oz-kids-water-bottle-with-straw-lid-kwbwsl,https://printway.io/product/16oz-kids-water-bottle-with-straw-lid-kwbwsl,Home and Living,Tumblers,11.74,12.24,12.24,3,5,CN,Dogeprint,Color,4,7
16OZST,16oz Plastic Skinny Tumbler with Straw,16oz-plastic-skinny-tumbler-with-straw-16ozst,https://printway.io/product/16oz-plastic-skinny-tumbler-with-straw-16ozst,Home and Living,Tumblers,15,15.5,16.5,3,5,CN,Cjzesty,Color|Style,18,9
SNSTL,20oz Skinny Stainless Steel Tumbler,20oz-skinny-stainless-steel-tumbler-snstl,https://printway.io/product/20oz-skinny-stainless-steel-tumbler-snstl,Home and Living,Tumblers,10.75,12.5,12.5,1,3,US|VN,Gearment|Printway|Swift POD,Size|Title,2,10
TSST20,20oz Tapered Stainless Steel Tumbler,20oz-tapered-stainless-steel-tumbler-tsst20,https://printway.io/product/20oz-tapered-stainless-steel-tumbler-tsst20,Home and Living,Tumblers,8.94,9.44,9.44,2,3,US,YOYCOL,Size,1,11
TCYZ,30oz Curved Tumbler,30oz-curved-tumbler-tcyz,https://printway.io/product/30oz-curved-tumbler-tcyz,Home and Living,Tumblers,20.25,21.25,21.25,3,5,CN,Relaxlines,Size,1,7
SGHH,30oz Skinny Tumbler,30oz-skinny-tumbler-sghh,https://printway.io/product/30oz-skinny-tumbler-sghh,Home and Living,Tumblers,20,21,21,3,5,CN,Relaxlines,Size,1,8
CTWH40,40 oz Curved Tumbler With Handle,40-oz-curved-tumbler-with-handle-ctwh40,https://printway.io/product/40-oz-curved-tumbler-with-handle-ctwh40,Home and Living,Tumblers,12.95,13.45,13.45,2,3,US,YOYCOL,Color|Style,4,8
GSTL40,40Oz Gold Stainless Steel Tumbler,40oz-gold-stainless-steel-tumbler-gstl40,https://printway.io/product/40oz-gold-stainless-steel-tumbler-gstl40,Home and Living,Tumblers,24,25,25,3,5,CN,Hui Hong|Relaxlines,Size|Color|Style,16,13
STL40,40Oz Stainless Steel Tumbler,40oz-stainless-steel-tumbler-stl40,https://printway.io/product/40oz-stainless-steel-tumbler-stl40,Home and Living,Tumblers,23,24,24,3,5,CN,Relaxlines,Size|Color|Style,16,10
IFNP,Iceflow Name Plate,iceflow-name-plate-ifnp,https://printway.io/product/iceflow-name-plate-ifnp,Home and Living,Tumblers,,,3.74,1,3,VN,Printway,Material|Style,2,8
TLNTG,Tumbler Name Tag,tumbler-name-tag-tlntg,https://printway.io/product/tumbler-name-tag-tlntg,Home and Living,Tumblers,,,4.74,1,3,VN,Printway,Style|Size,6,15
CANLA,Canvas,canvas-canla,https://printway.io/product/canvas-canla,Home and Living,Wall Arts,13,14,57,3,5,US,Custom Cat|Pentifine,Size,10,8
CVPAU,Canvas Print,canvas-print-cvpau,https://printway.io/product/canvas-print-cvpau,Home and Living,Wall Arts,11.65,12.15,76.41,3,5,AU,Prima,Size,17,12
CLCAUK,Classic Canvas,classic-canvas-clcauk,https://printway.io/product/classic-canvas-clcauk,Home and Living,Wall Arts,17.66,18.16,52.41,3,5,GB,Harrier|Print Clever,Size,13,7
MCF,Magnetic Canvas Frame,magnetic-canvas-frame-mcf,https://printway.io/product/magnetic-canvas-frame-mcf,Home and Living,Wall Arts,17.6,18.6,30.8,1,3,CN|VN,Printway|Relaxlines,Size,4,8
SDMCV,Standard Matte Canvas,standard-matte-canvas-sdmcv,https://printway.io/product/standard-matte-canvas-sdmcv,Home and Living,Wall Arts,6.99,7.99,27.99,3,4,US,RV Print,Size,18,9
WOPP,Wooden Photo Panel,wooden-photo-panel-wopp,https://printway.io/product/wooden-photo-panel-wopp,Home and Living,Wall Arts,4.78,5.78,8.78,1,3,VN,Printway,Size,3,7
32OZLB,32oz Water Tracker Bottle,32oz-water-tracker-bottle-32ozlb,https://printway.io/product/32oz-water-tracker-bottle-32ozlb,Home and Living,Water Bottles,19.24,20.35,20.35,3,4,CN,Relaxlines,Size,1,9
CCL,Can Cooler,can-cooler-ccl,https://printway.io/product/can-cooler-ccl,Home and Living,Water Bottles,4,4.5,5,3,5,VN,Winfinity,Size,2,11
FWB,Flat Water Bottle,flat-water-bottle-fwb,https://printway.io/product/flat-water-bottle-fwb,Home and Living,Water Bottles,11.8,12.8,12.8,3,5,CN,Dogeprint,Color|Style,6,8
WG,Whisky Glass,whisky-glass-wg,https://printway.io/product/whisky-glass-wg,Home and Living,Water Bottles,18.5,20,20,3,5,CN,Relaxlines,Style|Title,3,11
AOPBB,All-Over Print Baby Bodysuit,all-over-print-baby-bodysuit-aopbb,https://printway.io/product/all-over-print-baby-bodysuit-aopbb,Kid's Clothing,Baby bodysuits,6.5,7,8.25,3,5,VN,Winfinity,Size,6,8
BGEU,DTG | Baby Grow | JHK TSRBBODY,dtg-baby-grow-jhk-tsrbbody-bgeu,https://printway.io/product/dtg-baby-grow-jhk-tsrbbody-bgeu,Kid's Clothing,Baby bodysuits,13.39,13.89,17.29,3,4,PL,Print&Logistic,Color|Size|Style,180,7
BBGUK,DTG | Babygrow | Larkwood LW500,dtg-babygrow-larkwood-lw500-bbguk,https://printway.io/product/dtg-babygrow-larkwood-lw500-bbguk,Kid's Clothing,Baby bodysuits,14.43,14.93,20.43,3,5,GB,Print Clever,Color|Size|Style,120,8
BBBS,DTG| Baby Bodysuit | Rabbit Skins 4400,dtg-baby-bodysuit-rabbit-skins-4400-bbbs,https://printway.io/product/dtg-baby-bodysuit-rabbit-skins-4400-bbbs,Kid's Clothing,Baby bodysuits,9,11,16,3,5,US,Gearment|Swift POD,Color|Size|Style,195,10
KYBJ,All-Over Print Kids and Youth Baseball Jersey,all-over-print-kids-and-youth-baseball-jersey-kybj,https://printway.io/product/all-over-print-kids-and-youth-baseball-jersey-kybj,Kid's Clothing,Jersey,6,6.5,7.5,3,5,VN,Winfinity,Size,11,10
PKYFJ,All-Over Print Kids and Youth Football Jersey,all-over-print-kids-and-youth-football-jersey-pkyfj,https://printway.io/product/all-over-print-kids-and-youth-football-jersey-pkyfj,Kid's Clothing,Jersey,5,5.5,6,3,5,VN,Winfinity,Size,6,8
AOPYHS,All-Over Print Youth Short-Sleeve Hawaiian Shirt,all-over-print-youth-short-sleeve-hawaiian-shirt-aopyhs,https://printway.io/product/all-over-print-youth-short-sleeve-hawaiian-shirt-aopyhs,Kid's Clothing,Kid Hawaiian Shirt,6.75,7.25,7.25,3,5,VN,Winfinity,Size,5,9
LMSK,AOP Kid Hoodie,aop-kid-hoodie-lmsk,https://printway.io/product/aop-kid-hoodie-lmsk,Kid's Clothing,Kid's Hoodies,22.5,23.5,23.5,3,5,CN,Coco,Size,10,8
LLYK,AOP Kid Zip Hoodie,aop-kid-zip-hoodie-llyk,https://printway.io/product/aop-kid-zip-hoodie-llyk,Kid's Clothing,Kid's Hoodies,22,23,23,3,5,CN,Coco,Size,10,9
KHUK,DTG | Kid Hoodie | AWDis JH01J,dtg-kid-hoodie-awdis-jh01j-khuk,https://printway.io/product/dtg-kid-hoodie-awdis-jh01j-khuk,Kid's Clothing,Kid's Hoodies,20.53,21.03,26.53,3,5,GB,Print Clever,Color|Size|Style,216,9
YHD,DTG | Youth Hoodie | Gildan 18500B,dtg-youth-hoodie-gildan-18500b-yhd,https://printway.io/product/dtg-youth-hoodie-gildan-18500b-yhd,Kid's Clothing,Kid's Hoodies,15.15,16,23,3,5,US,Gearment|Swift POD,Color|Size|Style,255,8
KDFC,AOP Kids Down-filled Coat,aop-kids-down-filled-coat-kdfc,https://printway.io/product/aop-kids-down-filled-coat-kdfc,Kid's Clothing,Kid's Jackets & Coats,35,36,36,5,7,CN,Coco,Size,10,6
WYK,AOP Kid Sweatshirt,aop-kid-sweatshirt-wyk,https://printway.io/product/aop-kid-sweatshirt-wyk,Kid's Clothing,Kid's Sweatshirts,20.5,21.5,21.5,3,5,CN,Coco,Size,10,9
KSUK,DTG | Kid Sweatshirt | AWDis JH30J,dtg-kid-sweatshirt-awdis-jh30j-ksuk,https://printway.io/product/dtg-kid-sweatshirt-awdis-jh30j-ksuk,Kid's Clothing,Kid's Sweatshirts,17.45,17.95,23.45,3,5,GB,Print Clever,Color|Size|Style,396,9
KSEU,DTG | Kids Sweatshirt | AWDis JH30J,dtg-kids-sweatshirt-awdis-jh30j-kseu,https://printway.io/product/dtg-kids-sweatshirt-awdis-jh30j-kseu,Kid's Clothing,Kid's Sweatshirts,15.89,16.39,20.19,3,5,PL,Print&Logistic,Color|Size|Style,165,7
YSS,DTG | Youth Sweatshirt | Gildan 18000B,dtg-youth-sweatshirt-gildan-18000b-yss,https://printway.io/product/dtg-youth-sweatshirt-gildan-18000b-yss,Kid's Clothing,Kid's Sweatshirts,13.73,14.23,20.23,3,5,US,Gearment|Swift POD,Color|Size|Style,150,7
TXK,AOP Kid T-shirt,aop-kid-t-shirt-txk,https://printway.io/product/aop-kid-t-shirt-txk,Kid's Clothing,Kid's T-shirts,14.5,15.5,15.5,3,5,CN,Coco,Size,10,7
KTSUK,DTG | Kid T-Shirt | Gildan 64000B,dtg-kid-t-shirt-gildan-64000b-ktsuk,https://printway.io/product/dtg-kid-t-shirt-gildan-64000b-ktsuk,Kid's Clothing,Kid's T-shirts,11.73,12.23,17.73,3,5,GB,Print Clever,Color|Size|Style,120,6
PMYTS,DTG | Premium Youth T-shirt | Bella + Canvas 3001Y,dtg-premium-youth-t-shirt-bella-canvas-3001y-pmyts,https://printway.io/product/dtg-premium-youth-t-shirt-bella-canvas-3001y-pmyts,Kid's Clothing,Kid's T-shirts,9.35,11.5,16.5,3,5,US,Gearment|Swift POD,Color|Size|Style,108,7
TJT,DTG | Toddler Jersey Tee | Rabbit Skins 3321,dtg-toddler-jersey-tee-rabbit-skins-3321-tjt,https://printway.io/product/dtg-toddler-jersey-tee-rabbit-skins-3321-tjt,Kid's Clothing,Kid's T-shirts,7.8,9.5,14.5,3,5,US,Gearment|Swift POD,Color|Size|Style,165,9
TDUT,DTG | Toddler Unisex T-Shirt | Gildan 5100P,dtg-toddler-unisex-t-shirt-gildan-5100p-tdut,https://printway.io/product/dtg-toddler-unisex-t-shirt-gildan-5100p-tdut,Kid's Clothing,Kid's T-shirts,11.4,12.11,12.11,3,5,AU,The Print Bar,Color|Size,5,7
YTS,DTG | Youth T-shirt | Gildan 5000B,dtg-youth-t-shirt-gildan-5000b-yts,https://printway.io/product/dtg-youth-t-shirt-gildan-5000b-yts,Kid's Clothing,Kid's T-shirts,10.94,11.94,16.25,3,5,EU|AU|US,Gearment|Prima|Print&Logistic|Swift POD,Color|Size|Style,375,8
1LKWT,1 Layered Keychain with Tassel,1-layered-keychain-with-tassel-1lkwt,https://printway.io/product/1-layered-keychain-with-tassel-1lkwt,Materials,Acrylic,2.75,3.05,3.05,1,3,VN,Printway,Size|Color|Style,240,9
1LSWC,1 Layered Suncatcher with Charm,1-layered-suncatcher-with-charm-1lswc,https://printway.io/product/1-layered-suncatcher-with-charm-1lswc,Materials,Acrylic,3.5,4,11.25,1,3,VN,Printway,Size|Title|Style,40,9
3DLCH,3D Layered Candle Holder,3d-layered-candle-holder-3dlch,https://printway.io/product/3d-layered-candle-holder-3dlch,Materials,Acrylic,5.25,5.75,10.75,1,3,VN,Printway,Material|Style|Size,6,9
ACBL,Acrylic Blocks,acrylic-blocks-acbl,https://printway.io/product/acrylic-blocks-acbl,Materials,Acrylic,5.2,5.7,9.57,1,3,VN,Printway,Style|Size|Title,30,15
ACSPB,Acrylic Countdown Sign With Piece And Box,acrylic-countdown-sign-with-piece-and-box-acspb,https://printway.io/product/acrylic-countdown-sign-with-piece-and-box-acspb,Materials,Acrylic,10.99,11.49,11.49,1,3,VN,Printway,Size,1,6
ADCL,Acrylic Desk Clock Plaque,acrylic-desk-clock-plaque-adcl,https://printway.io/product/acrylic-desk-clock-plaque-adcl,Materials,Acrylic,9.49,10.49,15.49,1,3,VN,Printway,Size|Style,4,8
AMPH,Acrylic Magnetic Pen Holder,acrylic-magnetic-pen-holder-amph,https://printway.io/product/acrylic-magnetic-pen-holder-amph,Materials,Acrylic,5.5,6,6.25,1,3,VN,Printway,Material|Style|Size,3,7
CSWCC,Crystal Suncatcher with Custom Charms,crystal-suncatcher-with-custom-charms-cswcc,https://printway.io/product/crystal-suncatcher-with-custom-charms-cswcc,Materials,Acrylic,4.14,4.44,5.44,1,3,VN,Printway,Material|Size|Style,20,10
CSHC,Custom Shape Hair Clip,custom-shape-hair-clip-cshc,https://printway.io/product/custom-shape-hair-clip-cshc,Materials,Acrylic,2.4,2.7,3.2,1,3,VN,Printway,Material|Style|Size,24,14
CSHWD,Custom Shape Hologram Window Decor,custom-shape-hologram-window-decor-cshwd,https://printway.io/product/custom-shape-hologram-window-decor-cshwd,Materials,Acrylic,3.5,4,11,1,3,VN,Printway,Material|Size|Style,20,8
HWHCC,Custom Shape Hologram Window Hanging With Crystal Charm,custom-shape-hologram-window-hanging-with-crystal-charm-hwhcc,https://printway.io/product/custom-shape-hologram-window-hanging-with-crystal-charm-hwhcc,Materials,Acrylic,4.24,4.74,9.74,1,3,VN,Printway,Material|Size,10,12
CSPSS,Custom Shape Spring Standee,custom-shape-spring-standee-cspss,https://printway.io/product/custom-shape-spring-standee-cspss,Materials,Acrylic,1.4,1.6,1.8,1,3,VN,Printway,Material|Style|Size,12,7
HLSC,Hologram Suncatcher,hologram-suncatcher-hlsc,https://printway.io/product/hologram-suncatcher-hlsc,Materials,Acrylic,2.7,3,13,1,3,VN,Printway,Material|Style|Size,16,10
ACWC,Aluminum Charm Wind Chime,aluminum-charm-wind-chime-acwc,https://printway.io/product/aluminum-charm-wind-chime-acwc,Materials,Aluminum,10.49,10.99,14.49,1,3,VN,Printway,Size|Style,6,9
CRJTR,Ceramic Jewelry Tray,ceramic-jewelry-tray-crjtr,https://printway.io/product/ceramic-jewelry-tray-crjtr,Materials,Ceramic,4.24,4.74,4.74,1,3,VN,Printway,Style,8,19
GONCE,Glass Ornament With Box,glass-ornament-with-box-gonce,https://printway.io/product/glass-ornament-with-box-gonce,Materials,Glass,5.3,5.5,7.45,1,3,VN,Printway,Style|Title|Color,12,8
SGLSC,Stained Glass Suncatcher,stained-glass-suncatcher-sglsc,https://printway.io/product/stained-glass-suncatcher-sglsc,Materials,Glass,4.74,5.24,7.17,1,3,VN,Printway,Style|Size,4,20
ELO,Engraved Leather Opener,engraved-leather-opener-elo,https://printway.io/product/engraved-leather-opener-elo,Materials,Leather,17.69,18.69,18.69,3,5,CN,Forudesigns,Color,2,10
LBO,Leather Bottle Opener,leather-bottle-opener-lbo,https://printway.io/product/leather-bottle-opener-lbo,Materials,Leather,4.24,4.74,4.74,1,3,VN,Printway,Color|Style|Title,24,10
BTLSWT,Book Tavern Library Sign With Wooden Tag,book-tavern-library-sign-with-wooden-tag-btlswt,https://printway.io/product/book-tavern-library-sign-with-wooden-tag-btlswt,Materials,Metal,2.8,2.8,12.99,1,3,VN,Printway,Size,2,6
MCH,Metal Curtain Holder,metal-curtain-holder-mch,https://printway.io/product/metal-curtain-holder-mch,Materials,Metal,12,13,13,1,3,VN,Printway,Size,1,5
2LWSS,2-Layer Wooden Spinner Sign,2-layer-wooden-spinner-sign-2lwss,https://printway.io/product/2-layer-wooden-spinner-sign-2lwss,Materials,Wood,8.49,8.99,10.99,1,3,VN,Printway,Size,2,7
CSWSGB,Custom Shape Wooden Standing Game Box,custom-shape-wooden-standing-game-box-cswsgb,https://printway.io/product/custom-shape-wooden-standing-game-box-cswsgb,Materials,Wood,8.25,8.75,14.75,1,3,VN,Printway,Title|Size|Style,6,9
WCH,Wooden Candle Holder,wooden-candle-holder-wch,https://printway.io/product/wooden-candle-holder-wch,Materials,Wood,5.4,5.9,13.5,1,3,VN,Printway,Style,3,11
CCMH,Wooden Card and Cash Envelope,wooden-card-and-cash-envelope-ccmh,https://printway.io/product/wooden-card-and-cash-envelope-ccmh,Materials,Wood,5.49,5.99,6.99,1,3,VN,Printway,Material|Style|Size,2,7
WOBOX,Wooden Ornament Box,wooden-ornament-box-wobox,https://printway.io/product/wooden-ornament-box-wobox,Materials,Wood,3.25,3.75,14.25,1,3,VN,Printway,Style,4,10
2LSWC,2 Layered Suncatcher with Charm,2-layered-suncatcher-with-charm-2lswc,https://printway.io/product/2-layered-suncatcher-with-charm-2lswc,Materials,Wood and Acrylic,5.5,6,13.75,1,3,VN,Printway,Size|Title|Style,48,6
WBBWL,Book Box With Lock,book-box-with-lock-wbbwl,https://printway.io/product/book-box-with-lock-wbbwl,Materials,Wood and Acrylic,6.5,7.5,11.5,1,3,VN,Printway,Material|Size,10,14
CMKF,Custom Memory Keepsake Frame,custom-memory-keepsake-frame-cmkf,https://printway.io/product/custom-memory-keepsake-frame-cmkf,Materials,Wood and Acrylic,7.24,7.74,13.74,1,3,VN,Printway,Style|Size,4,6
CPFWB,Custom Photo Frame with Base,custom-photo-frame-with-base-cpfwb,https://printway.io/product/custom-photo-frame-with-base-cpfwb,Materials,Wood and Acrylic,8.99,9.49,9.99,1,3,VN,Printway,Material|Size|Style,2,7
HAWCWC,Holographic Acrylic Wind Chime With Charm,holographic-acrylic-wind-chime-with-charm-hawcwc,https://printway.io/product/holographic-acrylic-wind-chime-with-charm-hawcwc,Materials,Wood and Acrylic,10.49,11.49,13.49,1,3,VN,Printway,Material|Size,6,7
SCH,Suncatcher Candle Holder,suncatcher-candle-holder-sch,https://printway.io/product/suncatcher-candle-holder-sch,Materials,Wood and Acrylic,6.49,6.99,11.99,1,3,VN,Printway,Material|Size,9,8
SP,AOP Men Sports Shorts,aop-men-sports-shorts-sp,https://printway.io/product/aop-men-sports-shorts-sp,Men's Clothing,Bottoms,18.5,19.5,19.5,3,5,CN,Coco,Size,9,8
JP,AOP Unisex Fleece Joggers,aop-unisex-fleece-joggers-jp,https://printway.io/product/aop-unisex-fleece-joggers-jp,Men's Clothing,Bottoms,21.5,22.5,22.5,3,5,CN,Coco,Size,9,9
AOPWT,All-Over Print Swim Trunk,all-over-print-swim-trunk-aopwt,https://printway.io/product/all-over-print-swim-trunk-aopwt,Men's Clothing,Bottoms,15.74,16.24,16.24,3,5,CN,Zimo,Size,7,9
PSHS,All-Over Print Short-Sleeve Hawaiian Shirt,all-over-print-short-sleeve-hawaiian-shirt-pshs,https://printway.io/product/all-over-print-short-sleeve-hawaiian-shirt-pshs,Men's Clothing,Hawaiian Shirt,7.95,8.95,8.95,3,5,VN,Winfinity,Size,8,7
MAOPHS,Men's All Over Print Hawaiian Shirt,mens-all-over-print-hawaiian-shirt-maophs,https://printway.io/product/mens-all-over-print-hawaiian-shirt-maophs,Men's Clothing,Hawaiian Shirt,16.5,17,18,3,4,US,Artsadd,Size|Color,16,11
FZHJ,AOP Fleece Zip Hoodie Jacket,aop-fleece-zip-hoodie-jacket-fzhj,https://printway.io/product/aop-fleece-zip-hoodie-jacket-fzhj,Men's Clothing,Hoodies,32.5,33.5,33.5,3,5,CN,Coco,Size,8,7
FTH,AOP Mask Hoodie,aop-mask-hoodie-fth,https://printway.io/product/aop-mask-hoodie-fth,Men's Clothing,Hoodies,23,24,24,3,5,CN,Coco,Size,8,8
LMS,AOP Unisex Hoodie,aop-unisex-hoodie-lms,https://printway.io/product/aop-unisex-hoodie-lms,Men's Clothing,Hoodies,23,24,24,3,5,CN,Coco,Size,9,8
LLY,AOP Zip Hoodie,aop-zip-hoodie-lly,https://printway.io/product/aop-zip-hoodie-lly,Men's Clothing,Hoodies,24,25,25,3,5,CN,Coco,Size,9,7
AEMBH,Applique Embroidered Hoodie,applique-embroidered-hoodie-aembh,https://printway.io/product/applique-embroidered-hoodie-aembh,Men's Clothing,Hoodies,17,18,18.5,3,5,VN,Đại Phát Embroidery,Color|Size|Style,2800,13
AEMBQZS,Applique Embroidered Quarter-Zip Sweatshirt,applique-embroidered-quarter-zip-sweatshirt-aembqzs,https://printway.io/product/applique-embroidered-quarter-zip-sweatshirt-aembqzs,Men's Clothing,Hoodies,16.5,17.5,18,3,5,VN,Đại Phát Embroidery,Color|Size|Style,2800,13
DTFAHD,DTF | Unisex Hoodie | Gildan 18500,dtf-unisex-hoodie-gildan-18500-dtfahd,https://printway.io/product/dtf-unisex-hoodie-gildan-18500-dtfahd,Men's Clothing,Hoodies,13.45,13.75,26.25,2,3,US,Beeful|Flashship|Pentifine|Printik,Color|Size|Style,672,14
PMHD,DTG | Premium Hoodie | Bella + Canvas 3719,dtg-premium-hoodie-bella-canvas-3719-pmhd,https://printway.io/product/dtg-premium-hoodie-bella-canvas-3719-pmhd,Men's Clothing,Hoodies,24.33,25.99,32.99,3,5,US,Gearment|Swift POD,Color|Size|Style,60,7
PUHAU,DTG | Premium Unisex Hoodie | AS Colour 5101,dtg-premium-unisex-hoodie-as-colour-5101-puhau,https://printway.io/product/dtg-premium-unisex-hoodie-as-colour-5101-puhau,Men's Clothing,Hoodies,30.02,31.9,36.9,3,5,AU,The Print Bar,Color|Size|Style,273,6
AHD,DTG | Unisex Hoodie | Gildan 18500,dtg-unisex-hoodie-gildan-18500-ahd,https://printway.io/product/dtg-unisex-hoodie-gildan-18500-ahd,Men's Clothing,Hoodies,17.49,17.99,36,3,5,EU|GB|AU|US,Gear Launch|Gearment|Print Clever|Print&Logistic|Swift POD|The Print Bar,Color|Size|Style,3456,8
ZHUK,DTG | Zip Hoodie | AWDis JH050,dtg-zip-hoodie-awdis-jh050-zhuk,https://printway.io/product/dtg-zip-hoodie-awdis-jh050-zhuk,Men's Clothing,Hoodies,25.24,25.74,34.56,3,5,EU|GB,Print Clever|Print&Logistic,Color|Size|Style,240,8
EMBH,Embroidered Hoodie,embroidered-hoodie-embh,https://printway.io/product/embroidered-hoodie-embh,Men's Clothing,Hoodies,14.75,15.25,18.75,3,5,VN,Đại Phát Embroidery,Color|Size|Style,1680,15
LKJK,AOP Baseball Jacket,aop-baseball-jacket-lkjk,https://printway.io/product/aop-baseball-jacket-lkjk,Men's Clothing,Jackets & Coats,31.8,32.8,32.8,3,5,CN,Coco|PG Prints,Size,9,7
BBJ,AOP Bomber Jacket,aop-bomber-jacket-bbj,https://printway.io/product/aop-bomber-jacket-bbj,Men's Clothing,Jackets & Coats,39.5,40.5,40.5,3,5,CN,Coco,Size,10,6
DFC,AOP Down-filled Coat,aop-down-filled-coat-dfc,https://printway.io/product/aop-down-filled-coat-dfc,Men's Clothing,Jackets & Coats,35,36,38,3,5,CN,Coco|Relaxlines,Size|Style,16,5
ZLKJK,AOP Zipped Baseball Jacket,aop-zipped-baseball-jacket-zlkjk,https://printway.io/product/aop-zipped-baseball-jacket-zlkjk,Men's Clothing,Jackets & Coats,29.8,30.8,30.8,3,5,CN,Coco,Size,8,7
MLJT,Men's Leather Jacket,mens-leather-jacket-mljt,https://printway.io/product/mens-leather-jacket-mljt,Men's Clothing,Jackets & Coats,41.24,41.74,41.74,5,7,CN,Relaxlines,Color|Size,16,11
PMLS,DTG | Premium Long Sleeve | Bella + Canvas 3501,dtg-premium-long-sleeve-bella-canvas-3501-pmls,https://printway.io/product/dtg-premium-long-sleeve-bella-canvas-3501-pmls,Men's Clothing,Long Sleeve T-shirts,13,14,22,3,5,US,Swift POD,Color|Size|Style,336,7
LST,DTG | Unisex Long Sleeve Tee | Gildan 2400,dtg-unisex-long-sleeve-tee-gildan-2400-lst,https://printway.io/product/dtg-unisex-long-sleeve-tee-gildan-2400-lst,Men's Clothing,Long Sleeve T-shirts,13.89,14.39,21.25,3,5,EU|GB|AU|US,Gearment|Print Clever|Print&Logistic|The Print Bar,Color|Size|Style,576,6
PBJWP,All-Over Print Baseball Jersey Without Piping,all-over-print-baseball-jersey-without-piping-pbjwp,https://printway.io/product/all-over-print-baseball-jersey-without-piping-pbjwp,Men's Clothing,Men's Jersey,8.25,9.25,9.25,3,5,VN,Winfinity,Size,9,7
AOPFJ,All-Over Print Football Jersey,all-over-print-football-jersey-aopfj,https://printway.io/product/all-over-print-football-jersey-aopfj,Men's Clothing,Men's Jersey,8.25,8.75,9,3,5,VN,Winfinity,Size,8,8
AOPHJ,All-Over Print Hockey Jersey,all-over-print-hockey-jersey-aophj,https://printway.io/product/all-over-print-hockey-jersey-aophj,Men's Clothing,Men's Jersey,8,8.5,8.75,3,5,VN,Winfinity,Size,8,8
HJWRC,All-Over Print Hockey Jersey with Ribbed Cuffs,all-over-print-hockey-jersey-with-ribbed-cuffs-hjwrc,https://printway.io/product/all-over-print-hockey-jersey-with-ribbed-cuffs-hjwrc,Men's Clothing,Men's Jersey,8.25,8.75,9,3,5,VN,Winfinity,Size,8,7
AOPUBJ,All-Over Print Unisex Baseball Jersey,all-over-print-unisex-baseball-jersey-aopubj,https://printway.io/product/all-over-print-unisex-baseball-jersey-aopubj,Men's Clothing,Men's Jersey,7.95,8.95,9.45,3,5,VN,Winfinity,Size,9,10
PLLS,AOP Polo shirt,aop-polo-shirt-plls,https://printway.io/product/aop-polo-shirt-plls,Men's Clothing,Polo Shirts,18,19,19,3,5,CN,Coco,Size,9,7
PLTSAU,DTG | Polo Shirt | Gildan 64800,dtg-polo-shirt-gildan-64800-pltsau,https://printway.io/product/dtg-polo-shirt-gildan-64800-pltsau,Men's Clothing,Polo Shirts,16.4,17.43,23.61,3,5,AU,Prima,Color|Size,20,7
HFZZMY,AOP Faux Wool Sweater,aop-faux-wool-sweater-hfzzmy,https://printway.io/product/aop-faux-wool-sweater-hfzzmy,Men's Clothing,Sweatshirts,27.3,28.3,28.3,3,5,CN,Coco,Size,8,8
WY,AOP Sweater,aop-sweater-wy,https://printway.io/product/aop-sweater-wy,Men's Clothing,Sweatshirts,20.5,21.5,21.5,3,5,CN,Coco,Size,9,15
AEMBST,Applique Embroidered Sweatshirt,applique-embroidered-sweatshirt-aembst,https://printway.io/product/applique-embroidered-sweatshirt-aembst,Men's Clothing,Sweatshirts,15.5,16.5,17,3,5,VN,Đại Phát Embroidery,Color|Size|Style,3200,14
DTFUSS,DTF | Unisex Sweatshirt | Gildan 18000,dtf-unisex-sweatshirt-gildan-18000-dtfuss,https://printway.io/product/dtf-unisex-sweatshirt-gildan-18000-dtfuss,Men's Clothing,Sweatshirts,11.45,11.75,24.25,2,3,US,Beeful|Flashship|Pentifine|Printik,Color|Size|Style,792,12
USS,DTG | Unisex Sweatshirt | Gildan 18000,dtg-unisex-sweatshirt-gildan-18000-uss,https://printway.io/product/dtg-unisex-sweatshirt-gildan-18000-uss,Men's Clothing,Sweatshirts,15.49,15.79,31.95,3,5,EU|GB|AU|US,Gear Launch|Gearment|Print Clever|Print&Logistic|Swift POD|The Print Bar,Color|Size|Style,3264,8
EMBQZ,Embroidered Quarter-Zip Sweatshirt,embroidered-quarter-zip-sweatshirt-embqz,https://printway.io/product/embroidered-quarter-zip-sweatshirt-embqz,Men's Clothing,Sweatshirts,14.25,14.75,16.75,3,5,VN,Đại Phát Embroidery,Color|Size|Style,1568,13
EMBS,Embroidered Sweatshirt,embroidered-sweatshirt-embs,https://printway.io/product/embroidered-sweatshirt-embs,Men's Clothing,Sweatshirts,13.75,14.25,16.25,3,5,VN,Đại Phát Embroidery,Color|Size|Style,1680,12
BBS,AOP Baseball Shirt,aop-baseball-shirt-bbs,https://printway.io/product/aop-baseball-shirt-bbs,Men's Clothing,T-shirts,18.5,19.5,19.5,3,5,CN,Coco,Size,9,7
HAW,AOP Hawaii Shirt,aop-hawaii-shirt-haw,https://printway.io/product/aop-hawaii-shirt-haw,Men's Clothing,T-shirts,18.5,19.5,19.5,3,5,CN,Coco,Size,9,6
POKS,AOP Pocket Shirt,aop-pocket-shirt-poks,https://printway.io/product/aop-pocket-shirt-poks,Men's Clothing,T-shirts,18.5,19.5,19.5,3,5,CN,Coco,Size,9,6
TX,AOP T-shirt,aop-t-shirt-tx,https://printway.io/product/aop-t-shirt-tx,Men's Clothing,T-shirts,13.5,14.5,14.5,3,5,CN,Coco,Size,9,8
VNE,AOP Unisex V-neck T-Shirt,aop-unisex-v-neck-t-shirt-vne,https://printway.io/product/aop-unisex-v-neck-t-shirt-vne,Men's Clothing,T-shirts,13.5,14.5,14.5,3,5,CN,Coco,Size,7,8
AOPLS,All-Over Print Polo Shirt,all-over-print-polo-shirt-aopls,https://printway.io/product/all-over-print-polo-shirt-aopls,Men's Clothing,T-shirts,7.25,7.75,9.25,3,5,VN,Winfinity,Size,8,10
DTFCTS,DTF | Classic Unisex T-shirt | Gildan 5000,dtf-classic-unisex-t-shirt-gildan-5000-dtfcts,https://printway.io/product/dtf-classic-unisex-t-shirt-gildan-5000-dtfcts,Men's Clothing,T-shirts,5.5,5.8,12.8,2,3,US,Beeful|Flashship|Pentifine|Printik,Color|Size|Style,360,18
FUTS18,DTF | Classic Unisex T-shirt | T1800,dtf-classic-unisex-t-shirt-t1800-futs18,https://printway.io/product/dtf-classic-unisex-t-shirt-t1800-futs18,Men's Clothing,T-shirts,4.55,5.05,8.85,3,5,US,Jo Custom,Color|Size|Style,324,10
FUGHT,DTF | Unisex Garment-Dyed Heavyweight T-Shirt | Comfort Colors 1717,dtf-unisex-garment-dyed-heavyweight-t-shirt-comfort-colors-1717-fught,https://printway.io/product/dtf-unisex-garment-dyed-heavyweight-t-shirt-comfort-colors-1717-fught,Men's Clothing,T-shirts,9.5,9.8,15.55,2,3,US,Flashship|Pentifine|Printik,Color|Size|Style,84,8
FUWTS26,DTF | Unisex Washed T-shirt | T2600,dtf-unisex-washed-t-shirt-t2600-fuwts26,https://printway.io/product/dtf-unisex-washed-t-shirt-t2600-fuwts26,Men's Clothing,T-shirts,6.95,7.45,10.95,3,5,US,Jo Custom,Color|Size|Style,192,9
CTS,DTG | Classic Unisex T-shirt | Gildan 5000,dtg-classic-unisex-t-shirt-gildan-5000-cts,https://printway.io/product/dtg-classic-unisex-t-shirt-gildan-5000-cts,Men's Clothing,T-shirts,7.15,7.45,18.13,3,5,US|EU|GB|AU,Gearment|Print Clever|Print&Logistic|Swift POD|The Print Bar,Color|Size|Style,1224,15
GUTS18,DTG | Classic Unisex T-shirt | T1800,dtg-classic-unisex-t-shirt-t1800-guts18,https://printway.io/product/dtg-classic-unisex-t-shirt-t1800-guts18,Men's Clothing,T-shirts,5.55,6.05,9.85,3,5,US,Jo Custom,Color|Size|Style,324,9
CFT,DTG | Comfort T-shirt | Anvil 980,dtg-comfort-t-shirt-anvil-980-cft,https://printway.io/product/dtg-comfort-t-shirt-anvil-980-cft,Men's Clothing,T-shirts,9.13,9.63,17.63,3,5,US,Swift POD,Color|Size|Style,180,7
MTSUK,DTG | Men T-Shirt | Gildan 64000,dtg-men-t-shirt-gildan-64000-mtsuk,https://printway.io/product/dtg-men-t-shirt-gildan-64000-mtsuk,Men's Clothing,T-shirts,9.89,10.39,17.95,3,5,EU|GB,Print Clever|Print&Logistic,Color|Size|Style,648,8
PMGT,DTG | Premium Guys Tee | Next Level 3600,dtg-premium-guys-tee-next-level-3600-pmgt,https://printway.io/product/dtg-premium-guys-tee-next-level-3600-pmgt,Men's Clothing,T-shirts,9.13,9.63,20.63,3,5,US,Gearment|Swift POD,Color|Size|Style,441,7
PMTSEU,DTG | Premium Men T-shirt | Gildan 4100,dtg-premium-men-t-shirt-gildan-4100-pmtseu,https://printway.io/product/dtg-premium-men-t-shirt-gildan-4100-pmtseu,Men's Clothing,T-shirts,11.89,12.14,16.04,3,5,PL,Print&Logistic,Color|Size|Style,306,7
PSSTAU,DTG | Premium Short Sleeve T-shirt | AS Colour 5001,dtg-premium-short-sleeve-t-shirt-as-colour-5001-psstau,https://printway.io/product/dtg-premium-short-sleeve-t-shirt-as-colour-5001-psstau,Men's Clothing,T-shirts,10.78,11.46,16.46,3,5,AU,The Print Bar,Color|Size|Style,162,7
RLJS,DTG | Raglan Jersey | Gildan 5700,dtg-raglan-jersey-gildan-5700-rljs,https://printway.io/product/dtg-raglan-jersey-gildan-5700-rljs,Men's Clothing,T-shirts,10.95,11.45,19.45,3,5,US,Gearment,Color|Size|Style,294,6
UGHT,DTG | Unisex Garment-Dyed Heavyweight T-Shirt | Comfort Colors 1717,dtg-unisex-garment-dyed-heavyweight-t-shirt-comfort-colors-1717-ught,https://printway.io/product/dtg-unisex-garment-dyed-heavyweight-t-shirt-comfort-colors-1717-ught,Men's Clothing,T-shirts,10.98,11.28,18.63,3,5,US,Gearment,Color|Size|Style,504,10
USJT,DTG | Unisex Jersey Tee - Bella Canvas 3001,dtg-unisex-jersey-tee-bella-canvas-3001-usjt,https://printway.io/product/dtg-unisex-jersey-tee-bella-canvas-3001-usjt,Men's Clothing,T-shirts,9.1,9.6,18.4,3,5,US,Gearment|Swift POD,Color|Size|Style,1560,7
VNU,DTG | Unisex V-neck T-shirt | Gildan 64V00,dtg-unisex-v-neck-t-shirt-gildan-64v00-vnu,https://printway.io/product/dtg-unisex-v-neck-t-shirt-gildan-64v00-vnu,Men's Clothing,T-shirts,11.55,12.25,19.5,3,5,US,Gearment|Swift POD,Color|Size|Style,162,10
GUWTS26,DTG | Unisex Washed T-shirt | T2600,dtg-unisex-washed-t-shirt-t2600-guwts26,https://printway.io/product/dtg-unisex-washed-t-shirt-t2600-guwts26,Men's Clothing,T-shirts,7.95,8.45,11.95,3,5,US,Jo Custom,Color|Size|Style,192,9
EMBUT,Embroidered Unisex T-shirt,embroidered-unisex-t-shirt-embut,https://printway.io/product/embroidered-unisex-t-shirt-embut,Men's Clothing,T-shirts,11,11.5,13.5,3,5,VN,Đại Phát Embroidery,Color|Size|Style,1344,14
TT,AOP Unisex Tank Top,aop-unisex-tank-top-tt,https://printway.io/product/aop-unisex-tank-top-tt,Men's Clothing,Tank-tops,14.5,15.5,15.5,3,5,CN,Coco,Size,9,8
MTTUK,DTG | Men Tank Top | AWDis JT007,dtg-men-tank-top-awdis-jt007-mttuk,https://printway.io/product/dtg-men-tank-top-awdis-jt007-mttuk,Men's Clothing,Tank-tops,14.17,14.67,19.01,3,5,GB,Print Clever,Color|Size|Style,60,5
PMTT,DTG | Premium Tank | Bella + Canvas 3480,dtg-premium-tank-bella-canvas-3480-pmtt,https://printway.io/product/dtg-premium-tank-bella-canvas-3480-pmtt,Men's Clothing,Tank-tops,10.25,10.75,17.75,3,5,US,Gearment,Color|Size|Style,468,7
USTT,DTG | Unisex Tank | Gildan 5200,dtg-unisex-tank-gildan-5200-ustt,https://printway.io/product/dtg-unisex-tank-gildan-5200-ustt,Men's Clothing,Tank-tops,10.51,11.17,19,3,5,AU|US,Gearment|The Print Bar,Color|Size|Style,147,7
PD3,AOP Pocket Dress,aop-pocket-dress-pd3,https://printway.io/product/aop-pocket-dress-pd3,Women's Clothing,Dresses,19.5,20.5,20.5,3,5,CN,Coco|Hui Hong|PG Prints,Size,8,6
AOPCBS,All-Over Print Casual Bikini Set,all-over-print-casual-bikini-set-aopcbs,https://printway.io/product/all-over-print-casual-bikini-set-aopcbs,Women's Clothing,Swimwear,9.5,10,10,3,5,VN,HOGOTO POD,Size,7,9
AOPSB,All-Over Print String Bikini,all-over-print-string-bikini-aopsb,https://printway.io/product/all-over-print-string-bikini-aopsb,Women's Clothing,Swimwear,8.5,9,9,3,5,VN,HOGOTO POD,Size,9,8
WAOPHS,Women's All Over Print Hawaiian Shirt,womens-all-over-print-hawaiian-shirt-waophs,https://printway.io/product/womens-all-over-print-hawaiian-shirt-waophs,Women's Clothing,Swimwear,16,16.5,17.5,3,4,US,Artsadd,Size|Color,20,10
LG,AOP Legging,aop-legging-lg,https://printway.io/product/aop-legging-lg,Women's Clothing,Women's Bottoms,17,18,18,3,5,CN,Coco,Size,8,8
JS,AOP Women Rompers,aop-women-rompers-js,https://printway.io/product/aop-women-rompers-js,Women's Clothing,Women's Bottoms,19,20,20,3,5,CN,Coco,Size,7,8
WSP,AOP Women Sport Shorts,aop-women-sport-shorts-wsp,https://printway.io/product/aop-women-sport-shorts-wsp,Women's Clothing,Women's Bottoms,16.5,17.5,17.5,3,5,CN,Coco,Size,6,7
WHD,AOP Hoodie Dress,aop-hoodie-dress-whd,https://printway.io/product/aop-hoodie-dress-whd,Women's Clothing,Women's Hoodies,25.5,26.5,26.5,3,5,CN,Coco|PG Prints,Size,8,8
PCTBJ,All-Over Print Crop Top Baseball Jersey,all-over-print-crop-top-baseball-jersey-pctbj,https://printway.io/product/all-over-print-crop-top-baseball-jersey-pctbj,Women's Clothing,Women's Jersey,8,8.5,8.5,3,5,VN,Winfinity,Size,5,8
PCTFJ,All-Over Print Crop Top Football Jersey,all-over-print-crop-top-football-jersey-pctfj,https://printway.io/product/all-over-print-crop-top-football-jersey-pctfj,Women's Clothing,Women's Jersey,6.5,7,7.25,3,5,VN,Winfinity,Size,5,9
FUSST,DTF | Unisex Short Sleeve Tee | Bella Canvas 3001,dtf-unisex-short-sleeve-tee-bella-canvas-3001-fusst,https://printway.io/product/dtf-unisex-short-sleeve-tee-bella-canvas-3001-fusst,Women's Clothing,Women's T-shirts,8.75,8.95,18.7,2,3,US,Beeful|Flashship|Pentifine,Color|Size|Style,96,7
LDTS,DTG | Ladies T-shirt | Gildan 5000L,dtg-ladies-t-shirt-gildan-5000l-ldts,https://printway.io/product/dtg-ladies-t-shirt-gildan-5000l-ldts,Women's Clothing,Women's T-shirts,10.14,10.64,17.04,3,5,EU|US,Gearment|Print&Logistic|Swift POD,Color|Size|Style,450,6
PMLT,DTG | Premium Ladies Tee | Next Level 3900,dtg-premium-ladies-tee-next-level-3900-pmlt,https://printway.io/product/dtg-premium-ladies-tee-next-level-3900-pmlt,Women's Clothing,Women's T-shirts,8.81,9.5,16.5,3,5,US,Gearment|Swift POD,Color|Size|Style,378,7
PMWTS,DTG | Premium Women T-shirt | Bella +Canvas 6004,dtg-premium-women-t-shirt-bella-canvas-6004-pmwts,https://printway.io/product/dtg-premium-women-t-shirt-bella-canvas-6004-pmwts,Women's Clothing,Women's T-shirts,9.3,10.3,17.3,3,5,US,Swift POD,Color|Size|Style,855,6
PWTSEU,DTG | Premium Women T-shirt | Bella Canvas 6004,dtg-premium-women-t-shirt-bella-canvas-6004-pwtseu,https://printway.io/product/dtg-premium-women-t-shirt-bella-canvas-6004-pwtseu,Women's Clothing,Women's T-shirts,11.64,12.14,16.04,3,5,PL,Print&Logistic,Color|Size|Style,270,6
PWTSUK,DTG | Premium Women T-shirt | Gildan 4100L,dtg-premium-women-t-shirt-gildan-4100l-pwtsuk,https://printway.io/product/dtg-premium-women-t-shirt-gildan-4100l-pwtsuk,Women's Clothing,Women's T-shirts,12.78,13.28,18.78,3,5,GB,Print Clever,Color|Size|Style,45,8
WVNT,DTG | Women V-neck T-shirt | Gildan 5V00L,dtg-women-v-neck-t-shirt-gildan-5v00l-wvnt,https://printway.io/product/dtg-women-v-neck-t-shirt-gildan-5v00l-wvnt,Women's Clothing,Women's T-shirts,10.89,11.39,15.59,3,5,EU|US,Gearment|Print&Logistic,Color|Size|Style,342,6
CCTT,AOP Criss-Cross Tank Top,aop-criss-cross-tank-top-cctt,https://printway.io/product/aop-criss-cross-tank-top-cctt,Women's Clothing,Women's Tank-tops,16.5,17.5,17.5,3,5,CN,Coco,Size,8,6
FLTT,DTG | Women Flowy Tank | Bella + Canvas 8800,dtg-women-flowy-tank-bella-canvas-8800-fltt,https://printway.io/product/dtg-women-flowy-tank-bella-canvas-8800-fltt,Women's Clothing,Women's Tank-tops,13,13.5,21.5,3,5,US,Gearment|Swift POD,Color|Size|Style,252,7
WTTUK,DTG | Women Tank Top | AWDis JT015,dtg-women-tank-top-awdis-jt015-wttuk,https://printway.io/product/dtg-women-tank-top-awdis-jt015-wttuk,Women's Clothing,Women's Tank-tops,14.17,14.67,19.01,3,5,GB,Print Clever,Color|Size|Style,72,5
WTTEU,DTG | Women Tank Top | Gildan 64200L,dtg-women-tank-top-gildan-64200l-wtteu,https://printway.io/product/dtg-women-tank-top-gildan-64200l-wtteu,Women's Clothing,Women's Tank-tops,11.1,11.6,15.55,3,5,PL,Print&Logistic,Color|Size|Style,36,8
EBT,Embroidered Baby Tee,embroidered-baby-tee-ebt,https://printway.io/product/embroidered-baby-tee-ebt,Women's Clothing,Women's Tank-tops,10.5,11,12,3,5,VN,Đại Phát Embroidery,Color|Size|Style,672,15
AOPS,All-Over Print Socks,all-over-print-socks-aops,https://printway.io/product/all-over-print-socks-aops,,Accessories,9.69,10.19,10.19,5,7,CN,Relaxlines,Size,3,8
PDTH,Personalized Tablecloth,personalized-tablecloth-pdth,https://printway.io/product/personalized-tablecloth-pdth,,Home and Living,24.24,24.74,24.74,3,5,CN,Relaxlines,Size,1,8
AKGTL,AOP Kid Hooded Towel,aop-kid-hooded-towel-akgtl,https://printway.io/product/aop-kid-hooded-towel-akgtl,,Kid's Clothing,15.74,16.24,21.24,3,5,CN,Forudesigns,Size,4,9
PP,AOP Pajamas Pants,aop-pajamas-pants-pp,https://printway.io/product/aop-pajamas-pants-pp,,,17.3,18.3,18.3,3,5,CN,Hui Hong,Size|Style,12,7
PSS,AOP Pajamas Short Set,aop-pajamas-short-set-pss,https://printway.io/product/aop-pajamas-short-set-pss,,,20.25,21.25,21.25,3,5,CN,Hui Hong,Size,8,9
BWC,Bamboo Wireless Charger,bamboo-wireless-charger-bwc,https://printway.io/product/bamboo-wireless-charger-bwc,,,8.43,9.54,9.54,1,3,VN,Printway,Style,3,10
Z60,Black Adult Mesh Knit Sneakers,black-adult-mesh-knit-sneakers-z60,https://printway.io/product/black-adult-mesh-knit-sneakers-z60,,,35.5,36.5,36.5,5,7,CN,Forudesigns,Size,14,6
KZDP,Cotton Mask,cotton-mask-kzdp,https://printway.io/product/cotton-mask-kzdp,,,8.6,9.6,34.95,3,5,CN,Coco,Style,4,10
AMPG,Custom Shape 1-Layer Acrylic Magnetic Phone Grip,custom-shape-1-layer-acrylic-magnetic-phone-grip-ampg,https://printway.io/product/custom-shape-1-layer-acrylic-magnetic-phone-grip-ampg,,,,,3.95,1,3,VN,Printway,Size,3,8
2LAMPG,Custom Shape 2-Layer Acrylic Magnetic Phone Grip With Photo Clip,custom-shape-2-layer-acrylic-magnetic-phone-grip-with-photo-clip-2lampg,https://printway.io/product/custom-shape-2-layer-acrylic-magnetic-phone-grip-with-photo-clip-2lampg,,,5.49,5.99,5.99,1,3,VN,Printway,Size,1,9
ASMPG,Custom Shape 3-Layer Acrylic Shaker Magnetic Phone Grip,custom-shape-3-layer-acrylic-shaker-magnetic-phone-grip-asmpg,https://printway.io/product/custom-shape-3-layer-acrylic-shaker-magnetic-phone-grip-asmpg,,,5.49,5.99,5.99,1,3,VN,Printway,Size,1,8
WCT,DTG | Women Crop Tee | AS Colour 4062,dtg-women-crop-tee-as-colour-4062-wct,https://printway.io/product/dtg-women-crop-tee-as-colour-4062-wct,,,13.03,13.85,13.85,3,5,AU,The Print Bar,Color|Size,10,6
WTSUK,DTG | Women T-shirt | Gildan 64000L,dtg-women-t-shirt-gildan-64000l-wtsuk,https://printway.io/product/dtg-women-t-shirt-gildan-64000l-wtsuk,,,10.85,11.35,16.85,3,5,GB,Print Clever,Color|Size|Style,90,8
DFB,Double Frames Flower Shadow Box,double-frames-flower-shadow-box-dfb,https://printway.io/product/double-frames-flower-shadow-box-dfb,,,23,24,30,3,5,CN,Forudesigns,Size|Style|Color,48,7
EBP,Embroidered Patch,embroidered-patch-ebp,https://printway.io/product/embroidered-patch-ebp,,,5.65,5.95,23.95,3,5,VN,Nestprint,Size|Style,27,15
FMPAU,Framed Matted Poster,framed-matted-poster-fmpau,https://printway.io/product/framed-matted-poster-fmpau,,,20.6,21.1,23.83,3,5,AU,Prima,Size,3,11
GTBOG,Garden Tool Bag Organizer,garden-tool-bag-organizer-gtbog,https://printway.io/product/garden-tool-bag-organizer-gtbog,,,16.74,17.24,17.24,5,7,CN,Dogeprint,Size,1,9
GSK,Kid Graduation Stole,kid-graduation-stole-gsk,https://printway.io/product/kid-graduation-stole-gsk,,,10.24,10.74,10.74,5,7,CN,Dogeprint,Size,1,6
LGBT3,Leather Golf Bag Tag,leather-golf-bag-tag-lgbt3,https://printway.io/product/leather-golf-bag-tag-lgbt3,,,11.24,11.74,11.74,5,7,CN,Dogeprint,Color,2,8
LMEWT,Leather Magnetic Card Wallet,leather-magnetic-card-wallet-lmewt,https://printway.io/product/leather-magnetic-card-wallet-lmewt,,,11.74,12.24,12.24,5,7,CN,Dogeprint,Color,20,8
LWCP,Leather Wireless Charging Pad,leather-wireless-charging-pad-lwcp,https://printway.io/product/leather-wireless-charging-pad-lwcp,,,15,15.5,15.5,3,5,CN,Cjzesty,Color,5,8
MMC,Magnetic Mailbox Cover,magnetic-mailbox-cover-mmc,https://printway.io/product/magnetic-mailbox-cover-mmc,,,10.74,11.24,12.24,5,7,CN,Dogeprint,Size,2,9
PBL,Personalized Book Lamp,personalized-book-lamp-pbl,https://printway.io/product/personalized-book-lamp-pbl,,,24.49,25.49,27.49,5,7,CN,Relaxlines,Style,2,8
PEB,Personalized Embroidered Bunny,personalized-embroidered-bunny-peb,https://printway.io/product/personalized-embroidered-bunny-peb,,,17.24,17.74,25.24,5,7,CN,Dogeprint,Color|Size|Style,81,8
POSAU,Poster,poster-posau,https://printway.io/product/poster-posau,,,2.5,3,18.5,3,5,US|GB|AU,Gearment|Harrier|Pentifine|Prima,Size,25,7
330MSTKZ,Sport Mask,sport-mask-330mstkz,https://printway.io/product/sport-mask-330mstkz,,,11.3,12.3,44.5,3,5,CN,Coco,Style,4,7
WP,Wrapping Papers,wrapping-papers-wp,https://printway.io/product/wrapping-papers-wp,,,5.5,6.5,14.75,1,3,US,Pentifine,Size,3,9
