site,ok,status,title,brand_or_shop,price,currency,original_price,discount_percent,rating,review_count,is_bestseller,favorites,materials,dimensions,ships_from,availability,is_ad,free_shipping,source,url,image_url
etsy,,,Handmade Abstract Oil Painting: Reflection of Sun on Sea,,133.0,USD,190.0,30.0,,9,False,,,,,,True,True,wall-decor,https://www.etsy.com/listing/1879837085/handmade-abstract-oil-painting,https://i.etsystatic.com/57581503/c/2068/2068/468/166/il/f23fdf/7979124727/il_340x270.7979124727_hpet.jpg
etsy,,,Oversized Blue and Grey Seascape Canvas Wall Art Calming Abstract Painting for Custom Room Deep Blue and Grey Canvas Artwork,,97.2,USD,162.0,40.0,,144,False,,,,,,True,True,wall-decor,https://www.etsy.com/listing/4354034704/oversized-blue-and-grey-seascape-canvas,https://i.etsystatic.com/27014638/c/1904/1904/95/0/il/f5f798/7118317620/il_340x270.7118317620_fug0.jpg
etsy,,,Textured Sage Green Mountain Wall Art Landscape Oil Painting On Canvas Horizontal Modern Impasto Canvas Art Earth Tone Living Room Decor,,95.78,USD,147.35,35.0,,1676,True,,,,,,True,True,wall-decor,https://www.etsy.com/listing/4438913386/textured-sage-green-mountain-wall-art,https://i.etsystatic.com/26843029/c/965/965/192/19/il/9cd534/7635756471/il_340x270.7635756471_6sdv.jpg
etsy,,,Beige Abstract Geometric Painting Beige and Black Abstract Color Blocks Art Modern Minimalist Lines Canvas Painting Neutral Geometric Art,,105.0,USD,175.0,40.0,,74,True,,,,,,True,True,wall-decor,https://www.etsy.com/listing/1827525910/beige-abstract-geometric-painting-beige,https://i.etsystatic.com/24821962/c/567/567/81/49/il/951819/6507230768/il_340x270.6507230768_icac.jpg
etsy,,,Set of 3 Custom Album Posters \| Request Any Album \| Album Cover Posters \| Physical Poster \| Personalised Room Decor \| Album Art \| Aesthetic,,16.73,USD,23.9,30.0,,304,False,,,,,,False,True,wall-decor,https://www.etsy.com/listing/4354488920/set-of-3-custom-album-posters-request,https://i.etsystatic.com/59133354/c/3000/3000/0/0/il/572d59/8066278673/il_340x270.8066278673_kouj.jpg
etsy,,,"Sun Metal Wall Decor, Sun, Sun Art, Sun Decor, Sunrise, Sunrise Art, Beach Decor, Wall Art, Wall Decor, Room Decor, Home Decor, Home Gift",,59.49,USD,118.99,50.0,,1334,True,,,,,,False,True,wall-decor,https://www.etsy.com/listing/1687700554/sun-metal-wall-decor-sun-sun-art-sun,https://i.etsystatic.com/35248546/c/1823/1449/607/38/il/f5e2ee/5867750940/il_340x270.5867750940_riev.jpg
etsy,,,"Custom hand embroidered vintage Last Name Flag, Unique wall art Flag, Boho room Dorm decor, Handmade gift, wedding flag, established banner",,35.0,USD,70.0,50.0,,655,True,,,,,,False,False,wall-decor,https://www.etsy.com/listing/4430113261/custom-hand-embroidered-vintage-last,https://i.etsystatic.com/53104556/r/il/639c48/7537595306/il_340x270.7537595306_tdc2.jpg
etsy,,,"Vintage Hand-embroidered How lucky are we Banner , Custom embroidered Wall Decor, Vintage Wall Art ,Room Decor Pennant , Positive Quote",,35.0,USD,70.0,50.0,,1316,True,,,,,,False,False,wall-decor,https://www.etsy.com/listing/4485728551/vintage-hand-embroidered-how-lucky-are,https://i.etsystatic.com/55017813/r/il/b0ede9/7941783773/il_340x270.7941783773_42k1.jpg
etsy,,,"Custom Neon Sign, Neon Signs, LED Neon Sign Light, Wedding sign, Neon light Sign, Home Decor, Wall Decor, Personalized Sign, Custom Sign",,12.5,USD,50.0,75.0,,23703,True,,,,,,False,True,wall-decor,https://www.etsy.com/listing/1342197851/custom-neon-sign-neon-signs-led-neon,https://i.etsystatic.com/27519419/r/il/e4a1b3/6575174194/il_340x270.6575174194_pnda.jpg
etsy,,,"Bouclé Cloud Wall Light ,Nursery Night Lamp ,Kids Room Decor",,42.7,USD,61.0,30.0,,625,True,,,,,,False,False,wall-decor,https://www.etsy.com/listing/4378708485/boucle-cloud-wall-light-nursery-night,https://i.etsystatic.com/47474985/c/1666/1666/157/251/il/ecb2d7/7292414605/il_340x270.7292414605_e389.jpg
etsy,,,"Cloud Wall Light Set, Nursery Moon Stars Decor, Baby Room Night Light",,120.0,USD,160.0,25.0,,33,False,,,,,,False,False,wall-decor,https://www.etsy.com/listing/4472773584/cloud-wall-light-set-nursery-moon-stars,https://i.etsystatic.com/48550739/c/834/834/4/70/il/c50334/7810834304/il_340x270.7810834304_nfgr.jpg
etsy,,,Personalized Vinyl Record with Photo - Acrylic Song Plaque - Anniversary Gift for Friends - Birthday Gift for Her Him - Valentines Day Gifts,,9.99,USD,19.99,50.0,,581,True,,,,,,False,False,wall-decor,https://www.etsy.com/listing/1820011434/personalized-vinyl-record-with-photo,https://i.etsystatic.com/56205711/r/il/952a84/6468711664/il_340x270.6468711664_qgc3.jpg
etsy,,,Wooden Name Sign Baby Name Sign Nursery Name Sign Custom Name Sign Wooden Letters Wood Name Sign Wall Name Sign Baby Name Cutout,,5.85,USD,19.5,70.0,,22727,True,,,,,,False,True,wall-decor,https://www.etsy.com/listing/973267722/wooden-name-sign-baby-name-sign-nursery,https://i.etsystatic.com/23824347/r/il/49881b/8120189906/il_340x270.8120189906_d5tc.jpg
etsy,,,"Personalized 4x18 Inch Street Sign, Stamped Aluminum Novelty Decor, All Colors",,17.75,USD,,,,967,False,,,,,,False,True,wall-decor,https://www.etsy.com/listing/4308869358/personalized-4x18-inch-street-sign,https://i.etsystatic.com/51926234/r/il/b90734/6884990264/il_340x270.6884990264_3gvz.jpg
etsy,,,"3d World Map, Cork World Map Wall Art, Wooden World Map Push Pin, Personalized Travel Map, Above Bed Decor, Pin Board Apartment Decor",,155.25,USD,207.0,25.0,,7484,True,,,,,,False,True,wall-decor,https://www.etsy.com/listing/1047099510/3d-world-map-cork-world-map-wall-art,https://i.etsystatic.com/23216572/c/1046/830/236/572/il/65d0d1/4978863897/il_340x270.4978863897_26za.jpg
etsy,,,"Custom Wood Nursery Name Sign, Custom Nursery Sign, Wooden Name Sign, Wood Sign, Wood Decor, Nursery Decor, Wooden Baby Names, Nursery Art",,13.47,USD,24.49,45.0,,5883,True,,,,,,False,False,wall-decor,https://www.etsy.com/listing/1773545674/custom-wood-nursery-name-sign-custom,https://i.etsystatic.com/27146719/c/1969/1969/70/48/il/bb0e59/7799935563/il_340x270.7799935563_hb0y.jpg
etsy,,,"Autumn Forest Canvas Wall Art, Golden Fall Trees River Landscape Painting, Rustic Nature Decor for Living Room, Cabin or Office",,24.48,USD,32.64,25.0,,3033,True,,,,,,True,True,wall-decor,https://www.etsy.com/listing/4354034010/autumn-forest-canvas-wall-art-golden,https://i.etsystatic.com/40160056/r/il/dab4a7/7118314062/il_340x270.7118314062_egpk.jpg
etsy,,,"Misty Lake Sunset Oil Painting, Sailboats on Foggy River, Mountain View Landscape Art, Vintage Impressionist Wall Art For Living Room",,96.0,USD,160.0,40.0,,19,True,,,,,,True,True,wall-decor,https://www.etsy.com/listing/4491024725/misty-lake-sunset-oil-painting-sailboats,https://i.etsystatic.com/65443375/c/706/706/148/25/il/2c807f/7928249366/il_340x270.7928249366_3ub1.jpg
etsy,,,Original Lotus Pond Painting: Abstract Floral Texture Art,,129.98,USD,236.33,45.0,,13,False,,,,,,True,True,wall-decor,https://www.etsy.com/listing/1890179572/original-lotus-pond-painting-abstract,https://i.etsystatic.com/58686708/c/1683/1683/285/338/il/91e7f1/6845800699/il_340x270.6845800699_ikwr.jpg
etsy,,,Beige and Black Abstract Painting Large Brown Abstract Painting Beige Minimalist Wall Art Black Wabi-sabi Style Decorative Painting,,105.0,USD,210.0,50.0,,261,True,,,,,,True,True,wall-decor,https://www.etsy.com/listing/1890174046/beige-and-black-abstract-painting-large,https://i.etsystatic.com/24618956/c/1904/1904/83/38/il/5e64ef/6797772510/il_340x270.6797772510_i6dg.jpg
etsy,,,Black Cat Smoking a Cigarette Vintage Poster Art Retro Whimsical Print Funny Animal Wall Decor Poster for Bar Cart Quirky Kitchen Wall Art,,18.52,USD,24.7,25.0,,2170,True,,,,,,False,True,wall-decor,https://www.etsy.com/listing/4329257228/black-cat-smoking-a-cigarette-vintage,https://i.etsystatic.com/31987277/c/1714/1714/660/223/il/284f2e/7166017013/il_340x270.7166017013_jeg9.jpg
etsy,,,"Wedding Neon Sign, Custom Neon sign, Personalized Neon, Gifts for Him/Her, Engagement Sign, Wedding Backdrop, Reception Decor, Party Sign",,12.5,USD,50.0,75.0,,23703,True,,,,,,False,True,wall-decor,https://www.etsy.com/listing/1904379485/wedding-neon-sign-custom-neon-sign,https://i.etsystatic.com/27519419/r/il/2c87b0/6857117149/il_340x270.6857117149_qckq.jpg
etsy,,,"Personalized Acrylic Name Block (D3) - w/ Optional Wood Base, Minimal Executive Desk CEO Sign New Job Office Decor Promotion Graduation Gift",,45.99,USD,,,,22388,False,,,,,,False,False,wall-decor,https://www.etsy.com/listing/1682957474/personalized-acrylic-name-block-d3-w,https://i.etsystatic.com/14945926/r/il/d05e01/7812081993/il_340x270.7812081993_4xtr.jpg
etsy,,,"Any Lake customized wood Map Gift personalized gift, Lake house decor, 3D Custom Lake art, lake gift, wood lake map, Any location",,89.6,USD,112.0,20.0,,4294,False,,,,,,False,True,wall-decor,https://www.etsy.com/listing/1282597347/any-lake-customized-wood-map-gift,https://i.etsystatic.com/16019719/r/il/d36c00/7437742850/il_340x270.7437742850_dubk.jpg
etsy,,,"Add-On Framing for Portraits, Print and Frame Upgrade, Handmade Walnut Frame",,29.5,USD,59.0,50.0,,9937,True,,,,,,False,True,wall-decor,https://www.etsy.com/listing/1778954804/add-on-framing-for-portraits-handmade,https://i.etsystatic.com/32948796/r/il/cbbf5e/6881040219/il_340x270.6881040219_dd8b.jpg
etsy,,,"Custom Made License Plate Letter Signs - Spell Out Your Words with Personalized Decor for Home, Office, or Unique Gifts - Vintage Wall Art",,29.99,USD,,,,8486,True,,,,,,False,True,wall-decor,https://www.etsy.com/listing/1790286890/custom-made-license-plate-letter-signs,https://i.etsystatic.com/16886957/r/il/3422e0/7658465428/il_340x270.7658465428_dw8u.jpg
etsy,,,Personalized Baby Name \| Canvas Flag \| Nursery Name Sign \| Custom Name Banner \| Nursery Wall Decor \| Mason Parker,,31.2,USD,39.0,20.0,,39931,True,,,,,,False,True,wall-decor,https://www.etsy.com/listing/1434961535/personalized-baby-name-canvas-flag,https://i.etsystatic.com/12256552/c/1324/1051/604/361/il/f4676a/5780293146/il_340x270.5780293146_c8k9.jpg
etsy,,,"Four-Leaf Clover Arched Frame 2x4 Inch, Botanical Art, Wall Decor, Good Luck Charm",,19.99,USD,26.65,25.0,,235,True,,,,,,False,False,wall-decor,https://www.etsy.com/listing/4541934673/four-leaf-clover-arched-frame-2x4-inch,https://i.etsystatic.com/62683538/r/il/7b35a2/8282867466/il_340x270.8282867466_q74l.jpg
etsy,,,"Film Roll Acrylic Photo Block, Personalized Friend Keepsake, Friendship Memory Gift",,15.75,USD,45.0,65.0,,98,True,,,,,,False,False,wall-decor,https://www.etsy.com/listing/4472037242/film-roll-acrylic-photo-block,https://i.etsystatic.com/57470744/c/906/906/56/58/il/d6320c/7815155324/il_340x270.7815155324_pfgv.jpg
etsy,,,Custom Wood Sign \| Personalized Family Name Sign \| Last Name Sign \| Wedding Gift \| Home Wall Decor \| Anniversary Gift \| Custom Wood Signs,,39.0,USD,130.0,70.0,,18329,True,,,,,,False,True,wall-decor,https://www.etsy.com/listing/963147161/custom-wood-sign-personalized-family,https://i.etsystatic.com/20641892/r/il/d5aa47/3742912928/il_340x270.3742912928_mq3y.jpg
etsy,,,Custom House Name Ceramic Plaque Personalized House sign Handpainted Home Portrait Farmhouse Plaque Memorial Outdoor House Name Plaque gift,,49.64,USD,73.0,32.0,,801,False,,,,,,False,True,wall-decor,https://www.etsy.com/listing/4310537785/custom-house-name-ceramic-plaque,https://i.etsystatic.com/52061210/r/il/06e450/6935896103/il_340x270.6935896103_h97m.jpg
etsy,,,Personalized Vinyl Record with Photo - Acrylic Song Plaque - Anniversary Gift for Friends - Birthday Gift for Her Him - Christmas Gifts,,10.15,USD,20.3,50.0,,6325,False,,,,,,False,True,wall-decor,https://www.etsy.com/listing/1623536505/personalized-vinyl-record-with-photo,https://i.etsystatic.com/32449061/r/il/a3c653/7356868301/il_340x270.7356868301_36it.jpg
etsy,,,"Laser Cut Logo Sign, Beauty Salon Sign, 3D Business Sign, Business Signboard, Custom Laser Cut, Logo With Raised 3D Design, Dentist Sign",,27.0,USD,30.0,10.0,,3167,True,,,,,,True,True,wall-decor,https://www.etsy.com/listing/692885180/laser-cut-logo-sign-beauty-salon-sign-3d,https://i.etsystatic.com/19179456/r/il/d2db11/2869221872/il_340x270.2869221872_u1th.jpg
etsy,,,"Large 3D Textured Flower Oil Painting On Canvas, Abstract Floral Wall Art, Original Blooming Blossom Canvas Art, Boho Living Room Home Decor",,85.42,USD,131.41,35.0,,205,True,,,,,,True,True,wall-decor,https://www.etsy.com/listing/1904358335/large-3d-textured-flower-oil-painting-on,https://i.etsystatic.com/47571052/c/1834/1834/82/82/il/91e442/6871264489/il_340x270.6871264489_tfhj.jpg
etsy,,,"Vibrant Abstract Landscape Oil Painting, Original Blue Sky White Clouds Wall Art, Modern Natural Scenery Painting, Living Room Home Decor",,71.58,USD,119.3,40.0,,614,True,,,,,,True,True,wall-decor,https://www.etsy.com/listing/4343686127/vibrant-abstract-landscape-oil-painting,https://i.etsystatic.com/32811653/c/1481/1481/213/106/il/18dd0e/7583225344/il_340x270.7583225344_15s6.jpg
etsy,,,"Hand-Carved Terracotta Plaster Relief Art, Gold Frame Earth Tone Decor",,427.16,USD,610.23,30.0,,,False,,,,,,True,True,wall-decor,https://www.etsy.com/listing/4559876122/hand-carved-terracotta-plaster-relief,https://i.etsystatic.com/67329702/r/il/b0b24f/8411488422/il_340x270.8411488422_evop.jpg
etsy,,,"Custom Neon Sign, Neon Signs, Personalized Gifts, Home Decor, Wedding Neon Signs, LED Neon Light, Custom Sign, Wall Decor, Gift for her",,12.5,USD,50.0,75.0,,23703,True,,,,,,False,True,wall-decor,https://www.etsy.com/listing/965245133/custom-neon-sign-neon-signs-personalized,https://i.etsystatic.com/27519419/r/il/d4953e/7753111315/il_340x270.7753111315_1tls.jpg
etsy,,,"Custom Neon Sign for Kids, Name Neon Sign, Custom Led Sign Wall Decor, Kid's Room Decor, Gift for Her/Him, Personalized Gift, Gifts",,12.0,USD,40.0,70.0,,19651,True,,,,,,False,True,wall-decor,https://www.etsy.com/listing/1778630263/custom-neon-sign-for-kids-led-light,https://i.etsystatic.com/26971380/r/il/ee460e/6198456112/il_340x270.6198456112_nqqi.jpg
etsy,,,"Home portrait, house painting, housewarming gift, our first home sign, home sweet home sign, watercolor home, house portrait, realtor gift",,24.99,USD,33.32,25.0,,16749,False,,,,,,False,True,wall-decor,https://www.etsy.com/listing/1176417219/home-portrait-house-painting,https://i.etsystatic.com/26183470/r/il/14d0b2/6207962462/il_340x270.6207962462_3nde.jpg
etsy,,,"New Home Gift, Personalised Home Print, Housewarming Gift, First Home, New Home Map Print, Moving Gift, Christmas Gift, CP",,5.35,USD,7.64,30.0,,22393,False,,,,,,False,True,wall-decor,https://www.etsy.com/listing/1196854093/new-home-gift-personalised-home-print,https://i.etsystatic.com/23524437/r/il/b3f6f0/7386565959/il_340x270.7386565959_swuv.jpg
etsy,,,"Good Old Days Flag , Hanging Canvas Banner Wall Decor,Vintage Canvas Banner,Wall Art Pennant for Nursery,Living Room Decor Pennant",,38.5,USD,70.0,45.0,,396,True,,,,,,False,False,wall-decor,https://www.etsy.com/listing/4306207132/good-old-days-flag-hanging-canvas-banner,https://i.etsystatic.com/55952283/r/il/5cf751/6863666424/il_340x270.6863666424_ld8o.jpg
etsy,,,"Personalised Music Poster, Customizable Music Gift, Personalised Vinyl Lyric Print, Favourite Song Personalised, Personalised Record Gift",,14.0,USD,,,,5326,False,,,,,,False,True,wall-decor,https://www.etsy.com/listing/1780695383/personalised-music-poster-customizable,https://i.etsystatic.com/22646948/c/1552/1552/487/742/il/a5e7df/6577874090/il_340x270.6577874090_3eiw.jpg
etsy,,,"Personalized Gift Song Plaque Anniversary Gift For Him, Anniversary Gift For Boyfriend, Acrylic Music Plaque, Gift for Her, Fathers Day Gift",,11.99,USD,29.98,60.0,,18111,True,,,,,,False,False,wall-decor,https://www.etsy.com/listing/888881112/personalized-gift-song-plaque,https://i.etsystatic.com/23086333/c/2000/1588/0/309/il/0d9318/5306882900/il_340x270.5306882900_9e2x.jpg
etsy,,,"Custom Metal Sign, House Sign, Custom Metal Words, Metal Wall Sign, Metal Wall Art, Steel Words, Personalized House Name, Metal Sign",,40.0,USD,80.0,50.0,,283,True,,,,,,False,True,wall-decor,https://www.etsy.com/listing/1749522454/custom-metal-sign-house-sign-custom,https://i.etsystatic.com/50795877/r/il/ee5be7/5880561522/il_340x270.5880561522_h8up.jpg
etsy,,,"Extra Large Macrame Wall Hanging, Abstract Textile Art for Interior, Japandi Fiber Wall Art Decor, Extra Large Macrame Headboard Above Bed",,150.0,USD,200.0,25.0,,715,True,,,,,,False,True,wall-decor,https://www.etsy.com/listing/1721121082/extra-large-macrame-wall-hanging,https://i.etsystatic.com/26714463/c/3000/2382/0/93/il/c67e53/6007230248/il_340x270.6007230248_bqzz.jpg
etsy,,,"Handmade Fireplace Mantel, Floating Mantel, Custom Pine Fireplace Mantel, TV Shelf, Floating Shelving, Custom Sizes",,104.0,USD,130.0,20.0,,3224,True,,,,,,False,True,wall-decor,https://www.etsy.com/listing/1339182717/handmade-fireplace-mantel-floating,https://i.etsystatic.com/22728008/r/il/fb44fc/4878572917/il_340x270.4878572917_tvld.jpg
etsy,,,"Custom Watercolor House Portrait,Watercolor House Painting,Personalized Housewarming Gift,First Home Gift,Realtor Closing Gift,Home Portrait",,20.4,USD,34.0,40.0,,7299,False,,,,,,False,True,wall-decor,https://www.etsy.com/listing/692105292/custom-watercolor-house,https://i.etsystatic.com/10967690/c/2501/1990/223/95/il/57099d/6038598883/il_340x270.6038598883_ize7.jpg
etsy,,,Nursery Decor Nursery Name Signs Wooden Name Sign Nursery Wall Decor Custom Name Sign Nursery Wall Art Wooden Wall Decor Baby Shower Sign,,5.85,USD,19.5,70.0,,22727,True,,,,,,False,True,wall-decor,https://www.etsy.com/listing/824944174/nursery-decor-nursery-name-signs-wooden,https://i.etsystatic.com/23824347/r/il/1a9648/2412139698/il_340x270.2412139698_h1ed.jpg
etsy,,,"3D textured wall art beige minimalist beach painting, ocean wave canvas painting wabi-sabi wall art living room wall decor, large relief art",,90.0,USD,180.0,50.0,,20,False,,,,,,True,True,wall-decor,https://www.etsy.com/listing/4490065559/3d-textured-wall-art-beige-minimalist,https://i.etsystatic.com/63158996/r/il/74c063/7921940606/il_340x270.7921940606_r8xu.jpg
etsy,,,"Samsung Frame TV bezel,handmade frame tv bezel,aluminum alloy frame,Modern style frame for Samsung the Frame Tv(ls03a/b/c/d/f/h)",,242.97,USD,485.93,50.0,,2387,True,,,,,,True,True,wall-decor,https://www.etsy.com/listing/4493876441/samsung-frame-tv-bezelhandmade-frame-tv,https://i.etsystatic.com/36802494/c/2025/2025/0/0/il/77de6f/7994787583/il_340x270.7994787583_sz93.jpg
etsy,,,"living room wall art set, large wall art, living room painting, oversized canvas wall art, abstract wall art, modern art painting A207",,334.6,USD,478.0,30.0,,314,False,,,,,,True,True,wall-decor,https://www.etsy.com/listing/786414935/living-room-wall-art-set-large-wall-art,https://i.etsystatic.com/21597987/r/il/872630/2271624183/il_340x270.2271624183_4x55.jpg
etsy,,,"Seaside Town By The Beach Calm Sunset Canvas Wall Art, Abstract Oil Painting Watercolor Decor, Art Print for Living Room, Bedroom, Office",,47.92,USD,59.9,20.0,,11,False,,,,,,True,True,wall-decor,https://www.etsy.com/listing/1829786278/seaside-town-by-the-beach-calm-sunset,https://i.etsystatic.com/49201884/c/2830/2830/98/0/il/2c9ee9/7201335985/il_340x270.7201335985_13b7.jpg
etsy,,,Tulip Ceramic House Numbers: Hand Decorated Address Plaque,,6.37,USD,8.5,25.0,,308,True,,,,,,False,False,wall-decor,https://www.etsy.com/listing/1459452032/tulip-ceramic-house-numbers-hand,https://i.etsystatic.com/43255570/r/il/5545a6/6786697688/il_340x270.6786697688_64mm.jpg
etsy,,,"Wooden Wall Hooks, Minimalist Coat Rack, Modern Entryway Hooks, Solid Wood Wall Hooks for Towels, Bags, Jackets, Scandinavian Style",,9.9,USD,16.5,40.0,,4734,True,,,,,,False,True,wall-decor,https://www.etsy.com/listing/1878335146/wooden-wall-hooks-minimalist-coat-rack,https://i.etsystatic.com/36084915/r/il/2fb6d5/8402565170/il_340x270.8402565170_58af.jpg
etsy,,,Personalized Needle Felted Dog Embroidery Hoop Art: Custom Pet Portrait,,24.91,USD,55.36,55.0,,135,True,,,,,,False,True,wall-decor,https://www.etsy.com/listing/4333669853/personalized-needle-felted-dog,https://i.etsystatic.com/59738911/c/2752/2752/123/0/il/965cb6/7161146603/il_340x270.7161146603_q7eu.jpg
etsy,,,"Custom Hand-Drawn Watercolor Portrait, Gift for Her, Couple Proposal Drawing, Boyfriend Gift, Girlfriend Birthday Gift, Valentines Day",,9.98,USD,14.26,30.0,,7358,False,,,,,,False,True,wall-decor,https://www.etsy.com/listing/1780134911/custom-hand-drawn-watercolor-portrait,https://i.etsystatic.com/40627072/c/2500/2500/0/0/il/fddc39/7692525663/il_340x270.7692525663_bo18.jpg
etsy,,,"Look What I Made Children's Art Signs, 23"" or 30"" \| Personalized and hand painted, Art display sign, Kids artwork display, Child art display",,37.8,USD,42.0,10.0,,9235,True,,,,,,False,False,wall-decor,https://www.etsy.com/listing/1041579889/look-what-i-made-childrens-art-signs-23,https://i.etsystatic.com/20108464/r/il/d17f5c/3214511975/il_340x270.3214511975_p5bg.jpg
etsy,,,"World Map Wall Art Push Pin Map, Cork Board Wooden Travel Map Wall Decor, Wood Wall Map 5th Anniversary Gift, 3 Panel Wall Art",,155.25,USD,207.0,25.0,,7484,True,,,,,,False,True,wall-decor,https://www.etsy.com/listing/1195243862/world-map-wall-art-push-pin-map-cork,https://i.etsystatic.com/23216572/c/3000/2384/0/89/il/0ff0e9/3785287812/il_340x270.3785287812_i86u.jpg
etsy,,,Handcrafted Pine Peg Shelf with Ledge: Entryway Coat Rack,,64.35,USD,85.8,25.0,,4410,True,,,,,,False,True,wall-decor,https://www.etsy.com/listing/1054269840/handcrafted-pine-peg-shelf-with-ledge,https://i.etsystatic.com/13148455/r/il/61cb9f/4862579425/il_340x270.4862579425_p5s5.jpg
etsy,,,Handmade Knitted Wire Name Sign: Nursery Wall Decor,,18.61,USD,33.84,45.0,,314,True,,,,,,False,False,wall-decor,https://www.etsy.com/listing/4366993643/handmade-knitted-wire-name-sign-nursery,https://i.etsystatic.com/54342389/r/il/71cab8/7186837832/il_340x270.7186837832_rij2.jpg
etsy,,,Climbing Men Vinyl Clock Adventurer Gift Wall Decor Bouldering Gifts for Climbers Travel Accessories Hiking Artwork Extreme Sports Fan Art,,49.49,USD,109.98,55.0,,670,False,,,,,,False,False,wall-decor,https://www.etsy.com/listing/1021470748/climbing-men-vinyl-clock-adventurer-gift,https://i.etsystatic.com/19406257/c/1351/1351/76/72/il/846d06/6341333123/il_340x270.6341333123_oqc9.jpg
etsy,,,Personalized Kids Art Display: 3D Laser-Cut Wood Sign with Clips,,19.47,USD,25.96,25.0,,1075,True,,,,,,False,False,wall-decor,https://www.etsy.com/listing/1552250204/personalized-kids-art-display-3d-laser,https://i.etsystatic.com/39298565/r/il/53d26b/5338468897/il_340x270.5338468897_39kh.jpg
etsy,,,"Custom Name Neon Sign for Kids, Nursery Room Decor, Birthday Gift for Kid, Bedroom Neon Sign, Dorm Wall Decor, Graduation Gifts",,24.15,USD,34.5,30.0,,4352,True,,,,,,False,True,wall-decor,https://www.etsy.com/listing/4339965651/custom-name-neon-sign-for-kids-nursery,https://i.etsystatic.com/28716889/r/il/c7fb51/7559323401/il_340x270.7559323401_9cca.jpg
etsy,,,"Wedding Neon Sign, Neon Sign, LED Neon Sign, Personalized Birthday Gift, Family Name Neon Sign, Kids Room Decor, Wall Art, Bridesmaids Gifts",,10.75,USD,43.0,75.0,,17585,True,,,,,,False,True,wall-decor,https://www.etsy.com/listing/4320446333/neon-sign-custom-name-vintage-name-sign,https://i.etsystatic.com/7803638/r/il/105977/7243009177/il_340x270.7243009177_b2lc.jpg
etsy,,,Handcarved Sculptural Vase — Tetra,,249.02,USD,276.68,10.0,,5,False,,,,,,True,True,vases,https://www.etsy.com/listing/4559304426/hand-carved-sculptural-vase-wabi-sabi,https://i.etsystatic.com/30719137/c/827/827/47/198/il/4d8587/8459402829/il_340x270.8459402829_4daj.jpg
etsy,,,"Antique Large Chinese Ceramic Urn With Vases, Handpainted Chinese Ceramic Jar, Large Chinese Ceramic Urn",,391.13,USD,488.91,20.0,,410,True,,,,,,True,False,vases,https://www.etsy.com/listing/1542284065/antique-large-chinese-ceramic-urn-with,https://i.etsystatic.com/30878422/c/1644/1307/154/63/il/cd5e04/5916446722/il_340x270.5916446722_882u.jpg
etsy,,,Vintage Art Nouveau Style Glass Vase - Cameo Style Floral Vase - Decorative Art Glass,,365.46,USD,730.92,50.0,,4754,True,,,,,,True,True,vases,https://www.etsy.com/listing/4559282213/vintage-art-nouveau-style-glass-vase,https://i.etsystatic.com/37348467/r/il/5644fd/8455183251/il_340x270.8455183251_5vn2.jpg
etsy,,,Handblown Green Glass Vase Ribbed \| Honeycomb Olive Green Flower Vase \| Decorative Art Glass \| Elegant Home Decor \| Housewarming Gift 40cm,,787.0,USD,1210.77,35.0,,13,False,,,,,,True,True,vases,https://www.etsy.com/listing/4548559552/handblown-green-glass-vase-ribbed,https://i.etsystatic.com/62660840/c/1254/1254/0/0/il/5631aa/8329637860/il_340x270.8329637860_qv3e.jpg
etsy,,,Le Tulipiere in Blue Oyster Dot Gloss,,450.0,USD,,,,37,True,,,,,,False,True,vases,https://www.etsy.com/listing/4548552171/le-tulipiere-in-blue-oyster-dot-gloss,https://i.etsystatic.com/13479564/r/il/4f60ae/8329711608/il_340x270.8329711608_q6wm.jpg
etsy,,,"Vintage Glass Decanter, Elegant Barware Bottle for Whiskey and Home Decor",,42.5,USD,50.0,15.0,,2941,False,,,,,,False,False,vases,https://www.etsy.com/listing/4553212033/vintage-glass-decanter-elegant-barware,https://i.etsystatic.com/7518484/r/il/d04356/2949716925/il_340x270.2949716925_9iof.jpg
etsy,,,Small Round Blue Hydrangea Vase,,60.0,USD,,,,648,False,,,,,,False,False,vases,https://www.etsy.com/listing/1304222423/small-round-blue-hydrangea-vase,https://i.etsystatic.com/5447890/r/il/ab8e63/7173127458/il_340x270.7173127458_nhxs.jpg
etsy,,,Art Deco Ernst Steinwald Stepped Glass Vase c.1930 - Orange Tango Spatter Glass Skyscraper Vase - Formerly Attributed to Kralik - 18 cm,,201.68,USD,,,,,False,,,,,,False,False,vases,https://www.etsy.com/listing/4545220411/art-deco-ernst-steinwald-stepped-glass,https://i.etsystatic.com/67025560/c/1275/1275/124/382/il/e3b04d/8353813367/il_340x270.8353813367_3i54.jpg
etsy,,,"Vintage 1960s MCM Tall Copper Bud Vase by Coppercraft Guild, Bud Vase, Copper Art",,26.6,USD,,,,977,True,,,,,,False,False,vases,https://www.etsy.com/listing/4556895455/vintage-1960s-mcm-tall-copper-bud-vase,https://i.etsystatic.com/24198193/c/2259/2259/0/559/il/00e448/8437995855/il_340x270.8437995855_otxc.jpg
etsy,,,Handmade Porcelain Vase: Modern Seascape Ceramic Art (H18 X 10cm),,54.19,USD,,,,600,False,,,,,,False,False,vases,https://www.etsy.com/listing/790920665/handmade-porcelain-vase-modern-seascape,https://i.etsystatic.com/19760031/c/1706/1706/197/323/il/1e777c/6518755215/il_340x270.6518755215_b4xz.jpg
etsy,,,Small Vase- Blue-green Art Deco Slip Trailed Design - Arts and Crafts Inspired,,110.0,USD,,,,643,True,,,,,,False,True,vases,https://www.etsy.com/listing/4539122314/small-vase-blue-green-art-deco-slip,https://i.etsystatic.com/22688581/r/il/325454/8309443719/il_340x270.8309443719_otdt.jpg
etsy,,,MADE TO ORDER Purplish Porcelain Pomegranate Vase,,58.0,USD,,,,2941,False,,,,,,False,True,vases,https://www.etsy.com/listing/89905006/made-to-order-purple-porcelain,https://i.etsystatic.com/5237889/r/il/36b329/300601333/il_340x270.300601333.jpg
etsy,,,Hydrangea hand painted beautiful blue 10 inch vase personalizable gift wedding birthday anniversary retirement with free shipping,,68.0,USD,,,,1126,True,,,,,,False,True,vases,https://www.etsy.com/listing/1285006221/hydrangea-hand-painted-beautiful-blue-10,https://i.etsystatic.com/6477035/r/il/77222d/6653609575/il_340x270.6653609575_jaaj.jpg
etsy,,,"Handmade Stoneware Bouquet Vase, Modern Speckled Stoneware",,68.0,USD,,,,251,False,,,,,,False,False,vases,https://www.etsy.com/listing/1395991143/handmade-stoneware-bouquet-vase-modern,https://i.etsystatic.com/5284712/r/il/190ea9/8253388279/il_340x270.8253388279_d4fi.jpg
etsy,,,"OCTAEVO Jaime Hayon Paper Vase - Water-Resistant Paper, Eco-Friendly Handmade Decor with Metallic Foil, Made in Spain",,34.0,USD,,,,264,False,,,,,,False,False,vases,https://www.etsy.com/listing/1856093891/octaevo-jaime-hayon-paper-vase-water,https://i.etsystatic.com/27291838/r/il/f12a18/6555400024/il_340x270.6555400024_euko.jpg
etsy,,,"Layered Multi Toned Moonshine Jug Vase, Wooden Pussywillow Decorative Stems, Wood Turned Walnut, Oak, Vintage Decorative Round Handle",,59.0,USD,,,,502,True,,,,,,False,False,vases,https://www.etsy.com/listing/4556868411/layered-multi-toned-moonshine-jug-vase,https://i.etsystatic.com/36150170/r/il/dd0f86/8437865189/il_340x270.8437865189_d1u7.jpg
etsy,,,White Ceramic Vase with Intricate Floral Design Ceramic Vase Floral Design Painted Pot Colorful Pot Ethnic Pottery Indian Pottery,,1500.0,USD,2000.0,25.0,,141,False,,,,,,True,True,vases,https://www.etsy.com/listing/4354030267/white-ceramic-vase-with-intricate-floral,https://i.etsystatic.com/45990859/r/il/9b07eb/7166170285/il_340x270.7166170285_2m5a.jpg
etsy,,,Large Wabi-Sabi Floor Vase,,170.0,USD,340.0,50.0,,1,False,,,,,,True,False,vases,https://www.etsy.com/listing/4559510841/large-wabi-sabi-floor-vase,https://i.etsystatic.com/65809239/r/il/536555/8408999332/il_340x270.8408999332_7qhc.jpg
etsy,,,"Glass Jar with Cork – Recycled Glass Storage Container, 2.1 Gallon, Large Rustic Bean Jar for Cookies, Candy, Decor, and Pantry Staples",,58.99,USD,,,,1398,False,,,,,,True,True,vases,https://www.etsy.com/listing/1296576185/21-gallon-glass-bean-jar-rustic-finish,https://i.etsystatic.com/37036180/r/il/c6ed31/4195267103/il_340x270.4195267103_79kj.jpg
etsy,,,"Handcrafted Trista Marble Floor Vase, Natural Beige Stone, Modern Minimalist Decor",,850.0,USD,1000.0,15.0,,52,True,,,,,,True,True,vases,https://www.etsy.com/listing/4559609884/trista-marble-vase-large-beige-marble,https://i.etsystatic.com/57691556/r/il/b60a6e/8409553160/il_340x270.8409553160_r85a.jpg
etsy,,,Le Tulipiere in Sea Salt Crackle,,650.0,USD,,,,37,True,,,,,,False,True,vases,https://www.etsy.com/listing/4549710442/le-tulipiere-in-sea-salt-crackle,https://i.etsystatic.com/13479564/r/il/bb6394/8399456771/il_340x270.8399456771_k9v3.jpg
etsy,,,"Japandi Ceramic Vase, Wabi Sabi Sculptural Vessel, Abstract Organic Form, Modern Minimalist Art Object",,950.0,USD,,,,34,True,,,,,,False,True,vases,https://www.etsy.com/listing/1878517662/tactile-sculptural-ceramic-object-white,https://i.etsystatic.com/47322255/r/il/3973ce/8170599974/il_340x270.8170599974_83s8.jpg
etsy,,,"Chinese Ginger Jar, Double Happiness Chinoiserie Container Housewarming Gift",,125.0,USD,,,,2949,True,,,,,,False,False,vases,https://www.etsy.com/listing/578969148/chinese-ginger-jar-double-happiness,https://i.etsystatic.com/7384101/r/il/f00d8c/8426057651/il_340x270.8426057651_6ohf.jpg
etsy,,,Nemadji Pottery Vase Green and Blue Swirled Vase,,38.0,USD,,,,148,False,,,,,,False,False,vases,https://www.etsy.com/listing/4552883498/nemadji-pottery-vase-green-and-blue,https://i.etsystatic.com/53254178/r/il/02c857/8408608879/il_340x270.8408608879_4u4x.jpg
etsy,,,Signed Lee Hudin Art Glass Vase With Fish Sea Motif Circa 1977,,500.4,USD,695.0,28.0,,228,True,,,,,,False,True,vases,https://www.etsy.com/listing/1693908028/signed-lee-hudin-art-glass-vase-with,https://i.etsystatic.com/40000707/r/il/5e7da4/5941105681/il_340x270.5941105681_gfpv.jpg
etsy,,,"Cristal d'Arques Beaubourg Crystal Vase, Vintage 1980s French Lead Crystal 10"" Fluted Vase with Original Box",,19.0,USD,,,,435,False,,,,,,False,False,vases,https://www.etsy.com/listing/4551078450/cristal-darques-beaubourg-crystal-vase,https://i.etsystatic.com/30914608/r/il/37c40e/8347783530/il_340x270.8347783530_e3ue.jpg
etsy,,,Vintage Fenton Hobnail Milk Glass Vase: 1970s Wedding Centerpiece,,150.0,USD,,,,1560,False,,,,,,False,False,vases,https://www.etsy.com/listing/67731684/vintage-fenton-hobnail-milk-glass-vase,https://i.etsystatic.com/5829694/r/il/9b7acb/996948629/il_340x270.996948629_6hi0.jpg
etsy,,,"Ceramic Vase, Handmade Flower Vase with Built-In Frog Pin, Porcelain Japanese Inspired Ikebana, READY TO SHIP",,30.0,USD,,,,380,True,,,,,,False,True,vases,https://www.etsy.com/listing/1688585280/ceramic-vase-handmade-flower-vase-with,https://i.etsystatic.com/5324966/c/2250/1786/0/1027/il/ec5857/5870140650/il_340x270.5870140650_mvei.jpg
etsy,,,"Hand-Painted Glass Vase – Orange, Teal & Green –Bright Abstract Design – Colourful Home Decor – 20cm / 8""",,112.67,USD,,,,449,True,,,,,,False,False,vases,https://www.etsy.com/listing/1284183603/colourful-vase-unique-hand-painted,https://i.etsystatic.com/20121994/r/il/b08ffe/5744100167/il_340x270.5744100167_qor5.jpg
etsy,,,"Polonia Hand-Cut Lead Crystal Vase, Vintage 1980s Heavy 24% PbO Floral Pinwhee 9"" Vessel, Poland",,60.79,USD,,,,435,False,,,,,,False,False,vases,https://www.etsy.com/listing/4554883837/polonia-hand-cut-lead-crystal-vase,https://i.etsystatic.com/30914608/r/il/f64669/8375401308/il_340x270.8375401308_glce.jpg
etsy,,,"Hand blown vase - Tidefold - by Art Freas, artist",,450.0,USD,,,,459,True,,,,,,False,True,vases,https://www.etsy.com/listing/4477851439/hand-blown-vase-tidefold-by-art-freas,https://i.etsystatic.com/18612561/r/il/a79735/7843916400/il_340x270.7843916400_iy8j.jpg
etsy,,,"Scheurich Small Mid Century Vase, Abstract Decor, West Germany",,40.34,USD,,,,2499,True,,,,,,False,False,vases,https://www.etsy.com/listing/4558240621/scheurich-small-mid-century-vase,https://i.etsystatic.com/13542912/r/il/19f34f/8447659679/il_340x270.8447659679_pdru.jpg
etsy,,,Gold Leaf - 20cm Twist Vase by Nobile Glassware,,112.65,USD,,,,3048,True,,,,,,True,False,vases,https://www.etsy.com/listing/1395680671/gold-leaf-20cm-twist-vase-by-nobile,https://i.etsystatic.com/37536320/r/il/b357ae/6351655086/il_340x270.6351655086_kxnu.jpg
etsy,,,"Vicky Yao Marble Floral Centerpiece – Green Artificial Flowers, Modern Table Decor W12.2 × H9.8 in",,223.53,USD,,,,321,False,,,,,,True,True,vases,https://www.etsy.com/listing/4504982038/vicky-yao-marble-floral-centerpiece,https://i.etsystatic.com/23827784/r/il/a10758/8018652428/il_340x270.8018652428_i5e0.jpg
etsy,,,"Hand Tufted Organic Wool Rug, Layered Circle Abstract Area Carpet, Modern Home Decor",,308.07,USD,410.76,25.0,,3,False,,,,,,True,True,vases,https://www.etsy.com/listing/4559778574/hand-tufted-organic-rug-layered-circle,https://i.etsystatic.com/62934767/r/il/f1ab77/8458604631/il_340x270.8458604631_5pmn.jpg
etsy,,,Handmade Ceramic Vase \| Modern Crumpled Art Sculpture \| Unique Artisan Home Decor Gift,,150.0,USD,,,,6,False,,,,,,True,True,vases,https://www.etsy.com/listing/4479451013/handmade-ceramic-vase-modern-crumpled,https://i.etsystatic.com/64511778/r/il/c9c66a/7854378024/il_340x270.7854378024_nz0w.jpg
etsy,,,Handmade Ceramic Vase: Sculptural Moon & Color Design,,349.0,USD,,,,20,False,,,,,,False,True,vases,https://www.etsy.com/listing/4358049356/handmade-ceramic-vase-sculptural-moon,https://i.etsystatic.com/19601420/c/1990/1990/191/97/il/aa3a5e/7155546986/il_340x270.7155546986_i5an.jpg
etsy,,,Lady Liberty Lattice Vase,,88.0,USD,,,,1,False,,,,,,False,True,vases,https://www.etsy.com/listing/4539426757/lady-liberty-lattice-vase,https://i.etsystatic.com/43806524/c/1991/1991/176/1008/il/c166e9/8264057200/il_340x270.8264057200_f468.jpg
etsy,,,"Purple and Gold Hand Painted Glass Vase, Colorful Mantel Decor, Flower Vase, Vase for Bouquet, Table Centerpiece, Purple Accent Piece",,40.0,USD,,,,715,True,,,,,,False,False,vases,https://www.etsy.com/listing/1445187201/purple-and-gold-hand-painted-glass-vase,https://i.etsystatic.com/14140137/r/il/3d9510/5442911588/il_340x270.5442911588_1d2o.jpg
etsy,,,Frosted Fog Lattice Vase,,88.0,USD,,,,1,False,,,,,,False,True,vases,https://www.etsy.com/listing/4539421679/frosted-fog-lattice-vase,https://i.etsystatic.com/43806524/c/1757/1757/210/1231/il/7cbef6/8264012680/il_340x270.8264012680_gjrh.jpg
etsy,,,antique copper pot with iron handle,,4650.0,USD,,,,751,False,,,,,,False,True,vases,https://www.etsy.com/listing/4324241223/antique-copper-pot-with-iron-handle,https://i.etsystatic.com/6130739/r/il/d87e5a/6960134686/il_340x270.6960134686_e9z6.jpg
etsy,,,Hand painted lilacs on tall hand blown glass vase personalizable for special occasions birthdays retirement free shipping,,68.0,USD,,,,1126,True,,,,,,False,True,vases,https://www.etsy.com/listing/1314780860/hand-painted-lilacs-on-tall-hand-blown,https://i.etsystatic.com/6477035/r/il/ee2d1b/4268537778/il_340x270.4268537778_dy0p.jpg
etsy,,,"Handmade Stoneware Bud Vase, Modern Speckled Stoneware",,42.0,USD,,,,251,False,,,,,,False,False,vases,https://www.etsy.com/listing/1381980420/handmade-stoneware-bud-vase-modern,https://i.etsystatic.com/5284712/r/il/0674da/8253182591/il_340x270.8253182591_khzb.jpg
etsy,,,Vintage White Sculptural Ikebana Vase,,98.0,USD,,,,57,True,,,,,,False,False,vases,https://www.etsy.com/listing/4540179740/vintage-white-sculptural-ikebana-vase,https://i.etsystatic.com/51795595/c/1303/1303/77/460/il/6e0267/8298495602/il_340x270.8298495602_8lpu.jpg
etsy,,,"Ruby Red Art Glass Vase & Candlestick Set, Vintage 1960s MCM Mid Century Scandinavian Style Glass Decor",,34.19,USD,45.59,25.0,,435,False,,,,,,False,False,vases,https://www.etsy.com/listing/4539590536/ruby-red-art-glass-vase-candlestick-set,https://i.etsystatic.com/30914608/r/il/6bff3c/8265117886/il_340x270.8265117886_p7eb.jpg
etsy,,,Small Kintsugi Vase with Floral Sections,,98.4,USD,,,,2229,True,,,,,,False,True,vases,https://www.etsy.com/listing/1492312829/small-kintsugi-vase-with-floral-sections,https://i.etsystatic.com/6118536/r/il/499591/5909519324/il_340x270.5909519324_8iy1.jpg
etsy,,,Korean Baekja Moon Vase: Large Handmade White Porcelain Pottery,,79.5,USD,,,,383,True,,,,,,False,False,vases,https://www.etsy.com/listing/1267529437/korean-baekja-moon-vase-large-handmade,https://i.etsystatic.com/25234427/r/il/055890/4055558723/il_340x270.4055558723_8uay.jpg
etsy,,,Hand Painted Dotted Pumpkin Autumn Vase with Free Gift Box,,34.51,USD,,,,868,True,,,,,,False,False,vases,https://www.etsy.com/listing/4545568034/hand-painted-dotted-pumpkin-autumn-vase,https://i.etsystatic.com/17035780/c/2045/2045/51/51/il/16bed3/8308557184/il_340x270.8308557184_jfap.jpg
etsy,,,Antique Wooden Mortar Vase: Farmhouse Candle Holder Planter,,177.1,USD,230.0,23.0,,26,True,,,,,,True,True,vases,https://www.etsy.com/listing/1729597390/antique-wooden-mortar-vase-farmhouse,https://i.etsystatic.com/42720598/r/il/9e4567/6553924321/il_340x270.6553924321_3l3y.jpg
etsy,,,"Japanese Carved Vase In Red Lacquer, A Pair",,399.32,USD,,,,1904,False,,,,,,True,False,vases,https://www.etsy.com/listing/1706173976/japanese-carved-vase-in-red-lacquer-a,https://i.etsystatic.com/18451990/c/842/668/0/0/il/1c3809/6014718571/il_340x270.6014718571_4yqs.jpg
etsy,,,"Set of 3 Urns in ""Sancus"" Style \| Frosted Gold / Silver Designs \| Features 3 Sizes for Each Set \| Wonderful Decor for Table and More",,211.95,USD,,,,3066,False,,,,,,True,True,vases,https://www.etsy.com/listing/4348720452/set-of-3-urns-in-sancus-style-frosted,https://i.etsystatic.com/29688350/r/il/3cf6d2/8457131393/il_340x270.8457131393_qwnk.jpg
etsy,,,"Hand Tufted Hello Rug, Colorful Modern Area Rug, Statement Rug, Playroom Decor, Kids Room Rug, Blue Orange Pink Rug",,260.29,USD,650.72,60.0,,1,False,,,,,,True,True,vases,https://www.etsy.com/listing/4559454923/hand-tufted-hello-rug-colorful-modern,https://i.etsystatic.com/65452008/r/il/5ed7b8/8456509509/il_340x270.8456509509_fam6.jpg
etsy,,,"Personalized Engraved Striped Ceramic Vase with Handles,Boho Flower Vase,Farmhouse table,Cottagecore Home Floral Decor,New Home,Anniversary",,29.0,USD,58.0,50.0,,12,False,,,,,,False,False,vases,https://www.etsy.com/listing/4526658048/personalized-engraved-striped-ceramic,https://i.etsystatic.com/66484304/r/il/57ee24/8169066704/il_340x270.8169066704_hscy.jpg
etsy,,,Le Vase in Honey Gloss,,650.0,USD,,,,37,True,,,,,,False,True,vases,https://www.etsy.com/listing/4548550821/le-vase-in-honey-gloss,https://i.etsystatic.com/13479564/r/il/16e445/8377585819/il_340x270.8377585819_b4lr.jpg
etsy,,,"Small Handmade Ocean Inspired Beach Ceramic Vase, Turquoise Vase",,50.0,USD,,,,357,True,,,,,,False,False,vases,https://www.etsy.com/listing/1770239589/small-handmade-ocean-inspired-beach,https://i.etsystatic.com/14803054/r/il/113ab8/8382942762/il_340x270.8382942762_rsk4.jpg
etsy,,,Personalized Family Garden Heritage Vase — Custom Ceramic Flower Vase with Hand-Stamped Names,,184.0,USD,,,,4945,False,,,,,,False,True,vases,https://www.etsy.com/listing/1670319986/personalized-family-heritage-vase-custom,https://i.etsystatic.com/7906344/c/1649/2199/0/0/il/69980c/8315613385/il_340x270.8315613385_35e5.jpg
etsy,,,Sculptural Ceramic Vase \| Organic Modern \| Textured Clay Form \| Japandi Interior Object,,740.0,USD,,,,34,True,,,,,,False,True,vases,https://www.etsy.com/listing/4327147239/brutalist-ceramic-vase-sculptural,https://i.etsystatic.com/47322255/r/il/1be65a/8226569855/il_340x270.8226569855_tw2g.jpg
etsy,,,Fostoria Art Glass TUT Green Uranium Trophy Double Handle Flower VASE 8” Flawed),,56.25,USD,75.0,25.0,,444,True,,,,,,False,False,vases,https://www.etsy.com/listing/4505726179/fostoria-art-glass-tut-green-uranium,https://i.etsystatic.com/33376851/r/il/929c72/8071341503/il_340x270.8071341503_3l60.jpg
etsy,,,Handpainted peony vase Personalized gift with peony flowers Pink peony art Custom glass peonies vase,,95.0,USD,,,,593,True,,,,,,False,False,vases,https://www.etsy.com/listing/873813378/stained-glass-hand-painted-vase,https://i.etsystatic.com/19688306/r/il/6fbef0/7210397164/il_340x270.7210397164_9ds1.jpg
etsy,,,White Ceramic Bud Vase with Vermont Cherry Wood Base,,64.0,USD,,,,38,False,,,,,,False,True,vases,https://www.etsy.com/listing/171777697/white-vase-ceramic-and-wood-vase-ceramic,https://i.etsystatic.com/6902383/c/800/635/0/444/il/5b54af/4624496331/il_340x270.4624496331_tmwi.jpg
etsy,,,Blue and brown wheel thrown stoneware ceramic soap dispenser.,,70.0,USD,,,,17,False,,,,,,False,False,vases,https://www.etsy.com/listing/1889006060/blue-and-brown-wheel-thrown-stoneware,https://i.etsystatic.com/48140904/r/il/8fb8a4/6792078074/il_340x270.6792078074_4qhy.jpg
etsy,,,"Handmade Ceramic Flower Brick, Wheel Thrown Teal Porcelain, Hand Painted Dot Detail, Pottery Flower Frog, Unique Floral Gift",,165.0,USD,,,,46,False,,,,,,False,False,vases,https://www.etsy.com/listing/4421867794/flower-brick,https://i.etsystatic.com/8942505/c/1848/1848/0/461/il/4baeb7/7543978873/il_340x270.7543978873_78ss.jpg
etsy,,,"Handmade Textured Black Clay Vase, Rustic Table Centerpiece",,146.0,USD,,,,366,True,,,,,,False,False,vases,https://www.etsy.com/listing/4558050680/handmade-textured-black-clay-vase-rustic,https://i.etsystatic.com/10787683/c/1067/1136/0/0/il/e07493/6595261200/il_340x270.6595261200_951d.jpg
etsy,,,"Surprise Pattern Magnetic Bud Vase, Silver plate recycled Hollow Knife, Small gift for mom",,14.99,USD,,,,7011,True,,,,,,False,False,vases,https://www.etsy.com/listing/4484720537/surprise-pattern-magnetic-bud-vase,https://i.etsystatic.com/6488224/r/il/e03951/7935901597/il_340x270.7935901597_hx2v.jpg
etsy,,,Vintage Two-Arm Brass Candlestick - Antique Candelabra - Circa 1950,,366.68,USD,733.36,50.0,,4754,True,,,,,,True,True,candles-and-holders,https://www.etsy.com/listing/4559849782/vintage-two-arm-brass-candlestick,https://i.etsystatic.com/37348467/r/il/a54317/8459160085/il_340x270.8459160085_i00p.jpg
etsy,,,"Spoil Me Universe Ritual Oil 2oz \| Luxury, Endless Abundance, Money Drawing, Sweetening, Divine Favor & Alignment \| Sugar Cookie Scent 60mL",,29.44,USD,58.88,50.0,,1016,False,,,,,,True,False,candles-and-holders,https://www.etsy.com/listing/4446246720/spoil-me-universe-ritual-oil-2oz-luxury,https://i.etsystatic.com/63115897/r/il/067dfa/7682833151/il_340x270.7682833151_aj99.jpg
etsy,,,"Bewitching Glamour™ Ritual Oil for Glamour Magick \| For Attraction, Magnetism, and Confidence \| Anointing Oil for Beauty and Self Love",,21.0,USD,30.0,30.0,,5287,True,,,,,,True,False,candles-and-holders,https://www.etsy.com/listing/4449599227/bewitching-glamour-ritual-oil-for,https://i.etsystatic.com/13842134/r/il/1d92d2/8051143946/il_340x270.8051143946_pypg.jpg
etsy,,,"Pumpkin Spice Candle in Wooden Mug \| Autumn Decor Soy Candle with Cinnamon, Dried Lemon & Star Anise \| Cozy Fall Home Decor",,27.0,USD,36.0,25.0,,23,False,,,,,,True,False,candles-and-holders,https://www.etsy.com/listing/4488303914/pumpkin-spice-candle-in-wooden-mug,https://i.etsystatic.com/64616007/r/il/8f5064/7958198985/il_340x270.7958198985_455f.jpg
etsy,,,"Personalized Engagement Candle, He Hit The Jackpot Funny Engagement Gifts For Couple, Future Mrs Gift Funny Wedding Gift For Bride to Be W85",,4.2,USD,5.68,26.0,,25245,True,,,,,,False,False,candles-and-holders,https://www.etsy.com/listing/1759492331/personalized-engagement-candle-he-hit,https://i.etsystatic.com/11181624/c/1396/1396/325/69/il/910bfa/7001509430/il_340x270.7001509430_nn3f.jpg
etsy,,,"Personalized Gifts for Her Birthdate Candle \| Customized Name Birthdate Zodiac Sign Birth Month Flower, Birthday Candle Astrology Gifts",,26.06,USD,34.75,25.0,,1198,True,,,,,,False,False,candles-and-holders,https://www.etsy.com/listing/1773186196/personalized-gifts-for-her-birthdate,https://i.etsystatic.com/42669398/r/il/5577cd/6288159697/il_340x270.6288159697_hlp4.jpg
etsy,,,Salted Caramel Bundt Cake Candle. Full Size Cake!,,67.5,USD,90.0,25.0,,3992,True,,,,,,False,True,candles-and-holders,https://www.etsy.com/listing/593009953/salted-caramel-bundt-cake-candle-full,https://i.etsystatic.com/8056830/r/il/da1c5b/3579189728/il_340x270.3579189728_fj2u.jpg
etsy,,,"96 Refills! Pure Beeswax Tea Light Refill Starter Kit, hand poured in the USA, home based business, Pollen Arts",,80.0,USD,,,,3269,False,,,,,,False,False,candles-and-holders,https://www.etsy.com/listing/1507258722/96-refills-pure-beeswax-tea-light-refill,https://i.etsystatic.com/6114167/r/il/12483f/3529134402/il_340x270.3529134402_myxh.jpg
etsy,,,Pure Beeswax Sanctuary Glass \| Prayer Candle \| Manifestation Candle \| Special Occasion Candle \| Spring \| Easter \| Mother's Day,,30.0,USD,,,,322,True,,,,,,False,False,candles-and-holders,https://www.etsy.com/listing/1322636679/pure-beeswax-sanctuary-glass-7-day,https://i.etsystatic.com/37521008/c/2000/1589/0/264/il/77b2ae/4766110028/il_340x270.4766110028_327f.jpg
etsy,,,Over the Garden Wall Lantern \#1 - Silhouettes - Shadow play,,18.33,USD,,,,595,False,,,,,,False,False,candles-and-holders,https://www.etsy.com/listing/1598878466/over-the-garden-wall-lantern-1,https://i.etsystatic.com/47262072/r/il/743ea5/5561401045/il_340x270.5561401045_i048.jpg
etsy,,,"Handmade Seaweed Twisted Soy Beeswax Taper Candle - Colorful Spiral (Pair), 8.75 inches",,17.3,USD,,,,6650,True,,,,,,False,False,candles-and-holders,https://www.etsy.com/listing/1887282982/handmade-seaweed-twisted-soy-beeswax,https://i.etsystatic.com/21936462/c/2000/2000/0/126/il/88e497/6784864038/il_340x270.6784864038_ph76.jpg
etsy,,,"Warm and Cozy Soy Candle: Orange, Cinnamon, Clove, Pine Scented Candle for Christmas, 9oz Amber Jar",,21.6,USD,24.0,10.0,,25878,True,,,,,,False,False,candles-and-holders,https://www.etsy.com/listing/1459115425/warm-and-cozy-soy-candle-orange-cinnamon,https://i.etsystatic.com/10385964/c/1438/1142/172/310/il/94e7d8/5531040444/il_340x270.5531040444_2qm1.jpg
etsy,,,"Ceramic Wall Candle Holder, Green Crackle Glaze Tealight Sconce, Handmade Sunburst Wall Decor",,140.0,USD,,,,13,False,,,,,,False,False,candles-and-holders,https://www.etsy.com/listing/4558901588/ceramic-wall-candle-holder-green-crackle,https://i.etsystatic.com/63655010/r/il/7e6744/8404333512/il_340x270.8404333512_chnm.jpg
etsy,,,RHOSLC Rumors and Nastiness Candle Real Housewives of Salt Lake City Soy Candle Real Housewives Gift Funny Reality TV Bravo Gift RHOSLC,,26.4,USD,33.0,20.0,,526,True,,,,,,False,False,candles-and-holders,https://www.etsy.com/listing/4356341602/rhoslc-rumors-and-nastiness-candle-real,https://i.etsystatic.com/58277180/c/1365/1365/340/388/il/12fd5d/7130485630/il_340x270.7130485630_2def.jpg
etsy,,,Cedar/Lavender and/or Cedar/Peppermint Sachets Set of 4,,12.0,USD,,,,1637,True,,,,,,False,False,candles-and-holders,https://www.etsy.com/listing/1093584679/cedarlavender-andor-cedarpeppermint,https://i.etsystatic.com/22570396/c/1477/1174/37/0/il/abcfdf/3303796116/il_340x270.3303796116_n30f.jpg
etsy,,,Pumpkin Mini Candles Set of 16 – Natural Soy Wax Fall Decor / Thanksgiving Favors / Halloween Table Decorations,,27.2,USD,32.0,15.0,,68,True,,,,,,False,False,candles-and-holders,https://www.etsy.com/listing/4384496011/pumpkin-mini-candles-set-of-16-natural,https://i.etsystatic.com/58060472/r/il/5f01b2/7326393305/il_340x270.7326393305_jq9k.jpg
etsy,,,"Essential Oil Beeswax Candles: Non-Toxic & Clean-Burning, Hand-Poured on Cape Cod, MA",,25.0,USD,,,,5818,True,,,,,,True,False,candles-and-holders,https://www.etsy.com/listing/4395468042/essential-oil-beeswax-candles-non-toxic,https://i.etsystatic.com/24951730/c/1280/1280/0/0/il/eec390/7338017646/il_340x270.7338017646_7w9i.jpg
etsy,,,"Spa Candles \| Sea Salt & Orchid, Peppermint, White Sage, Lavender Candles",,12.9,USD,21.5,40.0,,11229,True,,,,,,True,False,candles-and-holders,https://www.etsy.com/listing/4335364552/spa-candles-sea-salt-orchid-peppermint,https://i.etsystatic.com/20459845/c/1289/1289/416/146/il/45b209/7019612326/il_340x270.7019612326_outo.jpg
etsy,,,Pearl White Wedding Unity Heart: Elegant Ceremony Alternative,,144.0,USD,,,,1866,True,,,,,,True,True,candles-and-holders,https://www.etsy.com/listing/225851773/pearl-white-wedding-unity-heart-elegant,https://i.etsystatic.com/10376911/r/il/b63eb3/1963857537/il_340x270.1963857537_70jw.jpg
etsy,,,"LED Lanterns (Set of 4 or 12): 10"" Decorative Indoor/Outdoor Lighting",,39.99,USD,,,,488,False,,,,,,True,False,candles-and-holders,https://www.etsy.com/listing/1683592135/set-of-12-black-led-lanterns-10,https://i.etsystatic.com/23664013/r/il/578a3b/7897223740/il_340x270.7897223740_fvzp.jpg
etsy,,,"Bulk Beeswax Tealight Candles: Pure Beeswax, Cotton Wick",,25.95,USD,,,,13083,True,,,,,,False,False,candles-and-holders,https://www.etsy.com/listing/1035519583/bulk-beeswax-tealight-candles-pure,https://i.etsystatic.com/6767952/r/il/fbea73/3789471511/il_340x270.3789471511_gpz4.jpg
etsy,,,Fall Scented 3 Wick Candles \| 16oz \| Soy Blend \| Housewarming \| Gift \| Fall \| Christmas \| Holiday Decor \| Fall Scent \| Home Decor,,24.0,USD,30.0,20.0,,481,False,,,,,,False,False,candles-and-holders,https://www.etsy.com/listing/1318796415/fall-scented-3-wick-candles-16oz-soy,https://i.etsystatic.com/21763852/r/il/09ac51/7564057883/il_340x270.7564057883_31ec.jpg
etsy,,,"Beeswax Taper Candles Beeswax Candles, Purple Lavender Taper Candles, Spring Decor, Easter Table Candles, Handmade in USA, Easter",,18.0,USD,,,,976,False,,,,,,False,False,candles-and-holders,https://www.etsy.com/listing/1453780555/lavender-beeswax-taper-candles-hand,https://i.etsystatic.com/12826258/r/il/7e8b6b/5733216443/il_340x270.5733216443_5r5z.jpg
etsy,,,Set of 9 Nickel Hanukkah Candle Cups with a Taller Shamash,,15.2,USD,,,,1819,False,,,,,,False,False,candles-and-holders,https://www.etsy.com/listing/1024089500/set-of-9-nickel-hanukkah-candle-cups,https://i.etsystatic.com/21046684/r/il/3a2830/3201181659/il_340x270.3201181659_8zjf.jpg
etsy,,,Large Beeswax Candle Glass Jar / 100% All Natural Bees Wax Candles / Cork Top / Cotton Wick Lead Free Pure 24 Hour Burn Time / 7 oz Jars NEW,,3.36,USD,3.95,15.0,,10585,False,,,,,,False,False,candles-and-holders,https://www.etsy.com/listing/1507379732/large-beeswax-candle-glass-jar-100-all,https://i.etsystatic.com/14154111/c/2912/2314/0/398/il/50ed65/5129822493/il_340x270.5129822493_qb2w.jpg
etsy,,,"Christmas Candle \| Holiday Coconut wax \| Winter Scented Candles: Christmas tree, Winter Wonderland, Silent Night, Yuletide, Santa Baby, Noel",,26.6,USD,28.0,5.0,,264,True,,,,,,False,False,candles-and-holders,https://www.etsy.com/listing/4391543279/christmas-candle-holiday-coconut-wax,https://i.etsystatic.com/16835778/r/il/43ecfb/7314032124/il_340x270.7314032124_amta.jpg
etsy,,,"Funny New Home Gift, Housewarming Candle Gift, Real Estate Agent Closing Gift, First Home Gift House Warming Gift, New Home Congratulations",,28.5,USD,38.0,25.0,,3036,True,,,,,,False,False,candles-and-holders,https://www.etsy.com/listing/4341388682/funny-new-home-gift-housewarming-candle,https://i.etsystatic.com/20038214/c/1837/1837/319/392/il/265968/7100716277/il_340x270.7100716277_n788.jpg
etsy,,,Sakura Candle // Cherry Blossom + Tonka Bean + Sandalwood \| Natural Cement Jar \| 5 oz,,27.5,USD,,,,240,True,,,,,,False,False,candles-and-holders,https://www.etsy.com/listing/4557566282/sakura-candle-cherry-blossom-tonka-bean,https://i.etsystatic.com/34587414/r/il/5bae5c/8442816293/il_340x270.8442816293_88ym.jpg
etsy,,,Fraser Fir Candle Gift \| Evergreen Cedar & Moss \| Cozy Winter Farmhouse Scent,,19.8,USD,28.28,30.0,,7699,False,,,,,,False,False,candles-and-holders,https://www.etsy.com/listing/885386262/fraser-fir-wood-wick-candle-rustic,https://i.etsystatic.com/19291272/r/il/746f9b/7686191986/il_340x270.7686191986_eoel.jpg
etsy,,,Witch’s Brew Candle,,28.49,USD,29.99,5.0,,8972,True,,,,,,False,False,candles-and-holders,https://www.etsy.com/listing/1645013959/witchs-brew-candle,https://i.etsystatic.com/28166956/r/il/632a39/6236010195/il_340x270.6236010195_n1si.jpg
etsy,,,Timer Taper Candles,,4.5,USD,,,,4357,True,,,,,,False,False,candles-and-holders,https://www.etsy.com/listing/1576979367/timer-taper-candles,https://i.etsystatic.com/7978724/r/il/a18e7d/7279601814/il_340x270.7279601814_53wx.jpg
etsy,,,1 Gallon Terra Cotta Jack-o'-lantern Pumpkin with Hat from Craven Pottery,,62.55,USD,69.5,10.0,,2636,True,,,,,,False,True,candles-and-holders,https://www.etsy.com/listing/610607606/1-gallon-terra-cotta-jack-o-lantern,https://i.etsystatic.com/5136290/c/1070/850/103/40/il/733efe/1316570101/il_340x270.1316570101_k74k.jpg
etsy,,,"Black Marble Candle Holder Set of 2, Brass Flower Sculptural Candlestick, Totem Pillar Stand",,419.74,USD,645.75,35.0,,13,False,,,,,,True,True,candles-and-holders,https://www.etsy.com/listing/4549710383/black-marble-candle-holder-set-of-2,https://i.etsystatic.com/62660840/c/1254/1254/0/0/il/239357/8385998375/il_340x270.8385998375_cb18.jpg
etsy,,,"Modern Jerusalem Stone Candlesticks Pair, Golden or Silver Insert, Minimal Table Centerpiece Gift",,139.9,USD,,,,53,False,,,,,,True,False,candles-and-holders,https://www.etsy.com/listing/4425731331/modern-jerusalem-stone-candlesticks-pair,https://i.etsystatic.com/43812119/r/il/5a3bbb/7577653207/il_340x270.7577653207_aksg.jpg
etsy,,,"Rich Burgundy Ceramic Wall Candle Holder, Burgundy Wall Sconce, Handmade Candle Holder, Home Decor, Housewarming Gift",,98.47,USD,229.0,57.0,,24,True,,,,,,True,True,candles-and-holders,https://www.etsy.com/listing/4550950732/rich-burgundy-ceramic-wall-candle-holder,https://i.etsystatic.com/54284219/r/il/260a15/8394751883/il_340x270.8394751883_4mg4.jpg
etsy,,,"Standing Ovation Candle - Performer Gift - Broadway Theatre Present - Congrats Care Package for Actor, Singer, Dancer - Smells Like Applause",,9.74,USD,12.99,25.0,,1950,True,,,,,,False,False,candles-and-holders,https://www.etsy.com/listing/1871573476/standing-ovation-candle-performer-gift,https://i.etsystatic.com/36945127/r/il/cd6ebb/8071188356/il_340x270.8071188356_5zyw.jpg
etsy,,,"Hello Fall Candle - Autumn Candle Gift - Soy Wax Cider, Nutmeg, Cloves, Cinnamon Scented Candle - Fall Candles",,21.6,USD,24.0,10.0,,25878,True,,,,,,False,False,candles-and-holders,https://www.etsy.com/listing/1511613372/hello-fall-candle-autumn-candle-gift-soy,https://i.etsystatic.com/10385964/c/2362/1877/353/666/il/685f6d/5524279347/il_340x270.5524279347_rfca.jpg
etsy,,,Set of 6 Cedar and Lavender Sachets,,13.0,USD,,,,2219,False,,,,,,False,False,candles-and-holders,https://www.etsy.com/listing/845436615/set-of-6-cedar-and-lavender-sachets,https://i.etsystatic.com/6410241/r/il/7b1bfd/2483004573/il_340x270.2483004573_9ti6.jpg
etsy,,,Large 3-Wick Beeswax Pillar Candle: Hand-Poured Organic Honey Scent,,62.89,USD,73.99,15.0,,7414,True,,,,,,False,True,candles-and-holders,https://www.etsy.com/listing/633417442/large-3-wick-beeswax-pillar-candle-hand,https://i.etsystatic.com/11215001/r/il/8928e4/1656491982/il_340x270.1656491982_8tux.jpg
etsy,,,"Beeswax Taper Candles Pure Beeswax Candles, White Taper Candles, Spring Decor, Easter Table Candles, Natural Candles, Handmade in USA",,18.0,USD,,,,976,False,,,,,,False,False,candles-and-holders,https://www.etsy.com/listing/931755582/natural-white-beeswax-taper-candles-hand,https://i.etsystatic.com/12826258/r/il/e0c82f/7776941178/il_340x270.7776941178_6bws.jpg
etsy,,,"Hand Forged Iron Wall Sconce Set of 2, Minimalist Black Metal Candle Holder",,60.0,USD,,,,81,False,,,,,,False,False,candles-and-holders,https://www.etsy.com/listing/4511855643/hand-forged-iron-wall-sconce-set-of-2,https://i.etsystatic.com/63893742/r/il/277d0d/8065430382/il_340x270.8065430382_brzn.jpg
etsy,,,4oz or 9oz Smells Like Italy Candle \| Tuscany Candle \| Sage & Cypress Scent \| Gift for Travel Lovers and Globetrotters \| Gift Under 25 USD,,24.99,USD,,,,13,False,,,,,,False,False,candles-and-holders,https://www.etsy.com/listing/1662999273/4oz-or-9oz-smells-like-italy-candle,https://i.etsystatic.com/44979204/r/il/1069d0/5694945162/il_340x270.5694945162_i5f4.jpg
etsy,,,"Vintage 4 Pillar Candle Centerpiece, Black Arc Fireplace Candelabra Seasonal Stylizing",,95.95,USD,,,,4127,True,,,,,,False,True,candles-and-holders,https://www.etsy.com/listing/4554236762/vintage-4-pillar-candle-centerpiece,https://i.etsystatic.com/13285936/r/il/f595d5/8389419578/il_340x270.8389419578_alh5.jpg
etsy,,,Pure Beeswax Pillars \| 100% Pure Natural Handcrafted Candles \| Home Decor \| Altar Candles \| Gift \| Spring \| Easter \| Mother's Day,,13.0,USD,,,,322,True,,,,,,False,False,candles-and-holders,https://www.etsy.com/listing/1322613043/pure-beeswax-pillars-beeswax-pillar,https://i.etsystatic.com/37521008/c/2000/1589/0/324/il/8590af/4841848822/il_340x270.4841848822_kisg.jpg
etsy,,,"Spiral Beeswax Taper Candles: Set of 2, unscented",,14.0,USD,,,,677,True,,,,,,False,False,candles-and-holders,https://www.etsy.com/listing/1418354579/spiral-beeswax-taper-candles-set-of-2,https://i.etsystatic.com/19635643/r/il/844aca/5718989073/il_340x270.5718989073_cxfu.jpg
etsy,,,Dirty Martini Candle: Gel Wax with Beeswax Olive \| 8 oz \| USA \| 1 ct,,29.7,USD,33.0,10.0,,109,False,,,,,,False,False,candles-and-holders,https://www.etsy.com/listing/4298445349/dirty-martini-candle-gel-wax-with,https://i.etsystatic.com/46768599/r/il/602947/7770505601/il_340x270.7770505601_kcuw.jpg
etsy,,,Vintage Silver Toned Kneeling Angel Candlestick Holder \| Christmas Taper Candle Holder \| Angel Decor \| Christmas Mantel Decor,,26.0,USD,,,,430,False,,,,,,False,False,candles-and-holders,https://www.etsy.com/listing/4553005817/vintage-silver-toned-kneeling-angel,https://i.etsystatic.com/11557549/c/1142/1142/110/272/il/45dc80/8361721152/il_340x270.8361721152_pqw9.jpg
etsy,,,Lantern Soho Round with leather handle made of rattan and bamboo handmade in two sizes,,108.78,USD,,,,30,False,,,,,,True,False,candles-and-holders,https://www.etsy.com/listing/4401673101/lantern-soho-round-with-leather-handle,https://i.etsystatic.com/56869022/r/il/58f29e/8395635649/il_340x270.8395635649_2svl.jpg
etsy,,,"Reclaimed Wood Mason Jar Candle Holder, Rustic Wall Sconce",,25.42,USD,31.0,18.0,,5635,True,,,,,,True,False,candles-and-holders,https://www.etsy.com/listing/841438546/rustic-candle-holder-rustic-decor-rustic,https://i.etsystatic.com/8802226/c/1311/1041/0/360/il/895d23/765423353/il_340x270.765423353_jaev.jpg
etsy,,,"Large Veiled Lady Candle – Soy Wax Sculpture, Elegant Bust Candle, Mystical Home Decor, Artistic Gift for Her, Statement Ornament",,28.0,USD,,,,3876,True,,,,,,True,False,candles-and-holders,https://www.etsy.com/listing/4352735307/large-veiled-lady-candle-soy-wax,https://i.etsystatic.com/35558980/r/il/9aa3b4/8113198174/il_340x270.8113198174_cck7.jpg
etsy,,,Custom Birthdate Candle - Zodiac Gift for him - Personalized Astrology Candle - Star Sign Candle Gift - Constellation Gifts for men & women,,9.74,USD,12.99,25.0,,1950,True,,,,,,True,False,candles-and-holders,https://www.etsy.com/listing/1527841240/custom-birthdate-candle-zodiac-gift-for,https://i.etsystatic.com/36945127/r/il/2255af/8407664144/il_340x270.8407664144_nkb5.jpg
etsy,,,"Beeswax Taper Candles Pure Beeswax Candles, Navy Blue Taper Candles, Spring Decor, Easter Table Candles, Natural Candles, Handmade in USA",,18.0,USD,,,,976,False,,,,,,False,False,candles-and-holders,https://www.etsy.com/listing/1546033365/midnight-blue-beeswax-taper-candles-hand,https://i.etsystatic.com/12826258/c/1980/1980/9/383/il/b0ad42/6981435282/il_340x270.6981435282_pe0p.jpg
etsy,,,Money Candle with Dragon's Blood and Cinnamon,,25.0,USD,,,,3475,True,,,,,,False,True,candles-and-holders,https://www.etsy.com/listing/484403507/money-candle-free-shipping-youre-already,https://i.etsystatic.com/10285017/r/il/a5ae7a/4227251132/il_340x270.4227251132_qy72.jpg
etsy,,,Strawberry Leather Scented Room & Car Air Freshener Fine Mist Spray by Rustic Charm,,16.95,USD,,,,2060,True,,,,,,False,False,candles-and-holders,https://www.etsy.com/listing/571573576/strawberry-leather-scented-room-car-air,https://i.etsystatic.com/5689305/r/il/fba182/2028945640/il_340x270.2028945640_gl93.jpg
etsy,,,Simmer Pot kit – Intention Simmer Pot Kit with Crystal – Stovetop Potpourri – Spiritual Simmering Pot gifts – Crescent Moon Charm–Home Aroma,,9.0,USD,,,,1030,True,,,,,,False,False,candles-and-holders,https://www.etsy.com/listing/4376836579/simmer-pot-kit-intention-simmer-pot-kit,https://i.etsystatic.com/5559620/c/2500/2500/0/0/il/1e0b3f/7234539336/il_340x270.7234539336_a2q2.jpg
etsy,,,Judaica Shabbat Candles - 4-Pack,,24.0,USD,,,,664,True,,,,,,False,False,candles-and-holders,https://www.etsy.com/listing/889224238/judaica-shabbat-candles-4-pack,https://i.etsystatic.com/25724549/r/il/567c9d/5676235607/il_340x270.5676235607_svcj.jpg
etsy,,,"Gothic Drip Tealight Holder Set: Flameless LED Candles, Eerie Decor",,19.99,USD,,,,220,True,,,,,,False,False,candles-and-holders,https://www.etsy.com/listing/4345780671/gothic-drip-tealight-holder-set,https://i.etsystatic.com/57075043/r/il/a26f66/7124965383/il_340x270.7124965383_taoe.jpg
etsy,,,"Freeze-Dried Citrus Slices \| Lemon, Lime, Orange Trio (Potpourri, Garnish, Craft)",,10.95,USD,,,,12,True,,,,,,False,False,candles-and-holders,https://www.etsy.com/listing/4457710820/freeze-dried-citrus-slices-lemon-lime,https://i.etsystatic.com/63172111/r/il/f64124/7918593801/il_340x270.7918593801_6wkz.jpg
etsy,,,Nurse Gift Only Bad B\*tches Are Nurses Candle Funny Unique Handmade Personalized Graduate Holiday Friend Medical Worker Hospital F079,,8.95,USD,17.9,50.0,,12092,True,,,,,,False,False,candles-and-holders,https://www.etsy.com/listing/1677755057/nurse-gift-only-bad-btches-are-nurses,https://i.etsystatic.com/32386840/r/il/d58fea/8384710436/il_340x270.8384710436_73jp.jpg
etsy,,,Beeswax Candles - 12 Inch Tall Tapers - Handmade in USA - One Pair,,19.5,USD,,,,3820,True,,,,,,False,False,candles-and-holders,https://www.etsy.com/listing/211997304/beeswax-candles-12-inch-tall-tapers,https://i.etsystatic.com/9168261/r/il/ce7254/673344308/il_340x270.673344308_m8e1.jpg
etsy,,,"Scrolls Fireplace Candelabra for Votives, Pillars, Wax or LED Candles",,120.0,USD,,,,9391,True,,,,,,False,True,candles-and-holders,https://www.etsy.com/listing/1615378392/scrolls-fireplace-candelabra-for-votives,https://i.etsystatic.com/13594764/r/il/8ddca0/7793900788/il_340x270.7793900788_i3br.jpg
etsy,,,Rare 1950s Hull Pottery Chambersticks Pastel Pink Blue Green Mid Century Candle Holders Majolica Inspired,,65.0,USD,,,,317,True,,,,,,False,False,candles-and-holders,https://www.etsy.com/listing/4558367909/rare-1950s-hull-pottery-chambersticks,https://i.etsystatic.com/40686693/r/il/8642b0/8448480825/il_340x270.8448480825_tg5o.jpg
etsy,,,"Personalized Soy Candle: Scented Gift, Amber Jar, 8 oz",,13.65,USD,21.0,35.0,,29118,True,,,,,,False,False,candles-and-holders,https://www.etsy.com/listing/1590795482/personalized-soy-candle-scented-gift,https://i.etsystatic.com/20774660/c/999/793/150/103/il/296e37/5477376356/il_340x270.5477376356_2y04.jpg
etsy,,,Oversized Gold Baroque Mirror 26.8” x 66.1” / 68x167cm Luxury Full Length Statement Mirror for Elegant Interiors,,759.5,USD,1550.0,51.0,,27,True,,,,,,True,True,mirrors,https://www.etsy.com/listing/4505855418/oversized-gold-baroque-mirror-luxury,https://i.etsystatic.com/61528285/r/il/019a36/8388227537/il_340x270.8388227537_nr13.jpg
etsy,,,"Walnut Asymmetical Mirror, Walnut Irregular Mirror, Irregular Wooden Mirror, Asymmetrical Entryway Mirror, Wooden Framed Asymmetrical Mirror",,138.6,USD,198.0,30.0,,190,False,,,,,,True,True,mirrors,https://www.etsy.com/listing/4402895309/walnut-asymmetical-mirror-walnut,https://i.etsystatic.com/58822110/c/901/901/45/45/il/b5be9a/7383547372/il_340x270.7383547372_2io7.jpg
etsy,,,Asymmetrical Walnut Full Length Mirror: Mid-Century Modern Rustic Decor,,126.0,USD,210.0,40.0,,181,True,,,,,,True,True,mirrors,https://www.etsy.com/listing/4332440095/asymmetrical-walnut-full-length-mirror,https://i.etsystatic.com/60384191/r/il/73409f/8273512397/il_340x270.8273512397_jndb.jpg
etsy,,,Handcrafted Turkish Tile Full Length Mirror – Bohemian Wall Decor,,932.4,USD,,,,207,False,,,,,,True,True,mirrors,https://www.etsy.com/listing/1676063805/turkish-handcrafted-tile-stone-full,https://i.etsystatic.com/49372320/r/il/ba57ff/6778202821/il_340x270.6778202821_5uf4.jpg
etsy,,,"Asymmetrical Mirror, Irregular Mirror, Mirror Wall Decor on Tempered Glass, Entryway Hallway Mirror, Mirror for Bathroom, Luxury Home Decor",,190.8,USD,318.0,40.0,,884,True,,,,,,False,True,mirrors,https://www.etsy.com/listing/1505156590/asymmetrical-mirror-irregular-mirror,https://i.etsystatic.com/40749639/c/2000/1589/0/0/il/b5faee/5071429946/il_340x270.5071429946_fvrb.jpg
etsy,,,"Italian Mirror, Butterfly Mirror, Vanity Mirror, Aesthetic Wall Mirror, Italian Decor Mirror, Wavy Mirror - Timeless Design for Luxury Homes",,114.0,USD,190.0,40.0,,2167,True,,,,,,False,True,mirrors,https://www.etsy.com/listing/1394873603/italian-mirror-butterfly-mirror-vanity,https://i.etsystatic.com/40235660/c/3000/2384/0/76/il/508631/5741459167/il_340x270.5741459167_bxbl.jpg
etsy,,,"Asymmetrical Mirror, Irregular Mirror, Mirror Wall Decor, Abstract Mirror, Elegant Mirror for Chic Homes, A Statement Piece for Any Decor",,66.0,USD,110.0,40.0,,2167,True,,,,,,False,True,mirrors,https://www.etsy.com/listing/1391045275/asymmetrical-mirror-irregular-mirror,https://i.etsystatic.com/40235660/c/2803/2228/95/83/il/9bdb60/5159091119/il_340x270.5159091119_stht.jpg
etsy,,,"Handmade American Walnut Round Mirror, Elegant Wood Frame",,75.6,USD,168.0,55.0,,224,True,,,,,,False,True,mirrors,https://www.etsy.com/listing/1571530948/handmade-american-walnut-round-mirror,https://i.etsystatic.com/46782413/r/il/28c845/6168964812/il_340x270.6168964812_msec.jpg
etsy,,,"Nursery Room Mirror, Wavy Mirror, Cloud Mirror, Funky Mirror, Asymmetrical Mirror, Irregular Mirror - Ideal Mirror to Be Out of Ordinary",,103.2,USD,172.0,40.0,,2167,True,,,,,,False,True,mirrors,https://www.etsy.com/listing/1429241474/wavy-mirror-cloud-mirror-funky-mirror,https://i.etsystatic.com/40235660/r/il/3ac559/6422558198/il_340x270.6422558198_bpbm.jpg
etsy,,,"Scalloped Rectangle Mirror, Elegant Wall Mirror, Scallop Corners Mirror, Cut Corner Mirror, Dropzone Mirror, Scalloped Edge Mirror by Asmiro",,64.8,USD,108.0,40.0,,2167,True,,,,,,False,True,mirrors,https://www.etsy.com/listing/1571977321/scalloped-rectangle-mirror-elegant-wall,https://i.etsystatic.com/40235660/c/1940/1940/360/28/il/2faf20/6413198363/il_340x270.6413198363_bsfc.jpg
etsy,,,"Pebble Asymmetrical Wall Mirror – Magenta Wood Frame, Modern Organic Decor for Kids Rooms, Playful Interiors & Colorful Homes",,57.5,USD,115.0,50.0,,98,True,,,,,,False,True,mirrors,https://www.etsy.com/listing/4364669593/pebble-asymmetrical-wall-mirror-magenta,https://i.etsystatic.com/49387545/c/615/615/203/65/il/613a6a/7537526425/il_340x270.7537526425_j082.jpg
etsy,,,"34x24"" \| Vanity Makeup Mirror \| Brass Desktop \| Gold Decorative \| Tabletop Desk \| Scandinavian \| Portable Bedroom \| Bohemian Modern",,239.5,USD,,,,1223,True,,,,,,False,True,mirrors,https://www.etsy.com/listing/1875444357/34x24-vanity-makeup-mirror-brass-desktop,https://i.etsystatic.com/18462880/r/il/3bf49e/6650149856/il_340x270.6650149856_f0uk.jpg
etsy,,,"Asymmetrical Mirror,Large Mirror, Home Decor, Asymmetrical Wall Mirror, Wood Frame Bathroom, Aesthetic Design, Irregular Custom Design",,43.68,USD,109.2,60.0,,118,False,,,,,,False,True,mirrors,https://www.etsy.com/listing/1680934569/asymmetrical-mirrorlarge-mirror-home,https://i.etsystatic.com/50464652/c/1369/1369/299/130/il/e4300c/7807897205/il_340x270.7807897205_5h6p.jpg
etsy,,,"Round Mirror, Minimalist Mirror, Circle Mirror, Round Wall Mirror, Shiplap Mirror, Circular Mirror - Shine Bright with Asmiro Round Mirror",,66.0,USD,110.0,40.0,,2167,True,,,,,,False,True,mirrors,https://www.etsy.com/listing/1401576579/round-mirror-minimalist-mirror-circle,https://i.etsystatic.com/40235660/c/2047/1627/306/26/il/f45ab6/5658557849/il_340x270.5658557849_hps2.jpg
etsy,,,"Arched Mirror, Half Oval Mirror, Arch Shape Mirror - Decorative Wall Mirrors for Aesthetic Room Decor - Available in Sizes and Frame Colors",,123.6,USD,206.0,40.0,,2167,True,,,,,,False,True,mirrors,https://www.etsy.com/listing/1397579651/arched-mirror-half-oval-mirror-arch,https://i.etsystatic.com/40235660/c/1401/1401/441/0/il/d5ec06/7386419137/il_340x270.7386419137_de55.jpg
etsy,,,Bird Oval Pearl Wall Mirror / Handmade Resin Frame / 21x26 inches,,217.49,USD,289.99,25.0,,862,False,,,,,,False,False,mirrors,https://www.etsy.com/listing/1188980217/bird-oval-pearl-wall-mirror-handmade,https://i.etsystatic.com/21222775/r/il/c29953/3707417576/il_340x270.3707417576_foig.jpg
etsy,,,Custom Rectangular Version of This Mirror 48 x 72 (rectangle),,4310.0,USD,,,,186,False,,,,,,True,True,mirrors,https://www.etsy.com/listing/1776756165/custom-rectangular-version-of-this,https://i.etsystatic.com/7875559/c/3000/2382/0/63/il/984a27/1316258163/il_340x270.1316258163_nw0q.jpg
etsy,,,"Handmade Walnut Wood Framed Mirror, Asymmetric Organic Mirror.",,84.5,USD,169.0,50.0,,1412,True,,,,,,True,True,mirrors,https://www.etsy.com/listing/1783366173/handmade-walnut-wood-framed-mirror,https://i.etsystatic.com/28417336/r/il/55fceb/7408596716/il_340x270.7408596716_cpm7.jpg
etsy,,,"ARHome Floor Mirror, 180 x 78, Ivory, Made in Italy",,271.22,USD,,,,293,True,,,,,,True,False,mirrors,https://www.etsy.com/listing/1013851899/arhome-floor-mirror-180-x-78-ivory-made,https://i.etsystatic.com/28552804/r/il/e29b80/3062267776/il_340x270.3062267776_rbte.jpg
etsy,,,Round Oak Wood Frame Mirror – Modern Minimalist Wall Decor,,265.0,USD,530.0,50.0,,969,True,,,,,,True,True,mirrors,https://www.etsy.com/listing/4512074007/round-oak-wood-frame-mirror-modern,https://i.etsystatic.com/22697421/c/746/746/277/168/il/073ffd/8114956985/il_340x270.8114956985_ryve.jpg
etsy,,,"24x12"" Vanity Makeup Mirror Brass Desktop Tabletop Desk Gold Decorative Scandinavian Portable Bedroom Bohemian Modern Decor Christmas Gift",,69.5,USD,,,,1223,True,,,,,,False,True,mirrors,https://www.etsy.com/listing/1189601633/24x12-vanity-makeup-mirror-brass-desktop,https://i.etsystatic.com/18462880/r/il/4f5bfc/6733497593/il_340x270.6733497593_c072.jpg
etsy,,,"Vanity Makeup Mirror Brass Desktop Tabletop Desk Gold Decorative Scandinavian Portable Bedroom Bohemian Modern 24x12""",,69.5,USD,,,,1223,True,,,,,,False,True,mirrors,https://www.etsy.com/listing/1562674127/vanity-makeup-mirror-brass-desktop,https://i.etsystatic.com/18462880/r/il/3dcae8/6733506297/il_340x270.6733506297_jxtd.jpg
etsy,,,Handcrafted Round Oak Wall Mirror: Modern Solid Wood Frame,,80.0,USD,100.0,20.0,,424,True,,,,,,False,True,mirrors,https://www.etsy.com/listing/1436558153/handcrafted-round-oak-wall-mirror-modern,https://i.etsystatic.com/25031668/r/il/534171/4712357062/il_340x270.4712357062_8kj2.jpg
etsy,,,"24x12"" Wall-Mounted Desktop Vanity Makeup Mirror Brass Gold Decorative Scandinavian Portable Bedroom Bohemian Modern Decor Christmas Gift",,119.5,USD,,,,1223,True,,,,,,False,True,mirrors,https://www.etsy.com/listing/1758277059/24x12-wall-mounted-desktop-vanity-makeup,https://i.etsystatic.com/18462880/r/il/675248/6157214479/il_340x270.6157214479_jlsv.jpg
etsy,,,Modern wall mirror - Mirror wall decor - Round mirror - Bathroom mirror - Oak Wood frame mirror - Living room mirror - Large wall mirror,,240.0,USD,480.0,50.0,,199,True,,,,,,False,True,mirrors,https://www.etsy.com/listing/1513553143/modern-wall-mirror-mirror-wall-decor,https://i.etsystatic.com/26365825/c/2341/1861/340/230/il/8cdd7b/5045524244/il_340x270.5045524244_96qi.jpg
etsy,,,Large Farmhouse Mirror With Shelf - 100% Reclaimed Wood Rustic Wall Decor \| Mirror size 16x20 two colors available by BarnwoodUSA,,99.99,USD,,,,7340,True,,,,,,False,True,mirrors,https://www.etsy.com/listing/619496381/large-farmhouse-mirror-with-shelf-100,https://i.etsystatic.com/11478835/c/2318/1840/0/876/il/9d2dd0/1571472321/il_340x270.1571472321_ghkr.jpg
etsy,,,Scalloped Mirror \| Elegant Wave-Edged Wall Mirror \| Art Deco Inspired Luxury \| Modern Mirror Wall Decor \| Versatile Home Accessory by Asmiro,,85.2,USD,142.0,40.0,,2167,True,,,,,,False,True,mirrors,https://www.etsy.com/listing/1404873026/scalloped-mirror-elegant-wave-edged-wall,https://i.etsystatic.com/40235660/c/1418/1418/672/113/il/fea9f2/6320383561/il_340x270.6320383561_c4tm.jpg
etsy,,,Modern wall mirror - Minimalist Mirror wall - Entry way round mirror - Oak wood frame mirror - Living room mirror - Large wall mirror,,235.0,USD,470.0,50.0,,969,True,,,,,,False,True,mirrors,https://www.etsy.com/listing/1857567774/modern-wall-mirror-minimalist-mirror,https://i.etsystatic.com/22697421/c/1714/1714/661/130/il/8b310a/6843516343/il_340x270.6843516343_hkzt.jpg
etsy,,,Minimalist wall mirror - Mirror wall decor - Modern Round mirror - Oak Wood frame mirror - Living room mirror - Large wall mirror,,235.0,USD,470.0,50.0,,969,True,,,,,,False,True,mirrors,https://www.etsy.com/listing/1856097210/minimalist-wall-mirror-mirror-wall-decor,https://i.etsystatic.com/22697421/r/il/b66a95/6672606533/il_340x270.6672606533_nr0h.jpg
etsy,,,Unique Walnut Wall Mirror with Brass & Resin Inlay – Luxury Handmade Moroccan Statement Wall Decor,,165.9,USD,237.0,30.0,,107,False,,,,,,False,True,mirrors,https://www.etsy.com/listing/1661276537/arched-walnut-wall-mirror-with-brass,https://i.etsystatic.com/34237790/r/il/05db2e/8337182353/il_340x270.8337182353_okrw.jpg
etsy,,,"Arched Moroccan Mirror, Marrakesh Mirror, Arched Mirror, Oriental Mirror - Add an Accent Charm to Any Room with Marrakesh Inspired Design",,95.4,USD,159.0,40.0,,2167,True,,,,,,False,True,mirrors,https://www.etsy.com/listing/1382576164/arched-moroccan-mirror-marrakesh-mirror,https://i.etsystatic.com/40235660/c/1879/1493/0/176/il/1fee81/6000271631/il_340x270.6000271631_a5ij.jpg
etsy,,,"32x20"" Vanity Makeup Mirror Brass Desktop Tabletop Desk Gold Decorative Scandinavian Portable Bedroom Bohemian Modern Decor Christmas Gift",,149.5,USD,,,,1223,True,,,,,,False,True,mirrors,https://www.etsy.com/listing/1556884850/32x20-vanity-makeup-mirror-brass-desktop,https://i.etsystatic.com/18462880/r/il/a6c9c2/5360458701/il_340x270.5360458701_247y.jpg
etsy,,,"Floral & Geometric Wooden Mirror - Artisan Crafted Wall Decor for Living Room or Hallway - Mas Moss 24x56""",,384.99,USD,549.99,30.0,,7,False,,,,,,True,True,mirrors,https://www.etsy.com/listing/4352272420/floral-geometric-wooden-mirror-artisan,https://i.etsystatic.com/60814685/r/il/20ee88/7157619139/il_340x270.7157619139_c37h.jpg
etsy,,,Vintage French Louis XV Arched Rectangle Rococo Floor Mirror- (Read description),,2650.0,USD,,,,20,False,,,,,,True,True,mirrors,https://www.etsy.com/listing/4557696933/vintage-french-louis-xv-arched-rectangle,https://i.etsystatic.com/46559563/r/il/25507b/8443814877/il_340x270.8443814877_lcs7.jpg
etsy,,,"Handcrafted Walnut Wood Round Mirror, Modern Home Decor",,75.6,USD,168.0,55.0,,224,True,,,,,,True,True,mirrors,https://www.etsy.com/listing/1563960858/handcrafted-walnut-wood-round-mirror,https://i.etsystatic.com/46782413/r/il/fb09fe/5347868516/il_340x270.5347868516_lok3.jpg
etsy,,,Gold Baroque Floor Mirror,,168.75,USD,225.0,25.0,,,False,,,,,,True,False,mirrors,https://www.etsy.com/listing/4541396565/gold-baroque-floor-mirror,https://i.etsystatic.com/67043527/c/2401/3000/0/0/il/92d671/8283649240/il_340x270.8283649240_43n8.jpg
etsy,,,"36x24"" \| Vanity Makeup Mirror \| Silver Desktop \| Decorative \| Tabletop Desk \| Scandinavian \| Portable Bedroom \| Bohemian Modern",,239.5,USD,,,,1223,True,,,,,,False,True,mirrors,https://www.etsy.com/listing/1885629191/36x24-vanity-makeup-mirror-silver,https://i.etsystatic.com/18462880/r/il/b36f10/6702340328/il_340x270.6702340328_8wx9.jpg
etsy,,,"Colorful Round Mirror \| Rainbow Reflection Mirror, Home Decor, Bathroom Decor, Bedroom, Living Room Decor, Wall Art, Minimalist Mirror \|",,68.0,USD,80.0,15.0,,416,True,,,,,,False,True,mirrors,https://www.etsy.com/listing/1523271215/colorful-round-mirror-rainbow-reflection,https://i.etsystatic.com/37190497/r/il/5b389f/5137585849/il_340x270.5137585849_skf9.jpg
etsy,,,"Round Wall Mirror, Circular Asymmetric Mirror, Scalloped Mirror, Glam Mirror for Bathrooms - Round Mirror with Exquisite Asymmetry by Asmiro",,66.0,USD,110.0,40.0,,2167,True,,,,,,False,True,mirrors,https://www.etsy.com/listing/1520163483/round-wall-mirror-circular-asymmetric,https://i.etsystatic.com/40235660/c/1501/1193/558/333/il/bc0caa/5181742211/il_340x270.5181742211_omvv.jpg
etsy,,,"Black Framed Asymmetrical Mirror, Wall Mirror, Irregular Mirror, Wavy Mirror, Powder Room Mirror - A Statement Piece for Your Home",,66.0,USD,110.0,40.0,,2167,True,,,,,,False,True,mirrors,https://www.etsy.com/listing/1429005501/black-framed-asymmetrical-mirror-wall,https://i.etsystatic.com/40235660/c/2541/2019/162/0/il/40181f/5110886388/il_340x270.5110886388_6h15.jpg
etsy,,,"24x12"" Vanity Makeup Mirror Anthracite Black Desktop Tabletop Decorative Scandinavian Portable Bedroom Bohemian Modern Decor Christmas Gift",,69.5,USD,,,,1223,True,,,,,,False,True,mirrors,https://www.etsy.com/listing/1499402465/24x12-vanity-makeup-mirror-anthracite,https://i.etsystatic.com/18462880/c/1428/1428/30/57/il/d74d63/8382091221/il_340x270.8382091221_droh.jpg
etsy,,,"Graceful Wall Mirror, Aesthetic Vanity Mirror, Mirror Wall Decor, Powder Room Mirror - Elegant Designer Mirror for Stylish Home Decor",,72.6,USD,121.0,40.0,,2167,True,,,,,,False,True,mirrors,https://www.etsy.com/listing/1437596034/graceful-wall-mirror-aesthetic-vanity,https://i.etsystatic.com/40235660/c/2205/2205/44/448/il/eae00b/7272089350/il_340x270.7272089350_l76o.jpg
etsy,,,"Personalized Bar Mirror – Engraved Beer Mugs Bar Mirror, Custom Name Home Bar Decor, Man Cave Gift",,199.99,USD,249.99,20.0,,36186,True,,,,,,False,True,mirrors,https://www.etsy.com/listing/169226218/personalized-bar-mirror-engraved-beer,https://i.etsystatic.com/6453137/r/il/16570a/7742309460/il_340x270.7742309460_i2f3.jpg
etsy,,,"Red wavy mirror, Funky mirror, Wavy mirror for wall, Waved mirror, Abstract mirror, Pond mirror, Small wall mirror décor, Modern wave mirror",,67.22,USD,89.63,25.0,,730,True,,,,,,False,False,mirrors,https://www.etsy.com/listing/1480990945/red-wavy-mirror-funky-mirror-wavy-mirror,https://i.etsystatic.com/15436351/r/il/490dde/4949799357/il_340x270.4949799357_bb9f.jpg
etsy,,,Asymmetrical Wood Framed Wall Mirror: Mid-Century Modern Decor (30x22 inch),,143.99,USD,159.99,10.0,,1206,False,,,,,,False,True,mirrors,https://www.etsy.com/listing/1147290413/asymmetrical-wood-framed-wall-mirror-mid,https://i.etsystatic.com/26433121/c/3000/2384/0/153/il/52e062/3552556920/il_340x270.3552556920_67ik.jpg
etsy,,,"Crest Shaped Wall Mirror, Italian Shield Mirror, Crest Mirror, Aesthetic Mirror, Mirror Wall Decor - Elegant Vanity Mirror by Asmiro",,98.4,USD,164.0,40.0,,2167,True,,,,,,False,True,mirrors,https://www.etsy.com/listing/1419085483/crest-shaped-wall-mirror-italian-shield,https://i.etsystatic.com/40235660/c/1825/1450/171/101/il/401307/5772466523/il_340x270.5772466523_luma.jpg
etsy,,,Solid Oak Round Wall Mirror: Modern Minimalist Bathroom Bedroom Mirror,,80.0,USD,100.0,20.0,,424,True,,,,,,False,True,mirrors,https://www.etsy.com/listing/1240731349/solid-oak-round-wall-mirror-modern,https://i.etsystatic.com/25031668/r/il/250f59/5838053577/il_340x270.5838053577_5e5i.jpg
etsy,,,Pill Shaped Mirror - Vertical Oval Mirror - Minimalist Wall Mirror - Capsule Mirror - Elegant Oval Mirror - Available in Six Frame Colors,,114.0,USD,190.0,40.0,,2167,True,,,,,,False,True,mirrors,https://www.etsy.com/listing/1404866476/pill-shaped-mirror-vertical-oval-mirror,https://i.etsystatic.com/40235660/r/il/86a9b8/5145825980/il_340x270.5145825980_p70q.jpg
etsy,,,"Live Edge Wall Mirror, Olive Wood Handmade Frame, Natural Finish, Stylish Interior Accent",,156.0,USD,240.0,35.0,,62,False,,,,,,True,True,mirrors,https://www.etsy.com/listing/4443123465/live-edge-wall-mirror-olive-wood,https://i.etsystatic.com/57117998/c/1792/2400/0/0/il/56a559/7614848438/il_340x270.7614848438_tpfo.jpg
etsy,,,Sılver Woodenn Large Mirror 215x80 cm,,159.06,USD,212.08,25.0,,,False,,,,,,True,True,mirrors,https://www.etsy.com/listing/4559257547/slver-woodenn-large-mirror-215x80-cm,https://i.etsystatic.com/67330401/r/il/5bee39/8407117994/il_340x270.8407117994_h317.jpg
etsy,,,Vintage French Gold Mirror: Ornate Gilded Wall Decor,,1450.0,USD,,,,325,True,,,,,,True,True,mirrors,https://www.etsy.com/listing/1664970070/vintage-french-gold-mirror-ornate-gilded,https://i.etsystatic.com/27720925/r/il/2ac7e3/5812645955/il_340x270.5812645955_ocvt.jpg
etsy,,,"Large Baroque Style Crystal Mirror - Gold Frame, Luxury Wall Decor",,1405.61,USD,2811.23,50.0,,4754,True,,,,,,True,True,mirrors,https://www.etsy.com/listing/4533272198/large-baroque-style-crystal-mirror-gold,https://i.etsystatic.com/37348467/r/il/24f948/8265329535/il_340x270.8265329535_13ps.jpg
etsy,,,"Small wall mirror sage green decor, Vanity mirror, Asymmetrical mirror, Wavy mirror, Mirror wall decor for wall, Entry handmade mirror olive",,67.22,USD,89.63,25.0,,730,True,,,,,,False,False,mirrors,https://www.etsy.com/listing/1360823242/small-wall-mirror-sage-green-decor,https://i.etsystatic.com/15436351/r/il/6128dd/5733976004/il_340x270.5733976004_wyz2.jpg
etsy,,,"Amoeba Shaped Mirror, Asymmetrical Mirror, Irregular Mirror, Pebble Mirror, Pond Mirror - Asymmetrical and Aesthetic Upgrade for Your Decor",,118.8,USD,198.0,40.0,,2167,True,,,,,,False,True,mirrors,https://www.etsy.com/listing/1398454343/amoeba-shaped-mirror-asymmetrical-mirror,https://i.etsystatic.com/40235660/c/2272/1806/417/553/il/5a1cc7/5096751826/il_340x270.5096751826_egl0.jpg
etsy,,,"24x12"" Vanity Makeup Mirror Silver Desktop Tabletop Desk Decorative Scandinavian Portable Bedroom Bohemian Modern Decor Christmas Gift",,69.5,USD,,,,1223,True,,,,,,False,True,mirrors,https://www.etsy.com/listing/1214100847/24x12-vanity-makeup-mirror-silver,https://i.etsystatic.com/18462880/r/il/55bf44/6707556301/il_340x270.6707556301_6xbp.jpg
etsy,,,8 Pane Farmhouse Wall Decor Window Mirror - Rustic Window Mirror - Rustic Mirror - Large Window Mirror - Window Pane Mirror,,192.49,USD,,,,7012,False,,,,,,False,True,mirrors,https://www.etsy.com/listing/979609195/8-pane-farmhouse-wall-decor-window,https://i.etsystatic.com/6096908/r/il/028ee5/2984191277/il_340x270.2984191277_v8tl.jpg
etsy,,,"Dark Green Ceramic Mirror, Handmade Wavy Wall Mirror, Autumn Home Decor, Housewarming Gift, Organic Entryway Mirror",,66.92,USD,91.67,27.0,,62,False,,,,,,False,True,mirrors,https://www.etsy.com/listing/4559302465/dark-green-ceramic-mirror-handmade-wavy,https://i.etsystatic.com/38007258/r/il/c662db/8365212603/il_340x270.8365212603_4vr2.jpg
etsy,,,"Rustic Bathroom Mirror, Country Wood Framed Mirror, Farmhouse Wall Vanity Custom Sizes Large or Small Mirrors, Mirror With Metal Brackets",,99.0,USD,,,,4679,True,,,,,,False,True,mirrors,https://www.etsy.com/listing/1339161587/rustic-bathroom-mirror-country-wood,https://i.etsystatic.com/9156317/r/il/e738d8/7208663435/il_340x270.7208663435_rolo.jpg
etsy,,,Rustic Reclaimed Wood Wall Mirror – Modern Farmhouse Rectangular Mirror,,420.0,USD,,,,2406,True,,,,,,False,True,mirrors,https://www.etsy.com/listing/1383617406/rustic-reclaimed-wood-wall-mirror,https://i.etsystatic.com/27174858/r/il/baeea4/4606472843/il_340x270.4606472843_p46a.jpg
etsy,,,"Solid Oak Round Wall Mirror: Modern Wood Frame, Bathroom & Living Room",,80.0,USD,100.0,20.0,,424,True,,,,,,False,True,mirrors,https://www.etsy.com/listing/1436562619/solid-oak-round-wall-mirror-modern-wood,https://i.etsystatic.com/25031668/r/il/bd1941/5784091976/il_340x270.5784091976_m20b.jpg
etsy,,,"Set of 12 Convex Mirrors - Blue, Black, Green, Red or Gold Sets",,349.41,USD,,,,666,False,,,,,,False,False,mirrors,https://www.etsy.com/listing/1743291759/set-of-12-convex-mirrors-blue-black,https://i.etsystatic.com/44145607/r/il/5433f4/6253070361/il_340x270.6253070361_os9u.jpg
etsy,,,"Solid Oak Round Wall Mirror: Modern Wood Frame, Handmade",,80.0,USD,100.0,20.0,,424,True,,,,,,False,True,mirrors,https://www.etsy.com/listing/4350731810/solid-oak-round-wall-mirror-modern-wood,https://i.etsystatic.com/25031668/r/il/466ca8/7102277958/il_340x270.7102277958_k28r.jpg
etsy,,,Squiggle Mirror \| Funky Wall Mirror \| Full-Length Mirror \| Stylish Curved Design \| Unique Full-Size Wiggle Mirror for Any Room by Asmiro,,85.8,USD,143.0,40.0,,2167,True,,,,,,False,True,mirrors,https://www.etsy.com/listing/1457442717/squiggle-mirror-funky-wall-mirror-full,https://i.etsystatic.com/40235660/r/il/757685/6070386317/il_340x270.6070386317_ffzb.jpg
etsy,,,"12x8"" Makeup Mirror Brass Desktop Tabletop Organizer Portable",,69.5,USD,,,,1223,True,,,,,,False,True,mirrors,https://www.etsy.com/listing/1758903753/makeup-mirror-brass-desktop-tabletop,https://i.etsystatic.com/18462880/r/il/b3f446/6111960558/il_340x270.6111960558_6llc.jpg
etsy,,,Teal and Navy Striped Pillow Cover - 16x16 - Modern Linen Home Decor by JillianReneDecor - Colorful Colorblock Stripes (More Colors),,80.0,USD,,,,811,False,,,,,,True,False,throw-pillows,https://www.etsy.com/listing/156226037/teal-and-navy-striped-pillow-cover-16x16,https://i.etsystatic.com/5328829/r/il/520c8b/2003430828/il_340x270.2003430828_fsox.jpg
etsy,,,"Autumn Leaves Throw Pillow Cover, Orange & Yellow Fall Cushion Cover, Autumn Pillow Case,Thanksgiving Decor, All Sizes, Design Options",,10.49,USD,17.49,40.0,,8182,False,,,,,,True,False,throw-pillows,https://www.etsy.com/listing/1062959915/autumn-leaves-throw-pillow-cover-orange,https://i.etsystatic.com/30838933/r/il/9935c6/4553359276/il_340x270.4553359276_jy5v.jpg
etsy,,,"King Size Kilim Lumbar Pillow Cover: 14x48 inch, Handmade Wool",,86.25,USD,115.0,25.0,,439,False,,,,,,True,False,throw-pillows,https://www.etsy.com/listing/1106667863/king-size-kilim-lumbar-pillow-cover,https://i.etsystatic.com/24983905/r/il/63715f/3413790832/il_340x270.3413790832_awdc.jpg
etsy,,,Persephone Throw Pillow Dark Academia Room Decor Gothic Witchy Woven Pillow Mythological Pomegranate Goth Moth Accent Cushion Greek Mth,,65.98,USD,,,,233,True,,,,,,True,True,throw-pillows,https://www.etsy.com/listing/4518646029/persephone-throw-pillow-dark-academia,https://i.etsystatic.com/30793474/c/1878/1878/80/84/il/043643/8293126630/il_340x270.8293126630_t36n.jpg
etsy,,,"Vintage Quilt Block Pillow Cover/LeMoyne Star Vintage Quilt Block Pillow Cover 16"" by 16""/Repurposed Quilt Block/Farm House Pillow Cover",,22.0,USD,,,,431,False,,,,,,False,False,throw-pillows,https://www.etsy.com/listing/4557367849/vintage-quilt-block-pillow-coverlemoyne,https://i.etsystatic.com/20604358/r/il/7c8e94/8394098630/il_340x270.8394098630_ppzx.jpg
etsy,,,Denim Knot Pillow – One-of-a-Kind Recycled Denim Patchwork,,125.0,USD,,,,102,True,,,,,,False,True,throw-pillows,https://www.etsy.com/listing/4559358243/denim-knot-pillow-one-of-a-kind-recycled,https://i.etsystatic.com/16335402/c/2000/3000/0/0/il/ac7183/8407889450/il_340x270.8407889450_d0yt.jpg
etsy,,,Hmong Hemp Pillow Cover (16 x 26): Handwoven Striped Cushion,,90.0,USD,,,,28,False,,,,,,False,True,throw-pillows,https://www.etsy.com/listing/1700937854/hmong-hemp-pillow-cover-16-x-26,https://i.etsystatic.com/7376985/r/il/afcba6/5920028640/il_340x270.5920028640_n8it.jpg
etsy,,,"Handmade Blue linen Cutwork Appliqué Pillow Cover - Bohemian Accent Cushion, Decorative throw pillow, Quilted Textured",,53.0,USD,,,,122,False,,,,,,False,True,throw-pillows,https://www.etsy.com/listing/4557850486/handmade-blue-linen-cutwork-applique,https://i.etsystatic.com/18899984/r/il/1018e6/8396833110/il_340x270.8396833110_20bx.jpg
etsy,,,Handmade Alpaca Skier Throw Pillowcase: Farmhouse Decor Accent Cushion,,158.9,USD,,,,151,False,,,,,,False,False,throw-pillows,https://www.etsy.com/listing/1427750819/handmade-alpaca-skier-throw-pillowcase,https://i.etsystatic.com/21042988/c/2250/1788/0/567/il/825fc6/4722388749/il_340x270.4722388749_awog.jpg
etsy,,,Handmade Hmong Hemp Lumbar Pillow Cover: Rustic Tribal Art (12x36),,120.0,USD,,,,28,False,,,,,,False,True,throw-pillows,https://www.etsy.com/listing/1676914008/handmade-hmong-hemp-lumbar-pillow-cover,https://i.etsystatic.com/7376985/r/il/a0c29c/5819043896/il_340x270.5819043896_ts1o.jpg
etsy,,,Personalized Striped Ruffled Punch Needle Throw Pillow: Embroidered Name Baby Gift for Nursery,,13.93,USD,19.9,30.0,,3075,True,,,,,,False,False,throw-pillows,https://www.etsy.com/listing/4410229175/personalized-punch-needle-throw-pillow,https://i.etsystatic.com/42187191/r/il/d80dc0/8046747388/il_340x270.8046747388_3ws2.jpg
etsy,,,"Stitched Vegan Leather Lumbar Pillow Cover: Zen Camel, Rustic Decor -XL Covers",,25.01,USD,,,,1600,True,,,,,,False,False,throw-pillows,https://www.etsy.com/listing/664489829/stitched-vegan-leather-lumbar-pillow,https://i.etsystatic.com/7966212/r/il/5a3ea3/5116488569/il_340x270.5116488569_bkx6.jpg
etsy,,,"LARK - 14x36 One & Done Lumbar Pillow// Hand-dyed, Handwoven Organic Cotton// Black Cream Stripe Pillow Cover//Farmhouse Style// Extra Long",,130.0,USD,,,,3,False,,,,,,False,True,throw-pillows,https://www.etsy.com/listing/1555503560/lark-14x36-one-done-lumbar-pillow-hand,https://i.etsystatic.com/41056897/r/il/a9e2c1/5305455988/il_340x270.5305455988_81j3.jpg
etsy,,,Magenta Velvet Throw Pillow by The Madison,,24.0,USD,,,,664,False,,,,,,False,False,throw-pillows,https://www.etsy.com/listing/4554723767/magenta-velvet-throw-pillow-by-the,https://i.etsystatic.com/14073514/r/il/3b0057/8421925179/il_340x270.8421925179_ce3b.jpg
etsy,,,Monteverde Set – Pack of 4 Decorative Throw Pillow Covers (Coral/Sage),,32.5,USD,,,,1499,True,,,,,,False,True,throw-pillows,https://www.etsy.com/listing/4556780461/monteverde-set-pack-of-4-decorative,https://i.etsystatic.com/26296696/r/il/1602be/8437034373/il_340x270.8437034373_etg9.jpg
etsy,,,Long Blue Linen 14x36 Lumbar Pillow Cover: Striped Graphic Design Accent Pillow,,90.0,USD,,,,196,True,,,,,,False,True,throw-pillows,https://www.etsy.com/listing/1434495380/long-blue-linen-14-x36-lumbar-pillow,https://i.etsystatic.com/9104781/r/il/a3bc3f/7846995311/il_340x270.7846995311_f8a8.jpg
etsy,,,Handloom Woven Textured Cushion Cover - Lumbar Cotton Decorative Pillow - Boho Loops Embroidered Pillowcase,,30.14,USD,120.58,75.0,,98,False,,,,,,True,True,throw-pillows,https://www.etsy.com/listing/1003529083/handloom-woven-textured-cushion-cover,https://i.etsystatic.com/29090777/c/1811/1811/171/232/il/f30e97/7602887007/il_340x270.7602887007_cu0w.jpg
etsy,,,"Fall Throw Pillow Cover, Cozy Autumn Halloween Decor, Pumpkin Black Cat and Fox",,11.61,USD,25.8,55.0,,,False,,,,,,True,False,throw-pillows,https://www.etsy.com/listing/4549325889/fall-throw-pillow-cover-cozy-autumn,https://i.etsystatic.com/66916713/r/il/a05f24/8389700069/il_340x270.8389700069_hjwk.jpg
etsy,,,"Sunbrella Throw Pillow Cover: Indoor Outdoor Decor, Customizable Sizes",,123.0,USD,164.0,25.0,,542,True,,,,,,True,True,throw-pillows,https://www.etsy.com/listing/1764188696/sunbrella-throw-pillow-cover-indoor,https://i.etsystatic.com/35901343/r/il/afaa90/6195965007/il_340x270.6195965007_eud8.jpg
etsy,,,Linen Throw Pillow Cover with Piping – 46 Colors Available,,19.99,USD,28.56,30.0,,5153,True,,,,,,True,True,throw-pillows,https://www.etsy.com/listing/4407992387/linen-throw-pillow-cover-with-piping-46,https://i.etsystatic.com/32474356/c/1327/1327/336/86/il/721e19/7463397375/il_340x270.7463397375_715q.jpg
etsy,,,"Orange Yellow Throw Pillow \| Cottagecore Velvet PillowCase \| Thanksgiving Day Couch Decor, Christmas Green Red Sofa Decor",,49.87,USD,55.41,10.0,,2,False,,,,,,False,True,throw-pillows,https://www.etsy.com/listing/4484983635/orange-yellow-throw-pillow-cottagecore,https://i.etsystatic.com/65097211/r/il/28fcf9/7889337484/il_340x270.7889337484_ps1v.jpg
etsy,,,Lee Jofa “Flying Ducks in Blue pillow covers,,89.0,USD,,,,6515,False,,,,,,False,True,throw-pillows,https://www.etsy.com/listing/1454236488/lee-jofa-flying-ducks-in-blue-pillow,https://i.etsystatic.com/8813614/r/il/1b47a3/4895951637/il_340x270.4895951637_fsd1.jpg
etsy,,,Star Wars,,35.0,USD,,,,278,False,,,,,,False,False,throw-pillows,https://www.etsy.com/listing/684980132/star-wars,https://i.etsystatic.com/6482640/r/il/fa99e2/2403971841/il_340x270.2403971841_gmew.jpg
etsy,,,Burgundy Linen Lumbar Pillow Cover: Herringbone Stripe Woven Accent,,38.0,USD,,,,837,False,,,,,,False,True,throw-pillows,https://www.etsy.com/listing/4340495344/burgundy-linen-lumbar-pillow-cover,https://i.etsystatic.com/23863790/r/il/2053e3/7095559873/il_340x270.7095559873_nfpj.jpg
etsy,,,Denim Knot Pillow – One-of-a-Kind Recycled Denim Patchwork,,125.0,USD,,,,102,True,,,,,,False,True,throw-pillows,https://www.etsy.com/listing/4553260488/denim-knot-pillow-one-of-a-kind-recycled,https://i.etsystatic.com/16335402/r/il/afdb11/8411481165/il_340x270.8411481165_dio3.jpg
etsy,,,"Olive Green Striped Pillow Cover: Hmong Batik, Natural Dyed",,40.5,USD,45.0,10.0,,3163,False,,,,,,False,True,throw-pillows,https://www.etsy.com/listing/1501743843/olive-green-striped-pillow-cover-hmong,https://i.etsystatic.com/7815883/r/il/d9d04a/5041012403/il_340x270.5041012403_i8wp.jpg
etsy,,,The vintage Union Jack cushion,,128.35,USD,,,,348,False,,,,,,False,True,throw-pillows,https://www.etsy.com/listing/1310804613/the-vintage-union-jack-cushion,https://i.etsystatic.com/14650690/r/il/1fcb7d/5950889170/il_340x270.5950889170_jdju.jpg
etsy,,,"Vintage Medieval folk style Fox Luxury Velvet Fringed Pillow Cover, handmade, print both sides, woodland wildlife, Gold designer cushion,",,124.0,USD,,,,745,True,,,,,,False,True,throw-pillows,https://www.etsy.com/listing/1850070469/vintage-medieval-folk-style-fox-luxury,https://i.etsystatic.com/15535121/r/il/5963f8/6577002987/il_340x270.6577002987_kiat.jpg
etsy,,,Set of 2 Aqua Velvet Throw Pillows,,18.0,USD,,,,664,False,,,,,,False,False,throw-pillows,https://www.etsy.com/listing/4554708855/set-of-2-aqua-velvet-throw-pillows,https://i.etsystatic.com/14073514/r/il/1bb6d8/8421820757/il_340x270.8421820757_fqm4.jpg
etsy,,,Cushion from the “Duchessa” collection in fine pink velvet and antique gold trimmings,,220.01,USD,,,,1498,False,,,,,,False,True,throw-pillows,https://www.etsy.com/listing/1574991766/cushion-from-the-duchessa-collection-in,https://i.etsystatic.com/9190427/r/il/8760ba/5451910195/il_340x270.5451910195_a81n.jpg
etsy,,,Bohemian Linen Striped Circle Pillow Cover with Frill Edge,,27.0,USD,,,,603,True,,,,,,False,False,throw-pillows,https://www.etsy.com/listing/1722387026/bohemian-linen-striped-circle-pillow,https://i.etsystatic.com/45550722/r/il/d831c8/6060625561/il_340x270.6060625561_g9hk.jpg
etsy,,,"Navy Blue Striped Linen Pillow Cover, Nautical Throw Pillow \| Coastal Decorative Cushion Cover \| Modern Beach House Living Room Decor",,97.75,USD,115.0,15.0,,3023,True,,,,,,False,True,throw-pillows,https://www.etsy.com/listing/712415315/navy-blue-striped-linen-pillow-cover-zak,https://i.etsystatic.com/12248285/c/1103/877/231/198/il/4f6ae4/1903568292/il_340x270.1903568292_hxff.jpg
etsy,,,"White Cotton Linen Bead, Pearls & Jute Embroidered Throw Pillow Cover, 16""x16"", Beach Style Cushion Cover, Square Pillowcase - Sea Weed Flow",,30.17,USD,33.52,10.0,,8320,False,,,,,,True,False,throw-pillows,https://www.etsy.com/listing/953925180/white-cotton-linen-bead-pearls-jute,https://i.etsystatic.com/5362398/r/il/bd0ea1/8243141321/il_340x270.8243141321_c5x7.jpg
etsy,,,"Abstract Boho Leaves Pillow Cover, Modern Earth Tone Terracotta Cushion Case",,10.29,USD,17.15,40.0,,1452,False,,,,,,True,False,throw-pillows,https://www.etsy.com/listing/4465044116/abstract-boho-leaves-pillow-cover-modern,https://i.etsystatic.com/42588392/r/il/c73963/7807714147/il_340x270.7807714147_bp3e.jpg
etsy,,,Linen Pillow Cover: Hamptons Style Duck Egg Floral Jacobean Pillow.,,60.97,USD,,,,3663,False,,,,,,True,False,throw-pillows,https://www.etsy.com/listing/4316447913/linen-jacobean-pillow-cover-hamptons,https://i.etsystatic.com/8211556/r/il/9111bb/6918968758/il_340x270.6918968758_q7z7.jpg
etsy,,,"Vintage Tapestry Pillow Cover, Brown Neutral Floral Cushion, Designer Throw Pillow for Sofa Couch or Bed, Cushion covers, Fall Pillow Covers",,56.1,USD,66.0,15.0,,6278,False,,,,,,True,True,throw-pillows,https://www.etsy.com/listing/4392168706/vintage-tapestry-pillow-cover-brown,https://i.etsystatic.com/16119277/r/il/ccb262/7392494621/il_340x270.7392494621_tkmf.jpg
etsy,,,"Blue indigo linear Striped Lumbar Pillow Cover 14"" x 36""",,148.5,USD,165.0,10.0,,3163,False,,,,,,False,True,throw-pillows,https://www.etsy.com/listing/681164404/blue-indigo-linear-striped-lumbar-pillow,https://i.etsystatic.com/7815883/r/il/577a1b/1830201426/il_340x270.1830201426_l0mo.jpg
etsy,,,"Linen Velvet Stripe Long Lumbar Pillow Cover: Beachy Coastal Decorative Accent, 14x36",,90.0,USD,,,,196,True,,,,,,False,True,throw-pillows,https://www.etsy.com/listing/4297508383/linen-velvet-stripe-long-lumbar-pillow,https://i.etsystatic.com/9104781/r/il/d05be5/5285593571/il_340x270.5285593571_ckq8.jpg
etsy,,,"Jaguar print throw pillow cover , mist blue pillow cover with brushed fringe detail , Chinoiserie style throw pillow for bed and sofa",,119.0,USD,,,,1311,True,,,,,,False,True,throw-pillows,https://www.etsy.com/listing/1608042153/jaguar-print-throw-pillow-cover-mist,https://i.etsystatic.com/21822759/r/il/8e1c9d/5539607249/il_340x270.5539607249_dftn.jpg
etsy,,,Handmade Hmong Pillow Cover: Vintage Indigo Brown Cotton Cushion,,65.0,USD,,,,28,False,,,,,,False,True,throw-pillows,https://www.etsy.com/listing/1763273704/handmade-hmong-pillow-cover-vintage,https://i.etsystatic.com/7376985/r/il/8be445/6193304144/il_340x270.6193304144_65rj.jpg
etsy,,,Sage & Olive Green Pillow Cover Set: Handwoven Home Decor,,206.1,USD,229.0,10.0,,3163,False,,,,,,False,True,throw-pillows,https://www.etsy.com/listing/1793096165/sage-olive-green-pillow-cover-set,https://i.etsystatic.com/7815883/r/il/17ca34/6267430040/il_340x270.6267430040_30a9.jpg
etsy,,,Blue Cream Striped Woven Pillow Cover,,80.1,USD,89.0,10.0,,3163,False,,,,,,False,True,throw-pillows,https://www.etsy.com/listing/783955875/blue-cream-striped-woven-pillow-cover,https://i.etsystatic.com/7815883/r/il/149c8e/6091467894/il_340x270.6091467894_j02o.jpg
etsy,,,Vegan Leather Lumbar Pillow Cover - Oversized XL 4 - Panel Design,,31.0,USD,,,,1600,True,,,,,,False,False,throw-pillows,https://www.etsy.com/listing/1412212421/vegan-leather-lumbar-pillow-cover,https://i.etsystatic.com/7966212/r/il/3c8e08/6586723253/il_340x270.6586723253_sfyq.jpg
etsy,,,"Robert Allen Landsmeer Currant Pillow Cover, Red Gray Abstract Floral Designer Pillow, Luxury Linen Blend Accent Cushion, Modern Home Decor",,34.0,USD,,,,1379,False,,,,,,False,False,throw-pillows,https://www.etsy.com/listing/1437412948/landmeer-currant-decorative-pillow-cover,https://i.etsystatic.com/6391740/r/il/b2eeac/7335049015/il_340x270.7335049015_38h6.jpg
etsy,,,Teal Velvet and Linen Stripe 14x20 Small Lumbar Pillow Cover: Jewel Tone Decorative Accent,,60.0,USD,,,,196,True,,,,,,False,True,throw-pillows,https://www.etsy.com/listing/1872029296/teal-velvet-and-linen-stripe-14x20-small,https://i.etsystatic.com/9104781/r/il/22985c/6705288622/il_340x270.6705288622_53iw.jpg
etsy,,,Fringe Velvet Pillow Cover – Dusty Blue with moss Green Trim \| Lumbar or Bolster Cover \| Chinoiserie Decor \| High-End Decorative Throw,,44.95,USD,,,,257,False,,,,,,False,True,throw-pillows,https://www.etsy.com/listing/4397309624/fringe-velvet-pillow-cover-light-blue,https://i.etsystatic.com/58425427/r/il/4e8560/7524588573/il_340x270.7524588573_dj9u.jpg
etsy,,,"Cable Knit Pillow Cover, Cream, ivory, gray or blue color, Throw Pillow Case",,44.0,USD,,,,38,True,,,,,,False,True,throw-pillows,https://www.etsy.com/listing/967377210/cable-knit-pillow-cover-cream-ivory-gray,https://i.etsystatic.com/25956461/r/il/8a21c1/2943564596/il_340x270.2943564596_f0te.jpg
etsy,,,Linen Stripe Color Block Long Lumbar Pillow Cover 14x36: Beach Bungalow Accent,,90.0,USD,,,,196,True,,,,,,False,True,throw-pillows,https://www.etsy.com/listing/1796317983/linen-stripe-color-block-long-lumbar,https://i.etsystatic.com/9104781/r/il/e1065b/5162787105/il_340x270.5162787105_rhli.jpg
etsy,,,"Ready to Ship, 20x36 Fair Isle Pillow Covers in Blue + Green, Designer Pillow Covers, Bedding Pillows",,76.0,USD,95.0,20.0,,1585,False,,,,,,True,False,throw-pillows,https://www.etsy.com/listing/1331041402/ready-to-ship-20x36-fair-isle-pillow,https://i.etsystatic.com/28454421/c/951/951/0/310/il/bdc3b2/7117659936/il_340x270.7117659936_hex4.jpg
etsy,,,Wool Jute Cushion Cover Kilim Cushion Cover Jute Pillow Cover Wool Jute Pillow Cover For Sofa Set Pillow Cover Vintage Kilim Cushion Cover,,46.66,USD,155.53,70.0,,2506,True,,,,,,True,True,throw-pillows,https://www.etsy.com/listing/1847467438/wool-jute-cushion-cover-kilim-cushion,https://i.etsystatic.com/43177588/r/il/8ebad6/6582246266/il_340x270.6582246266_nxln.jpg
etsy,,,Spa Blue Birds Bermuda Blossoms Aqua Pillow Cover w/Ivory Linen Reverse - Chateaucore Pastel Floral Pillow - Schumacher Designer COVER ONLY,,108.0,USD,,,,2438,True,,,,,,True,False,throw-pillows,https://www.etsy.com/listing/819792653/spa-blue-birds-bermuda-blossoms-aqua,https://i.etsystatic.com/9425087/r/il/b79880/3337516088/il_340x270.3337516088_c5yw.jpg
etsy,,,"Linen Boho & Modern Throw Pillow Cover, Handmade Any Custom Size Lumbar Pillow Case, Linen Cushion Cover, Invisible Zipper, 20 Color Options",,18.99,USD,27.13,30.0,,1513,True,,,,,,True,False,throw-pillows,https://www.etsy.com/listing/1667305270/linen-boho-modern-throw-pillow-cover,https://i.etsystatic.com/49723580/r/il/84a9eb/5823094409/il_340x270.5823094409_bqdk.jpg
etsy,,,The vintage Scotland flag cushion,,114.09,USD,,,,348,False,,,,,,False,True,throw-pillows,https://www.etsy.com/listing/1214643338/the-vintage-scotland-flag-cushion,https://i.etsystatic.com/14650690/r/il/0f28a9/6900499171/il_340x270.6900499171_mtjx.jpg
etsy,,,Tiger Ikat Velvet Lumbar Pillow Cover: Handwoven Silk Cushion,,70.0,USD,140.0,50.0,,1100,True,,,,,,False,True,throw-pillows,https://www.etsy.com/listing/1023816359/tiger-ikat-velvet-lumbar-pillow-cover,https://i.etsystatic.com/17486678/c/2518/2000/142/0/il/fa25e4/5464264081/il_340x270.5464264081_a20q.jpg
etsy,,,"Sleeping Cat Pillow, Contour Shaped, Black and White Silkscreen Printed Throw Pillow, Perfect Gift for Cat Lovers",,37.0,USD,,,,1710,False,,,,,,False,False,throw-pillows,https://www.etsy.com/listing/244235802/sleeping-cat-pillow-contour-shaped-black,https://i.etsystatic.com/5573461/r/il/ff5c8f/6789405838/il_340x270.6789405838_7nx6.jpg
etsy,,,"Purple Hand-Dyed Linen Pillow Cover, Bungalow Style, Eco-friendly Design 14"" x 20"" Small Lumbar Pillow",,98.0,USD,,,,196,True,,,,,,False,True,throw-pillows,https://www.etsy.com/listing/1854789970/unique-purple-hand-dyed-linen-pillow,https://i.etsystatic.com/9104781/c/1960/1960/15/19/il/1b924b/8233571347/il_340x270.8233571347_k09h.jpg
etsy,,,Teal/Kingfisher Velvet Scatter Cushion Covers with Contrasting Piping in Luxury Plush Velvet. Blue/Orange/Green/Teal/Mustard Throw Pillows.,,47.9,USD,,,,345,True,,,,,,False,True,throw-pillows,https://www.etsy.com/listing/1300113523/tealkingfisher-velvet-scatter-cushion,https://i.etsystatic.com/27584957/r/il/cbd363/4140841486/il_340x270.4140841486_i3wy.jpg
etsy,,,Velvet Aubergine Throw Pillow Cover Decorative Deep Purple Cushion Cover (All Sizes),,25.52,USD,31.9,20.0,,2074,True,,,,,,False,False,throw-pillows,https://www.etsy.com/listing/1086450096/velvet-aubergine-throw-pillow-cover,https://i.etsystatic.com/25512923/c/1433/1138/313/896/il/fbea22/6215042603/il_340x270.6215042603_4g5c.jpg
etsy,,,Mist Blue Chenille Lumbar Pillow Cover • Green Embroidered Leaf Trim • Textured Dotted Accent Pillow for Traditional & Grandmillennial Decor,,4.0,USD,,,,14927,True,,,,,,False,False,throw-pillows,https://www.etsy.com/listing/4334949472/mist-blue-chenille-lumbar-pillow-cover,https://i.etsystatic.com/9977286/c/2414/2414/261/24/il/c6d1f3/7065634677/il_340x270.7065634677_3uho.jpg
etsy,,,Hmong Striped Hemp Pillow Cover: Handwoven Rustic Cushion (16 x 26),,120.0,USD,,,,28,False,,,,,,False,True,throw-pillows,https://www.etsy.com/listing/1743152737/hmong-striped-hemp-pillow-cover,https://i.etsystatic.com/7376985/r/il/e0c6a1/6041074910/il_340x270.6041074910_kaof.jpg
etsy,,,"Vintage Medieval folk style Hare Luxury Velvet Fringed Pillow Cover, handmade, print both sides woodland wildlife, Pink Red designer cushion",,124.0,USD,,,,745,True,,,,,,False,True,throw-pillows,https://www.etsy.com/listing/1850077121/vintage-medieval-folk-style-hare-luxury,https://i.etsystatic.com/15535121/r/il/77a4a2/6528908836/il_340x270.6528908836_gtnk.jpg
etsy,,,Tommy Bahama Swaying Palms Tropical Print Green and White Outdoor Pillow Cover,,28.5,USD,,,,2518,True,,,,,,False,False,throw-pillows,https://www.etsy.com/listing/505669838/tommy-bahama-swaying-palms-tropical,https://i.etsystatic.com/8179886/r/il/a39874/1211734357/il_340x270.1211734357_3tgx.jpg
etsy,,,"MINK BROWN Double Sided Mohair Velvet Pillow - 12x20, 14x24 Lumbar",,132.0,USD,,,,616,True,,,,,,False,True,throw-pillows,https://www.etsy.com/listing/1333323889/mink-brown-double-sided-mohair-velvet,https://i.etsystatic.com/14800717/c/2833/2242/84/0/il/f5892c/2003102606/il_340x270.2003102606_pcu2.jpg
etsy,,,"Blue Striped Lumbar Pillow Cover: Woven Cotton, Boho Home Decor (14x36)",,76.5,USD,85.0,10.0,,3163,False,,,,,,False,True,throw-pillows,https://www.etsy.com/listing/1880169537/blue-striped-lumbar-pillow-cover-woven,https://i.etsystatic.com/7815883/r/il/2292b8/6722631989/il_340x270.6722631989_ev1x.jpg
etsy,,,"Gold Gilded Dark Striped TV Frame, Customizable TV Frame, Compatible with all TV Brand, Decorative Frame",,167.2,USD,209.0,20.0,,1761,False,,,,,,True,True,picture-frames-and-displays,https://www.etsy.com/listing/1872638300/gold-gilded-dark-striped-tv-frame,https://i.etsystatic.com/31030729/r/il/cc862e/6708417172/il_340x270.6708417172_o7co.jpg
etsy,,,"Gold TV Frame for Samsung The Frame, Embossed Ornate Bezel Frame, TCL Hisense Canvas TV Television Cover, 32, 43, 50, 55, 65, 75, 85 inch",,198.25,USD,305.0,35.0,,2189,False,,,,,,True,True,picture-frames-and-displays,https://www.etsy.com/listing/4476074100/gold-tv-frame-for-samsung-the-frame,https://i.etsystatic.com/22726188/c/1340/1340/804/484/il/035f59/7986499732/il_340x270.7986499732_aejy.jpg
etsy,,,John 15:5 Abide in Me Print – Neutral Christian Wall Art – Vintage Vine Botanical Scripture – Faith Based Farmhouse Home Decor – FG414,,38.99,USD,55.7,30.0,,81,False,,,,,,True,True,picture-frames-and-displays,https://www.etsy.com/listing/4462408210/john-155-abide-in-me-print-neutral,https://i.etsystatic.com/57628745/r/il/d0b3f6/8144391952/il_340x270.8144391952_jkh1.jpg
etsy,,,Classic Ember Picture Frame with Wooden Composite Mat - Solid Color Monochrome - 8x10 Frame,,38.69,USD,42.99,10.0,,61566,True,,,,,,True,True,picture-frames-and-displays,https://www.etsy.com/listing/4524110172/classic-ember-picture-frame-with-wooden,https://i.etsystatic.com/5835611/r/il/2ba8ce/8200145167/il_340x270.8200145167_jnbx.jpg
etsy,,,"Couple Photo Strip Frame, Custom Photo Booth Picture Frame, Striped Fabric Frame, Anniversary Gift for Couples, Wedding Keepsake, Home Decor",,9.27,USD,19.73,53.0,,58,False,,,,,,False,True,picture-frames-and-displays,https://www.etsy.com/listing/4539792393/couple-photo-strip-frame-custom-photo,https://i.etsystatic.com/58285661/r/il/461ba8/8266775668/il_340x270.8266775668_r9yu.jpg
etsy,,,Vintage Rustic Bronze Picture Frame Farmhouse Decor Solid Wood Frames with UV Blocking Plexiglass and Preinstalled Hangers for Wall Decor,,21.99,USD,23.15,5.0,,762,False,,,,,,False,False,picture-frames-and-displays,https://www.etsy.com/listing/1770412582/vintage-rustic-bronze-picture-frame,https://i.etsystatic.com/18072669/c/1892/1892/245/245/il/509bfb/6293402069/il_340x270.6293402069_c7o7.jpg
etsy,,,"Pacific Northwest Pine Picture Frame: 5/8"" Wide Wood Frame",,9.73,USD,12.97,25.0,,6337,False,,,,,,False,True,picture-frames-and-displays,https://www.etsy.com/listing/788710141/pacific-northwest-pine-picture-frame-58,https://i.etsystatic.com/19338313/r/il/d9da19/7712328148/il_340x270.7712328148_tgg3.jpg
etsy,,,"Personalized Photo Flipbook Animation Box,Custom wooden Photo Book with Light,Custom Crank Photobox Picture Box ,Creative Anniversary gifts",,22.38,USD,58.91,62.0,,1951,False,,,,,,False,True,picture-frames-and-displays,https://www.etsy.com/listing/4375781601/personalized-photo-flipbook-animation,https://i.etsystatic.com/58150735/r/il/592989/7277270649/il_340x270.7277270649_oqco.jpg
etsy,,,Personalized School Years Photo Frame: Pre K to Graduation Picture Collage,,19.68,USD,24.6,20.0,,3177,True,,,,,,False,False,picture-frames-and-displays,https://www.etsy.com/listing/1629354044/personalized-school-years-photo-frame,https://i.etsystatic.com/25890105/r/il/604675/5618837688/il_340x270.5618837688_ro4a.jpg
etsy,,,"Disney Cruise 5x7 Picture Frame Custom Disneyland, Disney World, Disney Fantasy",,26.95,USD,,,,10418,True,,,,,,False,False,picture-frames-and-displays,https://www.etsy.com/listing/1694487819/disney-cruise-5x7-picture-frame-custom,https://i.etsystatic.com/8944465/r/il/f5f885/5881925275/il_340x270.5881925275_2m4w.jpg
etsy,,,"Picture Frame ""Foxy Minus"" Alder Style in Solid Wash Color of Your Choice - Choose your frame size: 2x2 up to 20x20 inches - Free Shipping",,17.0,USD,,,,38314,True,,,,,,False,True,picture-frames-and-displays,https://www.etsy.com/listing/4383012945/picture-frame-foxy-minus-alder-style-in,https://i.etsystatic.com/5670056/r/il/3c5fce/7265569014/il_340x270.7265569014_auuq.jpg
etsy,,,"Shadow Box Black Frame 1"" Deep Solid Wood White Backing, Hanging Hardware & Acrylic Glass \| Handmade to Order in NJ \| Ask for Custom Sizes",,22.98,USD,,,,5351,True,,,,,,False,True,picture-frames-and-displays,https://www.etsy.com/listing/517517400/shadow-box-black-frame-1-deep-solid-wood,https://i.etsystatic.com/15179163/r/il/8729d1/4940356392/il_340x270.4940356392_k9ix.jpg
etsy,,,White Picture Frames with Complimentary Hanging Hardware and Acrylic Glass Included - Handmade to Order in NJ - Custom Sizes Available,,29.7,USD,,,,5351,True,,,,,,False,True,picture-frames-and-displays,https://www.etsy.com/listing/1096312808/white-picture-frames-with-complimentary,https://i.etsystatic.com/15179163/r/il/94e7c2/4983759921/il_340x270.4983759921_btu4.jpg
etsy,,,Haus and Hues Oak Picture Frame with Plexiglass,,23.0,USD,,,,5450,False,,,,,,False,True,picture-frames-and-displays,https://www.etsy.com/listing/1752646132/haus-and-hues-oak-picture-frame-with,https://i.etsystatic.com/18969887/r/il/3b51af/6396611797/il_340x270.6396611797_bosp.jpg
etsy,,,"Steel Picture Frame, Modern Metal Photo Frame, Custom Picture Frame, Minimalist Wall Decor, Gallery Wall",,94.22,USD,134.6,30.0,,277,True,,,,,,False,False,picture-frames-and-displays,https://www.etsy.com/listing/4549328485/steel-picture-frame-modern-metal-photo,https://i.etsystatic.com/63050835/r/il/0ac671/8335331736/il_340x270.8335331736_9lk5.jpg
etsy,,,"Fabric Mat Frame for Photobooth Strips, Solid Wood, 10 Colors, Gift for Mom Dad",,22.95,USD,45.0,49.0,,33,True,,,,,,False,True,picture-frames-and-displays,https://www.etsy.com/listing/4511022110/fabric-mat-frame-for-photobooth-strips,https://i.etsystatic.com/61840578/r/il/c85ed9/8159634533/il_340x270.8159634533_ounp.jpg
etsy,,,"Rustic Burled Wood Picture Frame, Burl Wood Custom Frames For Wall Art, Light Brown Black, 4x6 5x7 8x10 9x12 11x14 11x17 12x16 16x20 18x24",,27.75,USD,37.0,25.0,,6226,True,,,,,,True,True,picture-frames-and-displays,https://www.etsy.com/listing/772900593/rustic-burled-wood-picture-frame-burl,https://i.etsystatic.com/22047067/c/2743/2180/0/58/il/9562b4/3975436872/il_340x270.3975436872_4ooz.jpg
etsy,,,"TV Frame for Samsung Frame TV, Gold Antique Rustic Custom Bezel Cover, 32-85 inch",,169.6,USD,320.0,47.0,,53,False,,,,,,True,True,picture-frames-and-displays,https://www.etsy.com/listing/4470479338/tv-frame-for-samsung-frame-tv-gold,https://i.etsystatic.com/61833735/c/1265/1265/166/204/il/6610ab/7843237337/il_340x270.7843237337_t50c.jpg
etsy,,,"Ornate Gold Picture Frame, Custom Size Frame for Canvas, Paintings, Posters, Textile Art, Rugs & Tapestries",,59.4,USD,91.38,35.0,,38,False,,,,,,True,True,picture-frames-and-displays,https://www.etsy.com/listing/4454862176/gold-ornate-frame-for-canvas-art,https://i.etsystatic.com/64511357/r/il/27ffb5/8388466244/il_340x270.8388466244_p5kb.jpg
etsy,,,"5x5 Engravable Silver Plated Picture Frame, Cunill 'Beaded'",,152.63,USD,,,,396,False,,,,,,True,True,picture-frames-and-displays,https://www.etsy.com/listing/975181897/5x5-engravable-silver-plated-picture,https://i.etsystatic.com/22823705/r/il/f221f7/2967666711/il_340x270.2967666711_g2wk.jpg
etsy,,,Gallery Wall Frames \| Assorted Frame Bundle \| Vintage Picture Frames \| Gold Frames \| Wood Frames \| Thrifted Frames \| Second Hand frames,,57.0,USD,76.0,25.0,,495,True,,,,,,False,True,picture-frames-and-displays,https://www.etsy.com/listing/1650681460/gallery-wall-frames-assorted-frame,https://i.etsystatic.com/32513992/r/il/013a12/5750850011/il_340x270.5750850011_nleh.jpg
etsy,,,"Live Edge Frame. Custom Sizing. Cherry wood with walnut accents, picture frame",,95.0,USD,,,,162,True,,,,,,False,True,picture-frames-and-displays,https://www.etsy.com/listing/899606067/live-edge-frame-custom-sizing-cherry,https://i.etsystatic.com/19576889/c/1923/1923/556/47/il/b5e3e1/7312490321/il_340x270.7312490321_a9mw.jpg
etsy,,,Ember Picture Frame \| Monochrome Wooden Mat Display \| Custom Opening \| 8X10 Wall Decor Accent,,38.69,USD,42.99,10.0,,61566,True,,,,,,False,True,picture-frames-and-displays,https://www.etsy.com/listing/4524146998/ember-picture-frame-monochrome-wooden,https://i.etsystatic.com/5835611/r/il/350186/8200403783/il_340x270.8200403783_or9t.jpg
etsy,,,Vintage Style Picture Frame Antique Tin Glossy Embossed Flower Retro Funky Eclectic Red White Black Blue Green Decor WOOD 4x6 5x7 8x10 11x14,,36.0,USD,48.0,25.0,,11381,True,,,,,,False,True,picture-frames-and-displays,https://www.etsy.com/listing/1294190075/vintage-style-picture-frame-antique-tin,https://i.etsystatic.com/24393153/r/il/66373c/6228315149/il_340x270.6228315149_b4qw.jpg
etsy,,,2pack - Polaroid 600/iType Photo Frame \| Choose 2 different colors!,,20.0,USD,,,,48,True,,,,,,False,False,picture-frames-and-displays,https://www.etsy.com/listing/4530992038/2pack-polaroid-600itype-photo-frame,https://i.etsystatic.com/62141890/r/il/247804/8248298397/il_340x270.8248298397_ckdj.jpg
etsy,,,Black Wood Picture Frame 11 x 14 Up Cycled Vintage Rustic Shabby Chic Distressed Photo Decoration Man Cave Country Farmhouse Home Decor Gift,,24.99,USD,,,,3674,False,,,,,,False,False,picture-frames-and-displays,https://www.etsy.com/listing/238412337/black-wood-picture-frame-11-x-14-up,https://i.etsystatic.com/6348769/r/il/54426f/996368036/il_340x270.996368036_f1is.jpg
etsy,,,"Rounded Corner Solid Wood Photo Frame, Design for Tabletop Display",,18.8,USD,23.5,20.0,,142,False,,,,,,False,False,picture-frames-and-displays,https://www.etsy.com/listing/4468873982/rounded-corner-solid-wood-photo-frame,https://i.etsystatic.com/62926228/r/il/327d5b/7832769905/il_340x270.7832769905_qf81.jpg
etsy,,,Gold Picture Frame \| Traditional Ornate Antique Solid Wood \| Made to Order in US \| Ask for Custom Sizes and Mats,,29.43,USD,,,,5351,True,,,,,,False,True,picture-frames-and-displays,https://www.etsy.com/listing/1488608065/gold-picture-frame-traditional-ornate,https://i.etsystatic.com/15179163/r/il/38b0c3/4945200010/il_340x270.4945200010_9qmy.jpg
etsy,,,"Custom Picture Frame, Slim Vintage Metallic, Made to Order, Gold Silver Copper",,29.99,USD,,,,27990,False,,,,,,False,True,picture-frames-and-displays,https://www.etsy.com/listing/741993293/stratton-queen-ann-picture-frame-gold,https://i.etsystatic.com/6497523/c/2400/2400/264/0/il/c8d39b/7760406337/il_340x270.7760406337_bhd5.jpg
etsy,,,Personalized Italy Travel Shadow Box \| Custom Italy Trip Map Frame \|Vacation Memory Keepsake \| Honeymoon & Anniversary \| Family Travel Decor,,85.95,USD,,,,1750,False,,,,,,False,True,picture-frames-and-displays,https://www.etsy.com/listing/4548021582/personalized-italy-travel-shadow-box,https://i.etsystatic.com/22902125/r/il/b24384/8373772397/il_340x270.8373772397_qdgj.jpg
etsy,,,"Clear Acrylic Photo Frame Fridge Magnet, Picture Display, Home Decor Gift",,6.5,USD,,,,55,False,,,,,,False,True,picture-frames-and-displays,https://www.etsy.com/listing/4431988462/clear-acrylic-photo-frame-fridge-magnet,https://i.etsystatic.com/62626987/r/il/cd09ac/7488387591/il_340x270.7488387591_pzl4.jpg
etsy,,,4”x6” holds 25+ photos - Picture display and storage frame - snapstack,,26.0,USD,,,,48,True,,,,,,False,False,picture-frames-and-displays,https://www.etsy.com/listing/4412691461/photo-display-and-storage-frame-6x4,https://i.etsystatic.com/62141890/r/il/ed5452/7823590413/il_340x270.7823590413_5ue9.jpg
etsy,,,Football Jersey Framed Print Senior Night Gift Basketball Baseball,,82.49,USD,109.99,25.0,,371,False,,,,,,True,True,picture-frames-and-displays,https://www.etsy.com/listing/1731189356/football-jersey-framed-print-senior,https://i.etsystatic.com/35606561/r/il/cbf52a/7875799838/il_340x270.7875799838_8p7s.jpg
etsy,,,"Say When Wine Framed Wall Art, Funny Kitchen & Bar Print, Wine Lover Gift Poster",,15.62,USD,31.24,50.0,,4676,False,,,,,,True,False,picture-frames-and-displays,https://www.etsy.com/listing/4530651739/say-when-wine-framed-wall-art-funny,https://i.etsystatic.com/50354072/r/il/7b7847/8197887012/il_340x270.8197887012_cq2w.jpg
etsy,,,"Mixed Style Picture Frame Set, Wall & Tabletop Gallery Wall Frames for Decor, Eclectic Colorful Frame Collage Kit, Housewarming Gift",,24.59,USD,40.98,40.0,,503,True,,,,,,True,True,picture-frames-and-displays,https://www.etsy.com/listing/4470098444/vintage-mixed-style-picture-frame-wall,https://i.etsystatic.com/61377993/r/il/241e86/7892404163/il_340x270.7892404163_9nu6.jpg
etsy,,,"Vintage Botanical Framed Wall Art, Natural Wood Gallery Wall Frame Set, 11x14 Mat with 8x10 Prints, Farmhouse Cottage Gallery Wall Art",,65.99,USD,109.98,40.0,,9,True,,,,,,True,True,picture-frames-and-displays,https://www.etsy.com/listing/4523284265/natural-wood-gallery-wall-frames-vintage,https://i.etsystatic.com/65340467/r/il/5d5565/8146261888/il_340x270.8146261888_9i40.jpg
etsy,,,Brown round picture frame all sizes 2-16 inches,,12.82,USD,17.1,25.0,,2507,False,,,,,,False,False,picture-frames-and-displays,https://www.etsy.com/listing/1664789019/brown-round-picture-frame-all-sizes-2-16,https://i.etsystatic.com/16781667/r/il/d4e16d/5702491430/il_340x270.5702491430_qb3w.jpg
etsy,,,polaroid photo stand for instax film photos gifted fujifilm instax framed photo gift fujifilm polaroid retail store display for earrings,,27.49,USD,,,,303,False,,,,,,False,False,picture-frames-and-displays,https://www.etsy.com/listing/4322860475/polaroid-photo-stand-for-instax-film,https://i.etsystatic.com/25209492/r/il/4b4d65/7326994504/il_340x270.7326994504_oao3.jpg
etsy,,,Best Friend First Home Photobooth Strip Frame Key Holder Fabric Mat Personalized Gift,,65.15,USD,86.87,25.0,,,False,,,,,,False,False,picture-frames-and-displays,https://www.etsy.com/listing/4539331870/best-friend-first-home-photobooth-strip,https://i.etsystatic.com/66909986/c/1071/1071/78/1/il/ff926c/8311086413/il_340x270.8311086413_epm8.jpg
etsy,,,Custom Polaroid Picture Frame \| 8x10 Modern Monochromatic Display,,75.0,USD,,,,323,True,,,,,,False,True,picture-frames-and-displays,https://www.etsy.com/listing/4348550020/colorful-polaroid-photo-frame-modern,https://i.etsystatic.com/60486139/r/il/1e640d/8416330923/il_340x270.8416330923_fttr.jpg
etsy,,,Pastel Yellow Photo Frame \| 5x7 \| Hand-Painted Wooden Picture Frame \| Pastel Nursery Decor \| Kids Room Decor,,25.42,USD,,,,,False,,,,,,False,False,picture-frames-and-displays,https://www.etsy.com/listing/4509538121/pastel-yellow-photo-frame-5x7-hand,https://i.etsystatic.com/52346924/r/il/61dd06/8347008259/il_340x270.8347008259_izgn.jpg
etsy,,,"Couple Photo Strip Frame, Custom Photo Booth Picture Frame, Velvet Gold Foil Print, Anniversary Gift for Couples, Wedding Keepsake",,9.31,USD,19.0,51.0,,1806,False,,,,,,False,True,picture-frames-and-displays,https://www.etsy.com/listing/4530242101/couple-photo-strip-frame-custom-photo,https://i.etsystatic.com/34492624/r/il/903526/8268956033/il_340x270.8268956033_lxty.jpg
etsy,,,"Burlwood with Rope design fits art or photo 9”x 9” 50 dollars -custom sizes available, free shipping.",,50.0,USD,,,,263,False,,,,,,False,True,picture-frames-and-displays,https://www.etsy.com/listing/4411500902/burlwoodwith-rope-design-fits-art-or,https://i.etsystatic.com/23384428/r/il/146a27/6813345325/il_340x270.6813345325_5jeb.jpg
etsy,,,Distressed Gold Picture Frame w/Bead- Vintage- Custom Sizes A4 A3 A2 4x4 4x6 5x7 8x8 8x10 8.5x11 9x12 10x10 12x12 11x14 16x20 18x24,,28.0,USD,40.0,30.0,,6927,True,,,,,,False,True,picture-frames-and-displays,https://www.etsy.com/listing/808671203/distressed-gold-picture-frame-wbead,https://i.etsystatic.com/7878072/c/1381/1381/208/84/il/e71e2f/6926790471/il_340x270.6926790471_dy6e.jpg
etsy,,,Miniature wooden rectangular frame with round corners 2x3 inches natural wood frame,,11.34,USD,15.12,25.0,,2507,False,,,,,,False,False,picture-frames-and-displays,https://www.etsy.com/listing/1886626282/miniature-wooden-rectangular-frame-with,https://i.etsystatic.com/16781667/r/il/bc140a/6780096080/il_340x270.6780096080_4jag.jpg
etsy,,,6 Pc Floating Glass Frame Silver Wall Hanging Photo Picture Double Bilderrahmen Vertical Pretty Perfect For Pressed Flower Arrangement,,169.5,USD,,,,1223,True,,,,,,False,True,picture-frames-and-displays,https://www.etsy.com/listing/1214087571/6-pc-floating-glass-frame-silver-wall,https://i.etsystatic.com/18462880/r/il/dec0c4/7736468685/il_340x270.7736468685_lp2g.jpg
etsy,,,"Original rectangular wooden wall photo frame, all sizes",,17.11,USD,22.82,25.0,,2507,False,,,,,,False,False,picture-frames-and-displays,https://www.etsy.com/listing/4449873176/original-rectangular-wooden-wall-photo,https://i.etsystatic.com/16781667/r/il/ac4da5/7658786362/il_340x270.7658786362_479b.jpg
etsy,,,Picture frames 4x6 - 5 x7 - 8x10 - Large color glass nuggets,,125.0,USD,,,,116,True,,,,,,False,True,picture-frames-and-displays,https://www.etsy.com/listing/876704713/picture-frames-4x6-5-x7-8x10-large-color,https://i.etsystatic.com/6830600/r/il/6924e5/2598088161/il_340x270.2598088161_4ruc.jpg
etsy,,,"Toilet Paper Duck Art Print, Funny Farm Animal Print, Guest Bathroom Wall Decor",,15.62,USD,34.71,55.0,,6247,False,,,,,,True,False,picture-frames-and-displays,https://www.etsy.com/listing/4518602031/toilet-paper-duck-art-print-funny-farm,https://i.etsystatic.com/34416917/r/il/9571dc/8113145570/il_340x270.8113145570_hixk.jpg
etsy,,,Scarf 90 \| Scarf Frame in Black \| Scarf Frame \| Frame for Scarf \| Vintage Scarf \| Silk Scarf Frame \| Framed Wall Art,,311.16,USD,345.74,10.0,,80,True,,,,,,True,False,picture-frames-and-displays,https://www.etsy.com/listing/1805072986/scarf-90-scarf-frame-in-black-scarf,https://i.etsystatic.com/55689127/c/2240/3000/0/0/il/3fcb98/7756044462/il_340x270.7756044462_ltsy.jpg
etsy,,,Colorful Pine Wooden TV Frame for Samsung The Frame & TCL NXTVISION,,244.8,USD,306.0,20.0,,4521,True,,,,,,True,True,picture-frames-and-displays,https://www.etsy.com/listing/1714949750/colorful-pine-wooden-tv-frame-for,https://i.etsystatic.com/13310403/r/il/4b674d/8118593401/il_340x270.8118593401_4qx1.jpg
etsy,,,Rustic Traditional Profile Warm Mahogany Frame,,132.58,USD,,,,516,True,,,,,,True,True,picture-frames-and-displays,https://www.etsy.com/listing/4491362597/rustic-traditional-profile-warm-mahogany,https://i.etsystatic.com/23103626/r/il/0b1e23/7930470794/il_340x270.7930470794_9fe6.jpg
etsy,,,"Mickey Mouse 5x7 Picture Frame Custom Disneyland, Disney World, Disney",,26.95,USD,,,,10418,True,,,,,,False,False,picture-frames-and-displays,https://www.etsy.com/listing/505412038/mickey-mouse-5x7-picture-frame-custom,https://i.etsystatic.com/8944465/c/1906/1515/203/293/il/191835/5042284411/il_340x270.5042284411_94qc.jpg
etsy,,,Vintage Metallic Purple Grey Metal Picture Frame Set Gray Photo Decoration Midcentury Industrial Shabby Chic Country Cottage Home Decor Gift,,39.99,USD,,,,3674,False,,,,,,False,False,picture-frames-and-displays,https://www.etsy.com/listing/1899745425/vintage-metallic-purple-grey-metal,https://i.etsystatic.com/6348769/r/il/cc178c/6822915259/il_340x270.6822915259_4xgg.jpg
etsy,,,"Recycled Newspaper Photo Frame: Colourful Sustainable 6x4, 7x5 & 10x8 Inch Picture",,21.32,USD,,,,19605,True,,,,,,False,False,picture-frames-and-displays,https://www.etsy.com/listing/715332005/recycled-newspaper-photo-frame-colourful,https://i.etsystatic.com/19887624/r/il/3e2e63/7357261757/il_340x270.7357261757_4l1r.jpg
etsy,,,Spinmount Record Album Frame System - Adaptable Wall Mount for Vinyl Records,,74.0,USD,,,,3,False,,,,,,False,True,picture-frames-and-displays,https://www.etsy.com/listing/682610901/spinmount-record-album-frame-system,https://i.etsystatic.com/19575723/r/il/9b5d69/2259343295/il_340x270.2259343295_53yy.jpg
etsy,,,Yellow Picture Frame Upcycled Vintage Rustic Shabby Chic Distressed Wood 11 x 14 Photo Decoration Country Farmhouse Southern Home Decor Gift,,24.99,USD,,,,3674,False,,,,,,False,False,picture-frames-and-displays,https://www.etsy.com/listing/822709946/yellow-picture-frame-upcycled-vintage,https://i.etsystatic.com/6348769/r/il/b4c55f/6644979571/il_340x270.6644979571_q3mp.jpg
etsy,,,"Colorful acrylic wall mounted photo frame, available in multiple color sizes, suitable for poster displays, wedding photo frames",,40.35,USD,53.8,25.0,,60,False,,,,,,False,True,picture-frames-and-displays,https://www.etsy.com/listing/1807626307/colorful-acrylic-wall-mounted-photo,https://i.etsystatic.com/53591473/r/il/0266e2/6337647542/il_340x270.6337647542_mkmp.jpg
etsy,,,"Custom Photo Strip Key Holder Frame, Personalized Photobooth Picture Frame with Hook, Vintage Wood Wall Frame for Keys",,44.0,USD,,,,5,False,,,,,,False,True,picture-frames-and-displays,https://www.etsy.com/listing/4532388836/custom-photo-strip-key-holder-frame,https://i.etsystatic.com/66824648/r/il/00b264/8289726301/il_340x270.8289726301_qpjm.jpg
etsy,,,"Stainless Steel Photobooth Frame, Metal Picture Frame, Custom Photo Strip Frame, Minimalist Wall Decor, Wedding Gift",,72.22,USD,103.17,30.0,,277,True,,,,,,False,False,picture-frames-and-displays,https://www.etsy.com/listing/4476125086/stainless-steel-photobooth-frame-metal,https://i.etsystatic.com/63050835/r/il/5fbb8c/8325437744/il_340x270.8325437744_dx9s.jpg
etsy,,,4x6 Bird’s Eye Maple Wood Picture Frame: Handmade Photo Frame,,35.95,USD,,,,310,True,,,,,,False,False,picture-frames-and-displays,https://www.etsy.com/listing/1629564737/4x6-birds-eye-maple-wood-picture-frame,https://i.etsystatic.com/15916680/r/il/1656ff/5625075189/il_340x270.5625075189_6lvr.jpg
etsy,,,Floating Glass Frame Brass Desktop Photo Picture Double Tabletop Bilderrahmen Horizontal Vertical Pretty Perfect Pressed Flower Arrangement,,59.5,USD,,,,1223,True,,,,,,False,True,picture-frames-and-displays,https://www.etsy.com/listing/1171238528/floating-glass-frame-brass-desktop-photo,https://i.etsystatic.com/18462880/c/505/505/131/136/il/c4351a/8380634157/il_340x270.8380634157_ra9q.jpg
etsy,,,"Custom Picture Frame, Made to Order, 1.25"" Modern Flat Profile, Wood Composite",,29.99,USD,,,,27990,False,,,,,,False,True,picture-frames-and-displays,https://www.etsy.com/listing/1566064816/made-to-measure-frames-custom-frame-size,https://i.etsystatic.com/6497523/r/il/e8b4e1/5809936137/il_340x270.5809936137_79lj.jpg
etsy,,,Vintage Sculptural Postmodern Silver Picture Frame,,39.95,USD,47.0,15.0,,10,True,,,,,,False,True,picture-frames-and-displays,https://www.etsy.com/listing/4537430377/vintage-sculptural-postmodern-silver,https://i.etsystatic.com/64797131/c/2307/2307/0/410/il/261858/8367466141/il_340x270.8367466141_62p4.jpg
etsy,,,"Teak Starburst Clock: Mid Century Modern Wall Decor, 27"" Avocado",,288.8,USD,320.88,10.0,,10275,True,,,,,,True,True,clocks,https://www.etsy.com/listing/1506926361/mid-century-modern-starburst-clock-teak,https://i.etsystatic.com/9380135/r/il/bc28cb/7347185571/il_340x270.7347185571_nem2.jpg
etsy,,,"Massive Indicator – Oversized Luxury Wall Clock, Silent German Movement, Modern Decor",,382.5,USD,510.0,25.0,,509,False,,,,,,True,True,clocks,https://www.etsy.com/listing/1204244601/large-modern-wall-clock-minimalist,https://i.etsystatic.com/21367412/c/1159/1159/191/23/il/ddf62e/8162777870/il_340x270.8162777870_kjw2.jpg
etsy,,,"Oversized Huge Large Rustic Wall Clock in Early American Stain 42"" 36"" 30"" 24"" Sizes Real Solid Wood",,172.5,USD,230.0,25.0,,1983,True,,,,,,True,True,clocks,https://www.etsy.com/listing/4460418319/oversized-huge-large-rustic-wall-clock,https://i.etsystatic.com/6232322/r/il/4fab77/7728497620/il_340x270.7728497620_p14e.jpg
etsy,,,Giant Clock For Wall In Living Room,,1640.07,USD,,,,2,False,,,,,,True,False,clocks,https://www.etsy.com/listing/4387463277/giant-clock-for-wall-in-living-room,https://i.etsystatic.com/61765178/r/il/a15f2a/7911697486/il_340x270.7911697486_ny0s.jpg
etsy,,,"Quiet Alarm Clock Silent Wooden, Quiet Alarm Clock, Snooze Function, Large Face. Numbered Dial, Night light, Gentle sound, Traditional Clock",,45.0,USD,,,,2009,False,,,,,,False,True,clocks,https://www.etsy.com/listing/600455473/quiet-alarm-clock-silent-wooden-quiet,https://i.etsystatic.com/15999973/r/il/8b045f/4181685468/il_340x270.4181685468_mzu6.jpg
etsy,,,Blue Patina Copper Wall Clock: Rustic Farmhouse Decor,,97.93,USD,139.9,30.0,,1816,True,,,,,,False,True,clocks,https://www.etsy.com/listing/1158647830/blue-patina-copper-wall-clock-rustic,https://i.etsystatic.com/26808347/r/il/820869/3963602844/il_340x270.3963602844_1lp8.jpg
etsy,,,Modern Wall Clock,,97.0,USD,,,,580,True,,,,,,False,True,clocks,https://www.etsy.com/listing/1620520310/modern-wall-clock,https://i.etsystatic.com/8961484/r/il/ee16d3/5592715212/il_340x270.5592715212_kxh8.jpg
etsy,,,"Stained Glass Clock, Wall Clock, Stained Glass, Glass Painting, Hand Painted Glass Clock, Unique Clock, Art Glass, Modern Clock,Four Seasons",,106.2,USD,118.0,10.0,,3096,True,,,,,,False,True,clocks,https://www.etsy.com/listing/174328131/four-seasons-tree-wall-clock-hand,https://i.etsystatic.com/8940640/r/il/e6269a/8155086885/il_340x270.8155086885_nyoy.jpg
etsy,,,"Handmade Patina Old Copper Wall Clock, Embossed Rustic Farmhouse Metal Wall Decor",,90.93,USD,129.9,30.0,,1816,True,,,,,,False,True,clocks,https://www.etsy.com/listing/962856825/handmade-patina-old-copper-wall-clock,https://i.etsystatic.com/26808347/r/il/22b590/2986909761/il_340x270.2986909761_4u56.jpg
etsy,,,"Uranus Planet Clock, Wall Clock, Glow In The Dark, Oversized clock, Space Decor, Glass wall clock, Unusual clock, Elegant clock, Big clock",,84.6,USD,94.0,10.0,,3096,True,,,,,,False,True,clocks,https://www.etsy.com/listing/717106054/uranus-planet-glass-clock-with-copper,https://i.etsystatic.com/8940640/r/il/337636/7240721849/il_340x270.7240721849_5x3q.jpg
etsy,,,Personalized Family Name Wood Clock – Rustic Farmhouse Wall Decor,,40.13,USD,62.7,36.0,,55613,True,,,,,,False,True,clocks,https://www.etsy.com/listing/1343110297/personalized-rustic-wood-clock-custom,https://i.etsystatic.com/5740095/c/3000/1993/0/0/il/8aed6d/4331386020/il_340x270.4331386020_13h2.jpg
etsy,,,"Artsy wall clock, Geometric unique clock, Multicolored wooden wall clock, Silent clock with numbers",,61.0,USD,,,,514,True,,,,,,False,True,clocks,https://www.etsy.com/listing/1270228280/artsy-wall-clock-geometric-unique-clock,https://i.etsystatic.com/14441612/r/il/2f63d6/4121975967/il_340x270.4121975967_7yep.jpg
etsy,,,Handmade Rusty Copper Wall Clock: Rustic Patina Art Deco Home Decor,,90.93,USD,129.9,30.0,,1816,True,,,,,,False,True,clocks,https://www.etsy.com/listing/986166047/handmade-rusty-copper-wall-clock-rustic,https://i.etsystatic.com/26808347/r/il/252054/4085018825/il_340x270.4085018825_njxm.jpg
etsy,,,Chickadee Handmade Ceramic White Clock,,64.99,USD,,,,1056,False,,,,,,False,True,clocks,https://www.etsy.com/listing/1748687960/chickadee-handmade-ceramic-white-clock,https://i.etsystatic.com/7999553/r/il/1b9ac2/6177512321/il_340x270.6177512321_6ram.jpg
etsy,,,Handmade Copper Wall Clock: Oversized Patina Art Deco Clock,,239.9,USD,,,,1816,True,,,,,,False,True,clocks,https://www.etsy.com/listing/1008031885/handmade-copper-wall-clock-oversized,https://i.etsystatic.com/26808347/r/il/304222/3040507052/il_340x270.3040507052_lkfo.jpg
etsy,,,"Custom Made Resin & Olive Wood Wall Clock, Made to order Epoxy and Olive Wood Wall Clock, Home gift, Live Edge Rustic Olive Wood Wall Clock",,84.0,USD,112.0,25.0,,2174,True,,,,,,False,True,clocks,https://www.etsy.com/listing/1237621313/custom-made-resin-olive-wood-wall-clock,https://i.etsystatic.com/16858291/c/2549/2026/0/261/il/60167e/4322896475/il_340x270.4322896475_chd6.jpg
etsy,,,"Colorful Cuckoo Clock, Layered Wood Wall Decor, Contemporary Design",,545.0,USD,,,,580,True,,,,,,True,True,clocks,https://www.etsy.com/listing/1546449556/unique-modern-cuckoo-clock-multi-colored,https://i.etsystatic.com/8961484/r/il/e90819/5310858495/il_340x270.5310858495_52k1.jpg
etsy,,,"Rustic Black & Wood Wall Clock, 8 sizes!!, EXTRA quiet mechanism, lifetime warranty, optional to add your words, large wall clock",,57.8,USD,68.0,15.0,,6017,False,,,,,,True,True,clocks,https://www.etsy.com/listing/1426938188/rustic-black-wood-wall-clock-8-sizes,https://i.etsystatic.com/7028718/c/764/764/136/130/il/cb79f3/7700589253/il_340x270.7700589253_hptp.jpg
etsy,,,25th Anniversary Clock: 2001 Silver Anniversary Gift,,450.0,USD,,,,627,True,,,,,,True,True,clocks,https://www.etsy.com/listing/4379474267/25th-anniversary-clock-2001-silver,https://i.etsystatic.com/10376449/r/il/b12f7b/7261147121/il_340x270.7261147121_ke1m.jpg
etsy,,,"Oversized Patina Copper Wall Clock: 20"" Farmhouse Wall Decor",,239.9,USD,,,,1816,True,,,,,,False,True,clocks,https://www.etsy.com/listing/1042552565/oversized-patina-copper-wall-clock-20,https://i.etsystatic.com/26808347/r/il/5f69c5/3170507000/il_340x270.3170507000_ojhz.jpg
etsy,,,Nixie Tube Clock IN-14 Vintage Retro Table Clock Gift for him,,215.2,USD,269.0,20.0,,586,True,,,,,,False,True,clocks,https://www.etsy.com/listing/641705185/nixie-tube-clock-in-14-vintage-retro,https://i.etsystatic.com/18324245/c/1851/1471/553/435/il/b4b9fd/2291807559/il_340x270.2291807559_iwxc.jpg
etsy,,,"Mandala Wall Clock, Handmade Wooden Clock Wall, Clock Unique, Wooden Handmade Clocks, Large Wall Clock Modern, Unique Wall Clocks",,67.1,USD,74.56,10.0,,968,False,,,,,,False,True,clocks,https://www.etsy.com/listing/1388707142/mandala-wall-clock-handmade-wooden-clock,https://i.etsystatic.com/39150139/r/il/595bdb/5061937566/il_340x270.5061937566_s8zv.jpg
etsy,,,Mini Fluted Geometric Acrylic Wall Clock,,32.0,USD,,,,4230,True,,,,,,False,False,clocks,https://www.etsy.com/listing/1138629918/mini-fluted-geometric-acrylic-wall-clock,https://i.etsystatic.com/17925010/r/il/dc1db3/3568042986/il_340x270.3568042986_bciv.jpg
etsy,,,"Custom Made Resin & Olive Wood Wall Clock, Made to order Epoxy and Olive Wood Wall Clock, Home gift, Live Edge Rustic Olive Wood Wall Clock",,79.8,USD,114.0,30.0,,600,True,,,,,,False,True,clocks,https://www.etsy.com/listing/1854376231/custom-made-resin-olive-wood-wall-clock,https://i.etsystatic.com/50707559/c/1234/1234/449/401/il/be63c0/6335687498/il_340x270.6335687498_t5cq.jpg
etsy,,,Fluted Geometric Acrylic Wall Clock - Orange and Melon,,60.0,USD,,,,4230,True,,,,,,False,True,clocks,https://www.etsy.com/listing/1718846730/fluted-geometric-acrylic-wall-clock,https://i.etsystatic.com/17925010/c/2254/1790/22/253/il/85b24f/5997436834/il_340x270.5997436834_cdpt.jpg
etsy,,,Fluted Geometric Acrylic Wall Clock with Numbers - Mauve and Melon,,60.0,USD,,,,4230,True,,,,,,False,True,clocks,https://www.etsy.com/listing/1773349926/fluted-geometric-acrylic-wall-clock-with,https://i.etsystatic.com/17925010/r/il/26eb87/6240816958/il_340x270.6240816958_3foz.jpg
etsy,,,"Sun Clock Wall, Modern Wall Clock, Minimalist Wall Clock, Modern Wood Wall Clock, Unique Wall Clock, Handmade Clock, Circle Wall Clocks",,82.5,USD,91.67,10.0,,968,False,,,,,,False,True,clocks,https://www.etsy.com/listing/1388718980/sun-clock-wall-modern-wall-clock,https://i.etsystatic.com/39150139/r/il/29b040/4561873862/il_340x270.4561873862_2dhg.jpg
etsy,,,Cuckoo Clock - Linden Green with Saffron accessories,,390.0,USD,,,,580,True,,,,,,False,True,clocks,https://www.etsy.com/listing/1724806418/cuckoo-clock-linden-green-with-saffron,https://i.etsystatic.com/8961484/r/il/656b78/6071322649/il_340x270.6071322649_bm3i.jpg
etsy,,,"Quiet Analog Alarm Clock, Alarm Clock Silent Wooden, Night light, Gentle sound, No Ticking Noises, Minimalist, Snooze Function",,46.0,USD,,,,2009,False,,,,,,False,True,clocks,https://www.etsy.com/listing/821416741/quiet-analog-alarm-clock-alarm-clock,https://i.etsystatic.com/15999973/r/il/7b40e6/4591111947/il_340x270.4591111947_kwwv.jpg
etsy,,,"Origami wall clock white, first anniversary gift, unique paper clock with wooden frame",,88.0,USD,,,,854,False,,,,,,False,False,clocks,https://www.etsy.com/listing/1624571414/origami-wall-clock-white-first,https://i.etsystatic.com/5973917/r/il/cc3e14/5605123902/il_340x270.5605123902_sa7r.jpg
etsy,,,"Mountain Wall Clock,Wood Mountain Clock,Wall Clock Unique,Nature Clock,Layered Clock,Laser Cut Clock,Forest Wood Clock,Mountain Wall Decor",,106.7,USD,118.56,10.0,,968,False,,,,,,False,True,clocks,https://www.etsy.com/listing/1408998779/mountain-wall-clockwood-mountain,https://i.etsystatic.com/39150139/r/il/9e091b/4587909944/il_340x270.4587909944_img1.jpg
etsy,,,America Line Wall clock 36 inches with real moving gears White Farmhouse,,299.99,USD,499.99,40.0,,782,False,,,,,,True,True,clocks,https://www.etsy.com/listing/1420456282/wall-clock-36-inches-with-real-moving,https://i.etsystatic.com/34705037/c/2000/1588/0/195/il/7070cd/4889337307/il_340x270.4889337307_jqo6.jpg
etsy,,,"Large Wooden Metal Wall Clock, Mid Century Modern Wood Wall Clock, Farmhouse Clock Gift, Unique Silent Clock, Modern Metal Wooden Clock Gift",,49.04,USD,89.17,45.0,,4796,False,,,,,,True,True,clocks,https://www.etsy.com/listing/1876854575/large-wooden-metal-wall-clock-mid,https://i.etsystatic.com/35571911/r/il/b0e4b9/7363976046/il_340x270.7363976046_np4a.jpg
etsy,,,"Handmade Patina Copper Wall Clock, Oversized Tree Branch Art",,87.1,USD,134.0,35.0,,289,True,,,,,,True,True,clocks,https://www.etsy.com/listing/4490647158/handmade-patina-copper-wall-clock,https://i.etsystatic.com/43751958/r/il/80bf8f/7973723253/il_340x270.7973723253_8c07.jpg
etsy,,,Large Geometric Metal Wall Clock: Modern Minimalist Art,,89.89,USD,138.3,35.0,,134,True,,,,,,True,True,clocks,https://www.etsy.com/listing/4382364359/large-geometric-metal-wall-clock-modern,https://i.etsystatic.com/54083661/c/921/921/201/8/il/f9058b/7266197184/il_340x270.7266197184_5ukb.jpg
etsy,,,"Minimalist Cuckoo Clock – Modern Wooden Wall Clock, Scandinavian Home Decor, Anthracite with Brass Details",,390.0,USD,,,,580,True,,,,,,False,True,clocks,https://www.etsy.com/listing/1386581553/cuckoo-clock-anthracite-with-brass,https://i.etsystatic.com/8961484/r/il/ed4717/8033995653/il_340x270.8033995653_ldia.jpg
etsy,,,"Oversized Wall Clock made on Glass, Jupiter Planet • Glow in the Dark",,84.6,USD,94.0,10.0,,3096,True,,,,,,False,True,clocks,https://www.etsy.com/listing/531574951/jupiter-planet-glass-wall-clock-10-to-36,https://i.etsystatic.com/8940640/r/il/a44bda/8067319387/il_340x270.8067319387_izd2.jpg
etsy,,,"Personalized Desk Clock, Custom Engraved Anniversary and Housewarming Corporate Decor, Made in USA",,37.59,USD,39.99,6.0,,3239,True,,,,,,False,True,clocks,https://www.etsy.com/listing/4369105452/personalized-desk-clock-modern-home,https://i.etsystatic.com/33585722/c/1422/1422/347/414/il/ab79d6/7941126509/il_340x270.7941126509_ddjr.jpg
etsy,,,Wooden wall clock with numbers Large modern clock Mid-century wall art Minimalist decor in white and gray,,61.0,USD,,,,514,True,,,,,,False,True,clocks,https://www.etsy.com/listing/1477394141/wooden-wall-clock-with-numbers-large,https://i.etsystatic.com/14441612/r/il/891e92/8053195232/il_340x270.8053195232_gs9t.jpg
etsy,,,Layered Arch Tabletop Clock - Multiple Sizes,,34.0,USD,,,,4230,True,,,,,,False,False,clocks,https://www.etsy.com/listing/1752237405/layered-arch-tabletop-clock-multiple,https://i.etsystatic.com/17925010/r/il/5d4855/6081440050/il_340x270.6081440050_23gn.jpg
etsy,,,"Wall Clock Round, Industrial Clock Copper Patina. Wall Art Copper, Large Clock Copper Color, Raw Copper Clock. Wall Decor. Gift Copper",,232.23,USD,,,,614,False,,,,,,False,False,clocks,https://www.etsy.com/listing/1337490921/wall-clock-round-industrial-clock-copper,https://i.etsystatic.com/26202070/r/il/664bbc/4354055235/il_340x270.4354055235_gfph.jpg
etsy,,,Fluted Geometric Acrylic Wall Clock,,60.0,USD,,,,4230,True,,,,,,False,True,clocks,https://www.etsy.com/listing/1199134148/fluted-geometric-acrylic-wall-clock,https://i.etsystatic.com/17925010/r/il/c6e1cb/3847525931/il_340x270.3847525931_6uud.jpg
etsy,,,"Handmade Wooden Clock, Wooden Clock Wall Decor, Wooden Large Wall Clock, Wood Wall Clock With Numbers, Wall Clock Wooden, Wall Hanging Clock",,69.3,USD,77.0,10.0,,968,False,,,,,,False,True,clocks,https://www.etsy.com/listing/1402199891/handmade-wooden-clock-wooden-clock-wall,https://i.etsystatic.com/39150139/r/il/75c1f2/4607139611/il_340x270.4607139611_g3pr.jpg
etsy,,,Framed Flower Layered Acrylic Wall Clock - Orange and Papaya,,60.0,USD,,,,4230,True,,,,,,False,True,clocks,https://www.etsy.com/listing/4302196399/framed-flower-layered-acrylic-wall-clock,https://i.etsystatic.com/17925010/r/il/084794/7418137053/il_340x270.7418137053_h532.jpg
etsy,,,"Handmade Concrete Clock: Modern Minimalist Home Decor, non tick clock",,92.7,USD,,,,2285,False,,,,,,False,True,clocks,https://www.etsy.com/listing/1055966618/handmade-concrete-clock-modern,https://i.etsystatic.com/16453670/c/2003/2003/333/0/il/6fe6d8/6369562996/il_340x270.6369562996_misa.jpg
etsy,,,Fluted Geometric Acrylic Wall Clock with Numbers - Slate and White,,60.0,USD,,,,4230,True,,,,,,False,True,clocks,https://www.etsy.com/listing/1756470314/fluted-geometric-acrylic-wall-clock-with,https://i.etsystatic.com/17925010/r/il/3d9c10/6209758717/il_340x270.6209758717_9frs.jpg
etsy,,,"Nixie Tube Clock: Handmade Walnut & Maple, IN-12 Tubes, Modern Desk Clock Made in USA",,179.0,USD,,,,1287,True,,,,,,False,True,clocks,https://www.etsy.com/listing/751460311/nixie-tube-clock-walnut-maple-retro,https://i.etsystatic.com/21005985/r/il/69a3a6/7279159682/il_340x270.7279159682_ebdu.jpg
etsy,,,Oversized Luxury Wall Clock \| Massive Modern Minimalist Timepiece \| Silent German Movement \| Large Industrial Statement Decor,,291.03,USD,398.67,27.0,,45,False,,,,,,True,False,clocks,https://www.etsy.com/listing/4402324755/modern-silent-wall-clock-large,https://i.etsystatic.com/59405372/r/il/f0ea52/7379888032/il_340x270.7379888032_ln33.jpg
etsy,,,"wall clock, wall clock, artistic clock ,wall clock painting, Wall clock painting of the Capitals of the World",,1178.32,USD,,,,4,False,,,,,,True,False,clocks,https://www.etsy.com/listing/1904083519/wall-clock-wall-clock-artistic-clock,https://i.etsystatic.com/58296405/r/il/cc8a02/6844460021/il_340x270.6844460021_ap75.jpg
etsy,,,"Olive Wood Wall Clock, Metal Frame, Rustic Industrial Farmhouse Decor Gift",,126.5,USD,230.0,45.0,,11,False,,,,,,True,True,clocks,https://www.etsy.com/listing/4498143197/olive-wood-wall-clock-metal-frame-rustic,https://i.etsystatic.com/65579760/r/il/5f351a/8329296756/il_340x270.8329296756_cuv7.jpg
etsy,,,"Wood Wall Clock, Large Wooden Wall Clock, Modern Minimalist Round Clock, Farmhouse Oversized Wall Decor, Nature Inspired Home Gift",,208.0,USD,,,,,False,,,,,,True,True,clocks,https://www.etsy.com/listing/4483197442/wood-wall-clock-large-wooden-wall-clock,https://i.etsystatic.com/65100171/r/il/8f062f/7879044138/il_340x270.7879044138_i5ar.jpg
etsy,,,"Square Wall Oak Clock, Large Wood Clock, 36cm 14"", minimalist style, modern silent",,111.23,USD,,,,731,False,,,,,,False,False,clocks,https://www.etsy.com/listing/837700869/square-wall-oak-clock-modern-minimalist,https://i.etsystatic.com/18056386/r/il/d28917/2408122306/il_340x270.2408122306_7wk6.jpg
etsy,,,Bloom Wooden Wall Clock: Mid-Century Modern Silent Clock,,47.6,USD,,,,3340,False,,,,,,False,True,clocks,https://www.etsy.com/listing/724822851/bloom-wooden-wall-clock-mid-century,https://i.etsystatic.com/6265223/r/il/97b504/2005113623/il_340x270.2005113623_fb64.jpg
etsy,,,Layered Arch Tabletop Clock - Multiple Sizes,,34.0,USD,,,,4230,True,,,,,,False,False,clocks,https://www.etsy.com/listing/1738047892/layered-arch-tabletop-clock-multiple,https://i.etsystatic.com/17925010/c/2300/1826/0/0/il/25a07a/6082737320/il_340x270.6082737320_mdp4.jpg
etsy,,,Scandi wall clock with pastel colors Minimalist wooden clock Pale purple and pale pink decor Geometric unique clock,,60.0,USD,,,,514,True,,,,,,False,True,clocks,https://www.etsy.com/listing/714051507/scandi-wall-clock-with-pastel-colors,https://i.etsystatic.com/14441612/r/il/90f292/6228775117/il_340x270.6228775117_5inv.jpg
etsy,,,Olive Wood Resin Wall Clock: Live Edge Rustic Art,,78.4,USD,112.0,30.0,,2174,True,,,,,,False,True,clocks,https://www.etsy.com/listing/1339318981/custom-olive-wood-resin-wall-clock-live,https://i.etsystatic.com/16858291/c/2504/2504/156/162/il/ba7775/8068178778/il_340x270.8068178778_esih.jpg
etsy,,,"Square Wood Wall Clock, Minimalist Wall Clock, Nordic Wall Clock, Stylish Wall Clock, Square Wooden Clock, Stylish Wall Clock, Large Clock",,64.6,USD,68.0,5.0,,783,False,,,,,,False,True,clocks,https://www.etsy.com/listing/1417464967/square-wood-wall-clock-minimalist-wall,https://i.etsystatic.com/23368284/r/il/8cb474/4627347922/il_340x270.4627347922_o46x.jpg
etsy,,,"Moon Wall Clock, Moon Glow Clock, Planetary Decor, Glow In The Dark, Large Wall Clock, Space Clock, Cancer Sign, Oversized Clock,Lunar Clock",,84.6,USD,94.0,10.0,,3096,True,,,,,,False,True,clocks,https://www.etsy.com/listing/517770482/moon-wall-clock-with-copper-details,https://i.etsystatic.com/8940640/r/il/b1663c/5538050600/il_340x270.5538050600_r6wk.jpg
etsy,,,Mini Fluted Geometric Acrylic Wall Clock,,32.0,USD,,,,4230,True,,,,,,False,False,clocks,https://www.etsy.com/listing/1152250523/mini-fluted-geometric-acrylic-wall-clock,https://i.etsystatic.com/17925010/r/il/5fc210/3614429897/il_340x270.3614429897_smf7.jpg
etsy,,,Flower Wall Clock,,55.0,USD,,,,4230,True,,,,,,False,True,clocks,https://www.etsy.com/listing/1650050299/flower-wall-clock,https://i.etsystatic.com/17925010/r/il/80aab4/5694680565/il_340x270.5694680565_r5o4.jpg
etsy,,,White Tree and Pale Green Leaves with Copper Colour Accents: Glass Wall Painted Clock,,106.2,USD,118.0,10.0,,3096,True,,,,,,False,True,clocks,https://www.etsy.com/listing/560834067/white-tree-and-pale-green-leaves-with,https://i.etsystatic.com/8940640/r/il/1c57cc/5538543198/il_340x270.5538543198_2ql0.jpg
etsy,,,"Handmade Wooden Desk Clock with Flowers, Folk Style, Silent",,67.23,USD,,,,1074,False,,,,,,False,False,clocks,https://www.etsy.com/listing/607894284/handmade-wooden-desk-clock-with-flowers,https://i.etsystatic.com/5908505/c/1415/1415/290/42/il/e2ca78/7913147320/il_340x270.7913147320_g3yn.jpg
etsy,,,Vibrant Fused Glass Desk Clock - Colorful Small Table Clock - Whimsical Wall Clock,,85.5,USD,95.0,10.0,,180,True,,,,,,False,False,clocks,https://www.etsy.com/listing/1162701082/vibrant-fused-glass-desk-clock-colorful,https://i.etsystatic.com/12748957/r/il/ce7474/3707438467/il_340x270.3707438467_450o.jpg
etsy,,,VTG-Set Of 3-Haunted Hallow Goblin Manor-Haunted House-Pumpkin hotel Halloween,,135.0,USD,,,,319,False,,,,,,True,True,ornaments-and-accents,https://www.etsy.com/listing/1211676929/vtg-set-of-3-haunted-hallow-goblin-manor,https://i.etsystatic.com/17629647/r/il/f1bdf5/3842197499/il_340x270.3842197499_541y.jpg
etsy,,,"2D Flat Italian Village Christmas Ornament, Rome Colosseum Holiday Decor, Scenic Italy Hanging Ornament Gift",,14.93,USD,29.88,50.0,,1403,False,,,,,,True,False,ornaments-and-accents,https://www.etsy.com/listing/4417497119/2d-flat-italian-village-christmas,https://i.etsystatic.com/51324673/r/il/9455c6/7471398666/il_340x270.7471398666_mwln.jpg
etsy,,,Sailing yacht model ship black white two-masted,,151.56,USD,,,,924,False,,,,,,True,False,ornaments-and-accents,https://www.etsy.com/listing/4472324690/sailing-yacht-model-ship-black-white-two,https://i.etsystatic.com/21505316/r/il/50e370/7807776976/il_340x270.7807776976_ho0b.jpg
etsy,,,"Handmade Kilim Christmas Stocking, Vintage Turkish Rug Decor",,17.5,USD,70.0,75.0,,11163,False,,,,,,True,False,ornaments-and-accents,https://www.etsy.com/listing/1807802055/handmade-kilim-christmas-stocking,https://i.etsystatic.com/12030973/r/il/0b8c60/6338534160/il_340x270.6338534160_cjes.jpg
etsy,,,Wooden Christmas tree \| 190 cm \| 75 in \| Spira Slim,,267.68,USD,,,,194,False,,,,,,False,False,ornaments-and-accents,https://www.etsy.com/listing/650980498/wooden-christmas-tree-190-cm-75-in-spira,https://i.etsystatic.com/17392724/r/il/4651be/1757029789/il_340x270.1757029789_gl8t.jpg
etsy,,,Hand Knitted Christmas Stockings,,75.0,USD,,,,5636,False,,,,,,False,False,ornaments-and-accents,https://www.etsy.com/listing/487953947/hand-knitted-christmas-stockings,https://i.etsystatic.com/7724242/r/il/cb8dac/1116688451/il_340x270.1116688451_tpd7.jpg
etsy,,,"Vintage Christmas Tapestry Pillow \| Santa Sleigh, Reindeer, Moon \| Holiday Accent Cushion",,27.05,USD,32.99,18.0,,36,True,,,,,,False,False,ornaments-and-accents,https://www.etsy.com/listing/4548805027/vintage-christmas-tapestry-pillow-santa,https://i.etsystatic.com/64356508/r/il/b20994/8331476902/il_340x270.8331476902_gmif.jpg
etsy,,,"Lighted Halloween Ghost Set, 3 Hanging Gauze Ghosts for Porch & Yard, Warm White Spooky Outdoor Halloween Decor",,45.0,USD,64.28,30.0,,,False,,,,,,False,False,ornaments-and-accents,https://www.etsy.com/listing/4552021911/lighted-halloween-ghost-set-3-hanging,https://i.etsystatic.com/67152166/r/il/fd0f73/8354579272/il_340x270.8354579272_6pvn.jpg
etsy,,,Vintage French Touch Yuletide Christmas House And Tree,,25.0,USD,,,,298,True,,,,,,False,False,ornaments-and-accents,https://www.etsy.com/listing/4556040922/vintage-french-touch-yuletide-christmas,https://i.etsystatic.com/47463623/r/il/fd803c/8431479163/il_340x270.8431479163_t9r3.jpg
etsy,,,Vintage Christmas Mouse Ornaments Resin Skiing Sledding Skating Figurines Lot 3,,22.95,USD,27.0,15.0,,46,True,,,,,,False,False,ornaments-and-accents,https://www.etsy.com/listing/4556966090/vintage-christmas-mouse-ornaments-resin,https://i.etsystatic.com/58514135/r/il/4080a6/8390507120/il_340x270.8390507120_pvz5.jpg
etsy,,,Vintage Christmas Tree Hook Accent Pillow Holiday Throw Pillow,,45.0,USD,,,,779,False,,,,,,False,False,ornaments-and-accents,https://www.etsy.com/listing/4550755772/vintage-christmas-tree-hook-accent,https://i.etsystatic.com/37946380/r/il/776ebd/8345362868/il_340x270.8345362868_o202.jpg
etsy,,,Garden of the Gods Hand Painted Landscape Ornament - Original Colorado Springs Mini Watercolor Painting in Frame,,35.0,USD,,,,1659,False,,,,,,False,True,ornaments-and-accents,https://www.etsy.com/listing/4557495244/garden-of-the-gods-hand-painted,https://i.etsystatic.com/5432725/c/1520/1520/259/959/il/0aa7a1/8394260738/il_340x270.8394260738_6fkx.jpg
etsy,,,"Vintage Blinking Ceramic Christmas Wreath, Holiday Mantel Decor, Kitschy Light Up Wreath with Multi Colored Lights, Grannycore Kitsch, CHIPS",,175.0,USD,,,,3898,True,,,,,,False,False,ornaments-and-accents,https://www.etsy.com/listing/4557768449/vintage-blinking-ceramic-christmas,https://i.etsystatic.com/13451824/r/il/8d62e1/8396357074/il_340x270.8396357074_kwyi.jpg
etsy,,,Vintage Nutcracker Ornament,,45.0,USD,,,,9,False,,,,,,False,False,ornaments-and-accents,https://www.etsy.com/listing/4552469914/vintage-nutcracker-ornament,https://i.etsystatic.com/61566795/r/il/c3d993/8405522751/il_340x270.8405522751_gq4v.jpg
etsy,,,"Vintage Quilted Christmas Stocking, Set of 3, Handmade",,53.95,USD,59.95,10.0,,319,True,,,,,,False,False,ornaments-and-accents,https://www.etsy.com/listing/4552223951/vintage-quilted-christmas-stocking-set,https://i.etsystatic.com/21402871/r/il/799696/8356499148/il_340x270.8356499148_d7im.jpg
etsy,,,"Union Jack Flag Garland - Small Paper Handmade Decoration - British Celebration - 3 feet, 6 feet or 8 feet Lengths - INDOOR only",,10.0,USD,,,,430,True,,,,,,False,False,ornaments-and-accents,https://www.etsy.com/listing/490867757/union-jack-flag-garland-small-handmade,https://i.etsystatic.com/12059446/r/il/8131ac/1079070504/il_340x270.1079070504_6ruf.jpg
etsy,,,"Christmas Ornament, Christmas Decoration, Holiday Gift Idea, Heirloom Keepsake, Round Ceramic, Gift Exchange, Gift Idea, Penguin",,6.99,USD,19.98,65.0,,3299,False,,,,,,True,False,ornaments-and-accents,https://www.etsy.com/listing/1584769194/christmas-ornament-christmas-decoration,https://i.etsystatic.com/23517285/c/1441/1147/245/251/il/b9d536/5450484886/il_340x270.5450484886_t8xy.jpg
etsy,,,"Personalized Knit Christmas Tree Collar, Custom Family Name Tree Skirt, Cable Knit Xmas Tree Ring, Farmhouse Christmas Home Decor",,29.97,USD,54.49,45.0,,398,True,,,,,,True,False,ornaments-and-accents,https://www.etsy.com/listing/4559826459/personalized-knit-christmas-tree-collar,https://i.etsystatic.com/59708769/c/1494/1494/61/67/il/0c30f9/8459415669/il_340x270.8459415669_6j3o.jpg
etsy,,,"Cane Corso, Star, Metal Dog Tree Topper, Christmas Decor, Available as Tree Topper, Yard Stake or Wall Hanging, won't rust, lightweight",,58.0,USD,,,,4825,True,,,,,,True,True,ornaments-and-accents,https://www.etsy.com/listing/1829786326/cane-corso-star-metal-dog-tree-topper,https://i.etsystatic.com/7753947/c/989/989/120/63/il/bc4e20/6555356065/il_340x270.6555356065_gftb.jpg
etsy,,,"DIY Beaded Christmas Tree Kit with Lights, Light Up Bead Christmas Tree Craft Kit, Holiday Home Decor Craft, Festive Gift for Crafters",,23.64,USD,39.41,40.0,,9,False,,,,,,True,True,ornaments-and-accents,https://www.etsy.com/listing/4551390504/diy-beaded-christmas-tree-kit-with,https://i.etsystatic.com/64992463/r/il/e0f2b2/8379485114/il_340x270.8379485114_80vm.jpg
etsy,,,Tree skirt (hole in center)with off white background and feather trees in the scallops measuring 18 inches diameter.,,25.0,USD,,,,2967,True,,,,,,False,True,ornaments-and-accents,https://www.etsy.com/listing/739524464/tree-skirt-hole-in-centerwith-off-white,https://i.etsystatic.com/7087637/r/il/c0754b/1979419256/il_340x270.1979419256_65cf.jpg
etsy,,,"Vintage Ceramic Christmas Tree, Holiday Mantel Decor, 17"" Kitschy Light Up Tree with Multi Colored Lights, Grannycore Kitsch, DAMAGE ON BASE",,175.0,USD,,,,3898,True,,,,,,False,False,ornaments-and-accents,https://www.etsy.com/listing/4557130415/vintage-ceramic-christmas-tree-holiday,https://i.etsystatic.com/13451824/r/il/80d39c/8391787468/il_340x270.8391787468_l0wp.jpg
etsy,,,Medium Concave Beveled Glass Orb Ornament with Crystal Ball Center,,49.0,USD,,,,1317,True,,,,,,False,False,ornaments-and-accents,https://www.etsy.com/listing/170284669/medium-concave-beveled-glass-orb,https://i.etsystatic.com/6108251/r/il/a9bf2c/261138433/il_340x270.261138433.jpg
etsy,,,Lake Sturgeon Ornament - Fascinating Prehistoric Lake Sturgeon Wood Ornament,,10.95,USD,,,,11998,True,,,,,,False,False,ornaments-and-accents,https://www.etsy.com/listing/616556839/lake-sturgeon-ornament-fascinating,https://i.etsystatic.com/11671002/r/il/e9c913/1512478718/il_340x270.1512478718_6yjh.jpg
etsy,,,Vintage Christmas Quilted Tree Skirt Holiday Cottage Home Decor Duck / Teddy Bear / Rocking Horse / Goose,,79.95,USD,,,,779,False,,,,,,False,False,ornaments-and-accents,https://www.etsy.com/listing/4557075342/vintage-christmas-quilted-snowman-tree,https://i.etsystatic.com/37946380/r/il/679b7d/8439184513/il_340x270.8439184513_7mrz.jpg
etsy,,,"Kitschy Holiday Time Mercury Glass Ornaments, Vintage Christmas Tree Bulbs, Box of 15 Multi Color Gold Stenciled Ball Ornaments, Grannycore",,45.0,USD,,,,3898,True,,,,,,False,False,ornaments-and-accents,https://www.etsy.com/listing/4556406815/kitschy-holiday-time-mercury-glass,https://i.etsystatic.com/13451824/r/il/f90111/8435463009/il_340x270.8435463009_oaap.jpg
etsy,,,"Red Flocked Tree Skirt, Vintage Christmas Decor, Traditional Elegant Fuzzy Felted Christmas Tree Skirt with White Fringe, Gift for Collector",,40.0,USD,,,,3898,True,,,,,,False,False,ornaments-and-accents,https://www.etsy.com/listing/4551819070/red-flocked-tree-skirt-vintage-christmas,https://i.etsystatic.com/13451824/r/il/fbb224/8401196365/il_340x270.8401196365_23lq.jpg
etsy,,,"Crystal Suncatcher, Icicle Ornament, Crystal Clear Asfour Full Lead Crystal Prism, Three Different Sizes, Priced Individually",,18.95,USD,,,,816,True,,,,,,False,False,ornaments-and-accents,https://www.etsy.com/listing/1138252858/crystal-suncatcher-icicle-ornament,https://i.etsystatic.com/6857169/r/il/06f632/8071874009/il_340x270.8071874009_k66i.jpg
etsy,,,Handmade Pierogi Christmas Ornament // Christmas Decor // Stocking Stuffers // Gift Ideas,,12.0,USD,,,,853,False,,,,,,False,False,ornaments-and-accents,https://www.etsy.com/listing/1655053414/handmade-pierogi-christmas-ornament,https://i.etsystatic.com/6661865/c/1935/1537/196/561/il/658730/5721077788/il_340x270.5721077788_atdv.jpg
etsy,,,"Personalized Family Christmas Glass Ornament,Custom Name Signpost Acrylic Ornament,Glass Christmas Tree Ornament,Christmas Gift for Family",,3.57,USD,7.13,50.0,,5251,False,,,,,,False,False,ornaments-and-accents,https://www.etsy.com/listing/4558610390/personalized-family-christmas-glass,https://i.etsystatic.com/47469921/r/il/178990/8445398471/il_340x270.8445398471_mlo8.jpg
etsy,,,Blue Beveled Stained Glass Star of David Suncatcher - Hanukkah Decor,,40.0,USD,,,,2222,True,,,,,,False,False,ornaments-and-accents,https://www.etsy.com/listing/722518799/blue-beveled-stained-glass-star-of-david,https://i.etsystatic.com/5790674/r/il/bcddde/1947606256/il_340x270.1947606256_p766.jpg
etsy,,,"Small Light Up Ceramic Christmas Tree, Vintage Holiday Mantel Decor, Electrified Tree with Butterfly Ornaments, Collector Gift, Grannycore",,90.0,USD,,,,3898,True,,,,,,False,False,ornaments-and-accents,https://www.etsy.com/listing/4552127122/small-light-up-ceramic-christmas-tree,https://i.etsystatic.com/13451824/r/il/987cce/8355300940/il_340x270.8355300940_jnl4.jpg
etsy,,,Globus Chair Felt Cushion with Non Slip Option,,25.0,USD,,,,333,False,,,,,,True,False,ornaments-and-accents,https://www.etsy.com/listing/4427447357/globus-chair-felt-cushion-with-non-slip,https://i.etsystatic.com/26906616/r/il/2b231e/8380457877/il_340x270.8380457877_fkbe.jpg
etsy,,,Personalised First Birthday Ornament Keepsake Gift With Safari Animals,,11.39,USD,,,,52154,True,,,,,,True,False,ornaments-and-accents,https://www.etsy.com/listing/4406585706/personalised-first-birthday-ornament,https://i.etsystatic.com/10166168/r/il/3ae08f/7407066740/il_340x270.7407066740_5jif.jpg
etsy,,,Egyptian Goddess Heqet Frog Statue - Stone Replica,,87.75,USD,117.0,25.0,,625,True,,,,,,True,True,ornaments-and-accents,https://www.etsy.com/listing/1809252425/egyptian-goddess-heqet-frog-statue-stone,https://i.etsystatic.com/24513741/c/568/568/142/355/il/a20382/6393760813/il_340x270.6393760813_cl7a.jpg
etsy,,,"Vintage Thanksgiving Wooden Felt Garland, Retro 90s Fall Harvest Bunting, Halloween Door Hanger, Pumpkins Porch Or Mantel Hanger",,35.75,USD,55.0,35.0,,8,False,,,,,,True,True,ornaments-and-accents,https://www.etsy.com/listing/4559849450/vintage-thanksgiving-wooden-felt-garland,https://i.etsystatic.com/65273217/r/il/8a4449/8411292200/il_340x270.8411292200_1hil.jpg
etsy,,,"Custom House Portrait Christmas Ornament, Personalized Acrylic Painted Ornament, Realtor Gift",,59.0,USD,,,,16,False,,,,,,False,False,ornaments-and-accents,https://www.etsy.com/listing/1806404384/custom-painted-acrylic-house-ornament,https://i.etsystatic.com/52111552/r/il/a2e1d9/6891421839/il_340x270.6891421839_7y9g.jpg
etsy,,,Firefly Lake Hand Painted Ornament - Original Landscape Mini Watercolor Painting in Frame,,35.0,USD,,,,1659,False,,,,,,False,True,ornaments-and-accents,https://www.etsy.com/listing/4557675699/firefly-lake-hand-painted-ornament,https://i.etsystatic.com/5432725/c/1595/1595/309/1026/il/7b280f/8395794352/il_340x270.8395794352_5fmf.jpg
etsy,,,"Set of 6 - Finger Starfish Ornaments Blue/Gray (twine) (3""-4"")",,18.0,USD,,,,618,True,,,,,,False,True,ornaments-and-accents,https://www.etsy.com/listing/938270504/set-of-6-finger-starfish-ornaments,https://i.etsystatic.com/8563120/r/il/77e29d/7422378340/il_340x270.7422378340_humd.jpg
etsy,,,"Silk Velvet Pumpkins with Real Pumpkin Stems, Set of Seven",,120.0,USD,,,,87,False,,,,,,False,False,ornaments-and-accents,https://www.etsy.com/listing/559827131/silk-velvet-pumpkins-with-real-pumpkin,https://i.etsystatic.com/10027717/r/il/efdb4b/1660433496/il_340x270.1660433496_n7xv.jpg
etsy,,,Handmade Tin Star Tree Topper with Clear Marbles. Moravian Star.,,95.2,USD,119.0,20.0,,1571,True,,,,,,False,False,ornaments-and-accents,https://www.etsy.com/listing/1109673384/tin-punched-handmade-star-tree-topper,https://i.etsystatic.com/8903886/r/il/799178/6486003999/il_340x270.6486003999_o1a8.jpg
etsy,,,Personalized Knitted Christmas Stockings Green White Red Intarsia Fair Isle Knit Christmas Decor Deer Snowflakes Extra Large,,38.75,USD,,,,73045,True,,,,,,False,False,ornaments-and-accents,https://www.etsy.com/listing/117540673/personalized-knitted-christmas-stockings,https://i.etsystatic.com/5703048/r/il/911cb9/6517108212/il_340x270.6517108212_g40v.jpg
etsy,,,"Primitive Halloween Bat, Halloween Witch Bat Ornie Doll, Halloween Ornament Decor",,29.99,USD,,,,1508,True,,,,,,False,False,ornaments-and-accents,https://www.etsy.com/listing/1781436007/primitive-halloween-bat-halloween-witch,https://i.etsystatic.com/18396115/c/1957/2356/0/0/il/02dc93/6259052413/il_340x270.6259052413_7mnf.jpg
etsy,,,"Radio City NYC Glitter Christmas Ornament / New York City Ornament, Christmas in NYC, 6th Avenue, NYC Souvenir, New York Historic Landmark",,27.0,USD,,,,1878,True,,,,,,False,False,ornaments-and-accents,https://www.etsy.com/listing/1316735822/radio-city-nyc-glitter-christmas,https://i.etsystatic.com/5594853/r/il/ea2325/5119230440/il_340x270.5119230440_c4ip.jpg
etsy,,,Hand Painted Colorado Landscape Ornament - Original Watercolor Framed Mountain Mini Painting of Colorado Springs,,35.0,USD,,,,1659,False,,,,,,False,True,ornaments-and-accents,https://www.etsy.com/listing/4557468164/hand-painted-colorado-landscape-ornament,https://i.etsystatic.com/5432725/c/1406/1406/488/1078/il/c7d720/8394192360/il_340x270.8394192360_8wl1.jpg
etsy,,,Straw stars - set of 9. Christmas tree decoration. Straw stars. Straw snowflakes. Christmas gifts Set of nine stars.,,43.2,USD,48.0,10.0,,262,False,,,,,,False,False,ornaments-and-accents,https://www.etsy.com/listing/1324917834/straw-stars-set-of-9-christmas-tree,https://i.etsystatic.com/11236024/c/2000/2000/523/0/il/dc0741/6425539777/il_340x270.6425539777_bjso.jpg
etsy,,,"Personalized Beach Engaged Ornament 2026,Custom Couple Married Enaged Glass Ornament,Couple Christmas Keepsake,Coastal Wedding Gift",,4.63,USD,9.27,50.0,,5251,False,,,,,,False,False,ornaments-and-accents,https://www.etsy.com/listing/4558587365/personalized-beach-engaged-ornament,https://i.etsystatic.com/47469921/c/1969/1969/30/73/il/d2a485/8402199606/il_340x270.8402199606_ddrr.jpg
etsy,,,Michigan River Landscape Ornament - Hand Painted Original Watercolor Mini Painting in Frame,,29.0,USD,,,,1659,False,,,,,,False,False,ornaments-and-accents,https://www.etsy.com/listing/4557621322/michigan-river-landscape-ornament-hand,https://i.etsystatic.com/5432725/r/il/265c3e/8442501243/il_340x270.8442501243_2xzc.jpg
etsy,,,"Ceramic Ghost Figurine, Halloween Ghost Decor, Spooky Shelf Decoration, Cute Ghost Statue, Fall Home Decor",,42.72,USD,85.44,50.0,,,False,,,,,,True,True,ornaments-and-accents,https://www.etsy.com/listing/4559857916/ceramic-ghost-figurine-halloween-ghost,https://i.etsystatic.com/67346218/r/il/8a29c2/8411355026/il_340x270.8411355026_khlm.jpg
etsy,,,Mama and Baby Bear Christmas Tree Glass Ornament,,14.99,USD,,,,461,False,,,,,,True,False,ornaments-and-accents,https://www.etsy.com/listing/904194561/mama-and-baby-bear-christmas-tree-glass,https://i.etsystatic.com/11339529/r/il/b48d9e/3482292856/il_340x270.3482292856_afw7.jpg
etsy,,,"Personalized Christmas Stocking, Custom Name Knit Stocking, 2026 Embroidered Family Stocking, Cable Knit Holiday Stocking, Christmas Gift",,24.72,USD,27.47,10.0,,,False,,,,,,True,True,ornaments-and-accents,https://www.etsy.com/listing/4559855648/personalized-christmas-stocking-custom,https://i.etsystatic.com/66525368/r/il/b6429b/8459150615/il_340x270.8459150615_ivqa.jpg
etsy,,,Hand Painted Decorative Trinket Boxes YOU Choose Dotted Mandala Dot Art Funky Boho Box,,28.95,USD,,,,1771,True,,,,,,True,True,ornaments-and-accents,https://www.etsy.com/listing/1097660868/hand-painted-decorative-trinket-boxes,https://i.etsystatic.com/5249996/c/2797/1776/0/0/il/824425/3432942574/il_340x270.3432942574_2m7c.jpg
etsy,,,Hanging Wicker Bells with Chains,,29.5,USD,,,,664,False,,,,,,False,False,ornaments-and-accents,https://www.etsy.com/listing/4532975277/hanging-wicker-bells-with-chains,https://i.etsystatic.com/14073514/r/il/041e40/8263116285/il_340x270.8263116285_l2b4.jpg
etsy,,,Aspen Birch Trees carved Heart Personalized HANDPAINTED WOOD SLICE Ornament Love Friendship,,28.0,USD,,,,229,True,,,,,,False,True,ornaments-and-accents,https://www.etsy.com/listing/1370560636/aspen-birch-trees-carved-heart,https://i.etsystatic.com/35673883/c/2667/2119/0/649/il/944fdf/4529634311/il_340x270.4529634311_bp6g.jpg
etsy,,,"Enesco Skiing Garfield Ornament, Vintage Christmas Decor, 1981 Ceramic Cartoon Cat with Santa Hat on Skis, Gift for Collector, Holiday Decor",,20.0,USD,,,,3898,True,,,,,,False,False,ornaments-and-accents,https://www.etsy.com/listing/4555485517/enesco-skiing-garfield-ornament-vintage,https://i.etsystatic.com/13451824/r/il/2ce2f0/8427387581/il_340x270.8427387581_phca.jpg
etsy,,,"Vintage Jeweled Fruit Christmas Ornaments x 8 Italy Florentine 1960s Apple, Orange, Banana, Pear Plastic",,32.0,USD,,,,517,True,,,,,,False,False,ornaments-and-accents,https://www.etsy.com/listing/4525700922/vintage-jeweled-fruit-christmas,https://i.etsystatic.com/26875371/c/1358/1358/310/273/il/335a73/8210872767/il_340x270.8210872767_tsvd.jpg
etsy,,,Lake Michigan Sunset Ornament - Hand Painted Original Watercolor Mini Painting in Glass Frame,,22.0,USD,,,,1659,False,,,,,,False,False,ornaments-and-accents,https://www.etsy.com/listing/4557706017/lake-michigan-sunset-ornament-hand,https://i.etsystatic.com/5432725/c/1785/1785/219/749/il/2469fa/8443859795/il_340x270.8443859795_ahkj.jpg
etsy,,,"The ""Night Creeper"" Life Size Outdoor Halloween Grave Yard Skeleton",,35.1,USD,39.0,10.0,,345,True,,,,,,False,False,ornaments-and-accents,https://www.etsy.com/listing/634962544/the-night-creeper-life-size-outdoor,https://i.etsystatic.com/15242534/c/1080/858/0/420/il/fa7fd9/2594026353/il_340x270.2594026353_l2ta.jpg
etsy,,,Primitive Christmas / Winter Faux Feather Tree Nearly 3 Feet Tall Double Feather Tree in Hand painted and Distressed Wood Block,,89.99,USD,,,,608,True,,,,,,False,False,ornaments-and-accents,https://www.etsy.com/listing/111760962/primitive-christmas-winter-faux-feather,https://i.etsystatic.com/7054717/r/il/fc630e/3455478643/il_340x270.3455478643_6m0y.jpg
etsy,,,Handmade Sea Glass Acorns: NATURAL Cap Decorative Ornaments,,17.0,USD,,,,4413,True,,,,,,False,True,ornaments-and-accents,https://www.etsy.com/listing/4392797328/handmade-sea-glass-acorns-natural-cap,https://i.etsystatic.com/6454217/r/il/b57f2c/7321923324/il_340x270.7321923324_i1gk.jpg
etsy,,,vintage black african girl Christmas angel tree topper ornament,,58.0,USD,,,,4650,False,,,,,,False,False,ornaments-and-accents,https://www.etsy.com/listing/4558165789/large-black-african-christmas-angel-tree,https://i.etsystatic.com/6029295/c/2142/2142/34/857/il/56ee09/8447183713/il_340x270.8447183713_ipre.jpg
etsy,,,"Felt Holly Garland with Twine Thread, Fair Trade Garland, Wall Hangings, Felt Christmas Decor, Furnace Decoration",,31.49,USD,34.99,10.0,,8820,True,,,,,,False,False,ornaments-and-accents,https://www.etsy.com/listing/1815259637/felt-holly-garland-with-twine-thread,https://i.etsystatic.com/25837545/r/il/3a6d05/6424721363/il_340x270.6424721363_rzcf.jpg
etsy,,,Handmade 24K gold plated Golden Gate bridge hand decorated Swarovski crystals interior table décor figurine premium gift San Francisco Icon,,32.95,USD,,,,1277,False,,,,,,False,False,ornaments-and-accents,https://www.etsy.com/listing/772678677/handmade-24k-gold-plated-golden-gate,https://i.etsystatic.com/19597333/c/2654/2110/215/431/il/072c84/2210126427/il_340x270.2210126427_1zs1.jpg
etsy,,,Knitted Christmas Stockings Red IVORY Green Fun Snowflake Family with Pets Cat Mouse Meow and Dog Bone Woof Knit Personalized Embroidered,,27.22,USD,,,,73045,True,,,,,,False,False,ornaments-and-accents,https://www.etsy.com/listing/113623628/knitted-christmas-stockings-red-ivory,https://i.etsystatic.com/5703048/r/il/b6f2a9/6517114660/il_340x270.6517114660_md4e.jpg
etsy,,,Set of 5 Assorted Rectangular Wooden Serving Trays with Rope Handles,,349.95,USD,,,,3066,False,,,,,,True,True,indoor-planters,https://www.etsy.com/listing/4474004488/set-of-5-assorted-rectangular-wooden,https://i.etsystatic.com/29688350/r/il/d53841/7941413756/il_340x270.7941413756_jhlv.jpg
etsy,,,whimsical Planter pair,,403.75,USD,475.0,15.0,,882,False,,,,,,True,True,indoor-planters,https://www.etsy.com/listing/4394756021/whimsical-planter-pair,https://i.etsystatic.com/14150685/r/il/774dc6/7333756560/il_340x270.7333756560_p311.jpg
etsy,,,Vintage Clay Pot Black and Grey Large / Medium (Free Shipping),,188.99,USD,,,,2485,False,,,,,,True,True,indoor-planters,https://www.etsy.com/listing/1233410058/vintage-clay-pot-black-and-grey-large,https://i.etsystatic.com/7325042/r/il/85f1b7/8417254429/il_340x270.8417254429_899i.jpg
etsy,,,"Acrylic GHOST Planter Pot, Mid Century Modern Decor, For Indoor Plants, Sizes 4"", 10"", 12"" & 14""",,48.75,USD,75.0,35.0,,768,False,,,,,,True,True,indoor-planters,https://www.etsy.com/listing/838673334/acrylic-ghost-planter-pot-mid-century,https://i.etsystatic.com/22055538/c/1438/1141/0/208/il/6a530d/6018152603/il_340x270.6018152603_4cta.jpg
etsy,,,Small Turquoise and Purple Soda Fired Planter - Petite Planter with Drainage,,50.0,USD,,,,134,True,,,,,,False,False,indoor-planters,https://www.etsy.com/listing/4556934419/small-turquoise-and-purple-soda-fired,https://i.etsystatic.com/6761155/c/1252/1252/262/0/il/f94983/8390397370/il_340x270.8390397370_g4jw.jpg
etsy,,,Vintage ceramic planter \| Art Nouveau flower pot with relief decoration \| Art Nouveau plant container,,84.34,USD,,,,1126,True,,,,,,False,False,indoor-planters,https://www.etsy.com/listing/4557582690/vintage-ceramic-planter-art-nouveau,https://i.etsystatic.com/10355972/c/2941/2941/16/29/il/91a933/8442779957/il_340x270.8442779957_klab.jpg
etsy,,,Vanilla Blend Handmade Pottery Planter with drainage,,34.5,USD,,,,5224,False,,,,,,False,False,indoor-planters,https://www.etsy.com/listing/4387024087/earthy-blends-indoor-planters-ceramic,https://i.etsystatic.com/5153540/r/il/17a0a0/7767722871/il_340x270.7767722871_l3ow.jpg
etsy,,,"TOT with a Drink Cozy Planter Pot Coffee Lover Planter Cute Coffee Decor Plant Gift for Her, Him, and Plant Lover Clear Pots with Drainage",,21.99,USD,,,,2183,True,,,,,,False,False,indoor-planters,https://www.etsy.com/listing/1819834840/tot-with-a-drink-cozy-planter-pot-coffee,https://i.etsystatic.com/43870102/r/il/885250/6470341076/il_340x270.6470341076_yshx.jpg
etsy,,,"Hand Painted Vintage Scene Terracotta Planter, Home Decor, 6 Inch",,21.99,USD,,,,1741,True,,,,,,False,False,indoor-planters,https://www.etsy.com/listing/4478461999/hand-painted-vintage-scene-terracotta,https://i.etsystatic.com/8230526/r/il/097b5f/7896009285/il_340x270.7896009285_ghos.jpg
etsy,,,Funny Succulent Pot - Cactus Pot - Small Planter With Drainage - Ceramic Pot With Drainage - Housewarming Gift - White Pot With Bamboo Tray,,8.25,USD,11.0,25.0,,1240,False,,,,,,False,False,indoor-planters,https://www.etsy.com/listing/1292522557/funny-succulent-pot-cactus-pot-small,https://i.etsystatic.com/14669722/c/1783/1417/0/266/il/ce56e0/4155161863/il_340x270.4155161863_avao.jpg
etsy,,,"African Violet pot, fluted, purple, sage, moss, self watering, modern, Violet pot, self watering African violet pot,",,42.0,USD,,,,4061,True,,,,,,False,False,indoor-planters,https://www.etsy.com/listing/698961618/african-violet-pot-fluted-purple-sage,https://i.etsystatic.com/5550030/r/il/cfa5f6/6441671125/il_340x270.6441671125_g4e9.jpg
etsy,,,"Spun Bamboo Plant Pot: Modern Indoor Planter, Boho Decor",,23.99,USD,29.99,20.0,,567,True,,,,,,False,True,indoor-planters,https://www.etsy.com/listing/1567053398/spun-bamboo-plant-pot-modern-indoor,https://i.etsystatic.com/47143800/r/il/2ffd9c/5362807470/il_340x270.5362807470_i2pj.jpg
etsy,,,Vintage Brown Glaze Studio Pottery Free Form Organic Pottery with Drainage Hole / Hand Built Handmade Ceramic Vase,,29.0,USD,,,,430,False,,,,,,False,False,indoor-planters,https://www.etsy.com/listing/4556610451/vintage-brown-glaze-studio-pottery-free,https://i.etsystatic.com/11557549/c/1153/1153/60/383/il/a51e48/8387886564/il_340x270.8387886564_n9lx.jpg
etsy,,,Lewis & Clark and Sacagawea Fancy Plants Diorama Kit,,16.0,USD,,,,734,True,,,,,,False,False,indoor-planters,https://www.etsy.com/listing/815867255/lewis-clark-and-sacagawea-fancy-plants,https://i.etsystatic.com/6700158/r/il/c0b495/5787193400/il_340x270.5787193400_64n8.jpg
etsy,,,"Original Otter Bowl, Flower Pot, Succulent Planter, 3D Printed, Wooden Dish",,39.5,USD,,,,609,True,,,,,,False,False,indoor-planters,https://www.etsy.com/listing/1451398658/original-otter-bowl-flower-pot-succulent,https://i.etsystatic.com/36489272/r/il/58b5e4/4835991434/il_340x270.4835991434_4igh.jpg
etsy,,,Colorful Indoor Planter - Ceramic Planter - Pottery Planter - Flower pot with drain holes - Planter with drainage - Herb Planter for indoors,,31.5,USD,,,,5224,False,,,,,,False,False,indoor-planters,https://www.etsy.com/listing/1465852215/colorful-indoor-planter-ceramic-planter,https://i.etsystatic.com/5153540/r/il/9be26c/5908992437/il_340x270.5908992437_cagi.jpg
etsy,,,Available! A Pair of Bamboo Half Moon Étagères with glass shelves Vintage modern furniture plant stand,,2100.0,USD,,,,112,False,,,,,,True,False,indoor-planters,https://www.etsy.com/listing/1743371869/a-pair-of-bamboo-half-moon-etageres-with,https://i.etsystatic.com/9363521/r/il/3d0c6e/8113039223/il_340x270.8113039223_hcz2.jpg
etsy,,,"16"" Planter Pot with Saucer \| Drainage Hole & Plug \| Indoor Plant Pot \| Houseplant Flower Pot \| Imitation Concrete Ceramic Planter Pot",,129.16,USD,172.21,25.0,,6799,True,,,,,,True,False,indoor-planters,https://www.etsy.com/listing/1889277782/16-planter-pot-with-saucer-drainage-hole,https://i.etsystatic.com/24265176/r/il/8f8a25/6849315483/il_340x270.6849315483_9tf4.jpg
etsy,,,Antique Roseville Rare Futura Pottery jardiniere planter Art Deco set 2 large scale 10.5 in 1928 American art pottery collectors pieces,,998.0,USD,,,,154,True,,,,,,True,False,indoor-planters,https://www.etsy.com/listing/4558838963/antique-roseville-rare-futura-pottery,https://i.etsystatic.com/59419661/r/il/428e5c/7802414211/il_340x270.7802414211_j9mc.jpg
etsy,,,"Colossal Herringbone 47 or 29 inch Indoor Plant Trellis, Modern Climbing Plant Support",,40.8,USD,48.0,15.0,,6803,True,,,,,,True,True,indoor-planters,https://www.etsy.com/listing/4554048037/colossal-herringbone-47-or-29-inch,https://i.etsystatic.com/23358680/r/il/743e13/8369374282/il_340x270.8369374282_mroo.jpg
etsy,,,"Sparkling Planters,Disco Planters,Round Ball Sparkling Plant Pot,Glitter Ball Flower Pot,Disco Ball Planter,Funky Gift for Mom,New Home Gift",,15.15,USD,23.31,35.0,,7,False,,,,,,False,False,indoor-planters,https://www.etsy.com/listing/4522171243/sparkling-plantersdisco-plantersround,https://i.etsystatic.com/66276357/r/il/f87fdf/8186226117/il_340x270.8186226117_768b.jpg
etsy,,,"Volcano Planter \| Green or Mustard, Terracotta & Charcoal Layered Concrete Planter \| Pot \| Minimalist Planter \| Indoor Planter",,23.99,USD,,,,2049,True,,,,,,False,False,indoor-planters,https://www.etsy.com/listing/1067058649/volcano-planter-green-or-mustard,https://i.etsystatic.com/11222228/c/2418/1922/0/723/il/29e20a/4785055055/il_340x270.4785055055_caal.jpg
etsy,,,"Cute Pig Planter \| Indoor Succulent, Cactus Pot",,17.11,USD,,,,2131,False,,,,,,False,False,indoor-planters,https://www.etsy.com/listing/596369788/pig-planter-piggy-planter-animal-planter,https://i.etsystatic.com/16989532/c/755/600/44/0/il/17f65f/1488700860/il_340x270.1488700860_3r74.jpg
etsy,,,"Round Endless Copper Trellis for Small Medium Large Plants, Plant Trellis for Indoor Plant, Hoya Trellis, Circle Trellis, Hoop Trellis",,13.95,USD,,,,1724,False,,,,,,False,False,indoor-planters,https://www.etsy.com/listing/862294479/round-endless-copper-trellis-for-small,https://i.etsystatic.com/24812333/c/2463/1956/261/103/il/cfe716/4900454358/il_340x270.4900454358_oruu.jpg
etsy,,,Set of 2 Planters - Drainage Holes and Trays - Modern Indoor Plant Pots - 3D Printed Gift - Succulent and Cactus Planters,,20.29,USD,28.99,30.0,,1262,True,,,,,,False,True,indoor-planters,https://www.etsy.com/listing/1054169661/set-of-2-planters-drainage-holes-and,https://i.etsystatic.com/30566915/r/il/4f7368/6955462188/il_340x270.6955462188_5c10.jpg
etsy,,,"French Country Blue, Gray, White, Terracotta Planter, Rustic, Distressed, Aged Look, 4 or 6 in Clay Pot",,19.75,USD,,,,2176,True,,,,,,False,False,indoor-planters,https://www.etsy.com/listing/1715137936/french-country-blue-gray-white,https://i.etsystatic.com/5928796/r/il/1bca40/6029733681/il_340x270.6029733681_4kx1.jpg
etsy,,,Hanging Plant Holder \| Crochet Plant Hanger \| Hanging Plant Pot Holder \| Hanging Planter Indoor Garden Decor,,16.0,USD,20.0,20.0,,899,True,,,,,,False,False,indoor-planters,https://www.etsy.com/listing/594216934/hanging-plant-holder-crochet-plant,https://i.etsystatic.com/9961161/c/2003/1592/0/924/il/17ebff/2210915763/il_340x270.2210915763_kdcv.jpg
etsy,,,Adorable Concrete Sloth Planter \| Small Succulent Holder \| Sloth Planter \| Air Plant Holder \| Sloth Decor,,22.0,USD,,,,1105,False,,,,,,False,False,indoor-planters,https://www.etsy.com/listing/1772743615/adorable-concrete-sloth-planter-small,https://i.etsystatic.com/22241268/r/il/b6d5e6/6171296420/il_340x270.6171296420_453k.jpg
etsy,,,The Original Juice Box Planter by LittleWolfArtCo,,17.0,USD,,,,1064,False,,,,,,False,False,indoor-planters,https://www.etsy.com/listing/1701403019/the-original-juice-box-planter-by,https://i.etsystatic.com/20660073/c/1162/1500/0/0/il/e0382a/7972231953/il_340x270.7972231953_30u3.jpg
etsy,,,"Custom Layered Concrete Planter: Choose Your Colors, Handmade",,25.99,USD,,,,2049,True,,,,,,False,False,indoor-planters,https://www.etsy.com/listing/1689652613/custom-layered-concrete-planter-choose,https://i.etsystatic.com/11222228/c/2462/1955/0/915/il/b4e39d/5863856267/il_340x270.5863856267_c65i.jpg
etsy,,,Hanging Ladder Propagation Station \| Three Tier Tube Vase Display,,22.49,USD,29.99,25.0,,834,False,,,,,,False,False,indoor-planters,https://www.etsy.com/listing/1223545341/hanging-ladder-propagation-station-three,https://i.etsystatic.com/35419484/r/il/b4e973/5468640533/il_340x270.5468640533_e0iq.jpg
etsy,,,"Minimalist Planter with Drainage & Saucer in White, Unique and Modern 3D-Printed Plant Pot, Sizes: 4"" 5"" 6"" 7"" 8"" \| Gift for Anyone",,14.25,USD,19.0,25.0,,4848,False,,,,,,False,True,indoor-planters,https://www.etsy.com/listing/1092571660/minimalist-planter-with-drainage-saucer,https://i.etsystatic.com/23823940/r/il/c57356/6333299273/il_340x270.6333299273_4apj.jpg
etsy,,,Vintage Italian Leopard Planter Large Hand Painted Ceramic Big Cat Cachepot,,573.25,USD,,,,5,False,,,,,,True,False,indoor-planters,https://www.etsy.com/listing/4559438419/vintage-italian-leopard-planter-large,https://i.etsystatic.com/65600761/c/1928/1928/175/699/il/2ed49b/8408510118/il_340x270.8408510118_k8u2.jpg
etsy,,,"Hanging SAKURA Rope Planter, Ribbed Design With Drainage and Drip Tray, 4,6,8 Inches, Green Black Navy Blue Pink White LARGE Plant Pot",,39.29,USD,,,,4353,False,,,,,,True,True,indoor-planters,https://www.etsy.com/listing/4375992890/hanging-sakura-rope-planter-ribbed,https://i.etsystatic.com/46547042/r/il/ffe0d4/7278479411/il_340x270.7278479411_3kdn.jpg
etsy,,,MIGHTY MAC Deck Planter &quot;Junior Mac&quot;](https://i.etsystatic.com/40178458/r/il/8f4e7e/7559114492/il_340x270.7559114492_l3fg.jpg)\\ \\,,239.0,USD,,,,618,False,,,,,,True,True,indoor-planters,https://www.etsy.com/listing/4407455667/new-mighty-mac-deck-planter-junior-mac,https://i.etsystatic.com/40178458/r/il/8f4e7e/7559114492/il_340x270.7559114492_l3fg.jpg
etsy,,,Large Macrame Plant Pot Hanger: Minimalist Boho Decor,,22.87,USD,30.49,25.0,,2813,True,,,,,,True,True,indoor-planters,https://www.etsy.com/listing/1712274310/large-macrame-plant-pot-hanger,https://i.etsystatic.com/28246911/c/925/1006/0/0/il/468fdb/7838916162/il_340x270.7838916162_2jpk.jpg
etsy,,,Casa Orchid Planter With Drainage Tray by Alté: Where Luxury Meets Function,,55.0,USD,,,,388,True,,,,,,False,True,indoor-planters,https://www.etsy.com/listing/1082576891/casa-orchid-planter-with-drainage-tray,https://i.etsystatic.com/24946429/c/3000/2384/0/333/il/db40fa/3553547454/il_340x270.3553547454_g5l5.jpg
etsy,,,"DIY Air Plant Terrarium Kit: Glass Globe, Moss & Flowers",,43.19,USD,71.99,40.0,,3018,True,,,,,,False,True,indoor-planters,https://www.etsy.com/listing/1519509329/diy-air-plant-terrarium-kit-glass-globe,https://i.etsystatic.com/8269544/r/il/be21bd/3315210591/il_340x270.3315210591_sb2o.jpg
etsy,,,Tennis player gift plant pot happy face indoor planter birthday gift flower pot tennis player Tennis liebhaber gift father's day gift,,27.29,USD,42.0,35.0,,975,False,,,,,,False,False,indoor-planters,https://www.etsy.com/listing/1711275131/tennis-player-gift-plant-pot-happy-face,https://i.etsystatic.com/48387756/c/1687/1687/568/0/il/6ae811/6251568586/il_340x270.6251568586_9wda.jpg
etsy,,,Yellow terracotta concrete planter box \| Minimalist planter pot \| Succulent plant planter \| Rectangular plant pot \| Nursery planter box pot,,28.56,USD,33.61,15.0,,350,True,,,,,,False,False,indoor-planters,https://www.etsy.com/listing/1248891465/yellow-terracotta-concrete-planter-box,https://i.etsystatic.com/26749119/c/1429/1135/0/6/il/d42915/5200315747/il_340x270.5200315747_e9dx.jpg
etsy,,,Death Star / Star Wars / Planter / Hand Painted,,16.5,USD,22.0,25.0,,2961,True,,,,,,False,True,indoor-planters,https://www.etsy.com/listing/1324387805/death-star-star-wars-planter-hand,https://i.etsystatic.com/34352609/c/2400/1907/0/471/il/e5c44c/5214133262/il_340x270.5214133262_aehm.jpg
etsy,,,"Copper Plant Sticks, Metal Plant Supports, Decorative Plant Stakes, Houseplant Sticks, Multiple Design Options",,14.4,USD,16.0,10.0,,2784,True,,,,,,False,False,indoor-planters,https://www.etsy.com/listing/1534717236/copper-plant-sticks-metal-plant-supports,https://i.etsystatic.com/24766666/c/3000/3000/0/0/il/680bbc/7385546191/il_340x270.7385546191_ev5w.jpg
etsy,,,"Vintage Lefton Turkey Planter, Thanksgiving Table Decor, Fall Entryway Plant Holder, Autumn Mantel Plant Pot, TINY CHIPS! Centerpiece",,85.0,USD,,,,3898,True,,,,,,False,False,indoor-planters,https://www.etsy.com/listing/4538472821/vintage-lefton-turkey-planter,https://i.etsystatic.com/13451824/r/il/0e814c/8257061928/il_340x270.8257061928_1n6z.jpg
etsy,,,"Virus Planter, Bacteriophage Pen/Pencil Holder Gift, Biology Minimalist 3D Print, Science Office Decoration, Gift for Teachers",,14.32,USD,,,,7041,False,,,,,,False,False,indoor-planters,https://www.etsy.com/listing/751337734/virus-planter-bacteriophage-penpencil,https://i.etsystatic.com/20218219/c/3000/1686/0/0/il/b2bfd7/2135585484/il_340x270.2135585484_ltf6.jpg
etsy,,,"Hand Painted Floral Terracotta Planter, Home Decor, 6 Inch, Strawberry",,23.99,USD,,,,1741,True,,,,,,False,False,indoor-planters,https://www.etsy.com/listing/4476712566/hand-painted-floral-terracotta-planter,https://i.etsystatic.com/8230526/r/il/d46b84/7884263569/il_340x270.7884263569_783i.jpg
etsy,,,"Fae Cauldron Planter, Gothic Bowl, Fantasy Decor, Candy Dish, Bookish Home Decor",,14.99,USD,,,,104,False,,,,,,False,False,indoor-planters,https://www.etsy.com/listing/4518576737/fae-cauldron-planter-gothic-bowl-fantasy,https://i.etsystatic.com/64378283/r/il/fc5396/8112923954/il_340x270.8112923954_h7rj.jpg
etsy,,,Honeycomb Bee Pot with Drainage Saucer: Hand-Painted Indoor Planter,,17.25,USD,,,,102,True,,,,,,False,False,indoor-planters,https://www.etsy.com/listing/1874142726/honeycomb-bee-pot-with-drainage-saucer,https://i.etsystatic.com/37712951/r/il/055de7/6758840588/il_340x270.6758840588_sd7m.jpg
etsy,,,"SCANDINORDICA Silver Disco Ball Planter: 8"" Hanging Planter with Macrame Hanger, Chain, Acrylic Stand and Insert Pot",,35.99,USD,,,,836,False,,,,,,False,True,indoor-planters,https://www.etsy.com/listing/1055306514/scandinordica-silver-disco-ball-planter,https://i.etsystatic.com/31084346/r/il/8a6923/5623652483/il_340x270.5623652483_7u0m.jpg
etsy,,,"basket planter, planter pack, big planter, basket for plants pot, blanket basket, bathroom organizer, plant holder, planter bag, PTB 63-2",,26.8,USD,89.33,70.0,,13688,True,,,,,,True,True,indoor-planters,https://www.etsy.com/listing/1532632697/basket-planter-planter-pack-big-planter,https://i.etsystatic.com/30449428/c/660/660/171/37/il/5308fb/7336976417/il_340x270.7336976417_t991.jpg
etsy,,,"Mid-Century Modern Pot in Matte Olive Green, Pots with Drainage and Saucer, Succulent, Cacti and House Plant Planter, Lightweight",,36.0,USD,,,,5273,False,,,,,,True,True,indoor-planters,https://www.etsy.com/listing/1343513527/mid-century-modern-pot-in-matte-olive,https://i.etsystatic.com/24822223/c/2048/2048/0/0/il/9918c8/8115392855/il_340x270.8115392855_mgny.jpg
etsy,,,Desmodium Blue Bell Bonsai with purple flower Real Picture small size,,726.72,USD,,,,39,True,,,,,,True,False,indoor-planters,https://www.etsy.com/listing/4559771668/desmodium-blue-bell-bonsai-with-purple,https://i.etsystatic.com/42665286/r/il/40f45b/8410686908/il_340x270.8410686908_61pw.jpg
etsy,,,Modern Hanging Planter with Removable Insert \| 3D Printed Hanging Plant Pot \| Scandinavian Indoor Planter \| Minimalist Decor,,26.21,USD,34.95,25.0,,16684,False,,,,,,True,False,indoor-planters,https://www.etsy.com/listing/4542105927/modern-hanging-planter-with-removable,https://i.etsystatic.com/14386622/c/1005/1005/55/329/il/02417b/8289499102/il_340x270.8289499102_qe16.jpg
etsy,,,Large Ceramic Hanging Modern Boho Planter Pot in White and Beige,,24.92,USD,31.15,20.0,,6441,False,,,,,,False,False,indoor-planters,https://www.etsy.com/listing/920654455/large-ceramic-hanging-modern-boho,https://i.etsystatic.com/24758479/r/il/30b5bf/7269286595/il_340x270.7269286595_8gou.jpg
etsy,,,"Concrete Planter – Rectangular Architectural Centerpiece for Indoor & Outdoor Decor, 36” Handmade Modern Succulent Display",,235.0,USD,,,,411,True,,,,,,False,True,indoor-planters,https://www.etsy.com/listing/267948938/long-concrete-succulent-planter-handmade,https://i.etsystatic.com/6275231/r/il/536536/920675859/il_340x270.920675859_9iuv.jpg
etsy,,,"Oak Leaf Acorn Planter Pot, Rustic Cement Planter, Woodland Cottagecore Decor",,33.11,USD,38.95,15.0,,115,True,,,,,,False,False,indoor-planters,https://www.etsy.com/listing/4461575229/oak-leaf-acorn-planter-pot-rustic-cement,https://i.etsystatic.com/59243184/r/il/e7b910/7987562275/il_340x270.7987562275_xgxa.jpg
etsy,,,XL Linea Windowsill Planter,,194.0,USD,,,,145,True,,,,,,False,True,indoor-planters,https://www.etsy.com/listing/528260470/xl-linea-windowsill-planter,https://i.etsystatic.com/11552899/c/3000/2382/0/617/il/10659c/1628947307/il_340x270.1628947307_1t5f.jpg
etsy,,,"Custom colors: 3"" casita planter for cacti and succulents",,32.0,USD,,,,179,True,,,,,,False,False,indoor-planters,https://www.etsy.com/listing/1300599347/custom-colors-3-casita-planter-for-cacti,https://i.etsystatic.com/37242433/r/il/1432ee/6918914621/il_340x270.6918914621_gwa3.jpg
etsy,,,"Hand Painted Italian Crystal Vase, Colorful Luxury Flower Vase, Modern Home Decor, Unique Art Glass, Made in Italy, Bubbly Pink",,323.6,USD,,,,277,False,,,,,,False,True,indoor-planters,https://www.etsy.com/listing/1374564873/vase-bubbly-pink-bohemian-crystal-hand,https://i.etsystatic.com/11276529/c/1227/1227/294/885/il/5aa9b4/6460818837/il_340x270.6460818837_igoi.jpg
etsy,,,"Boho Wall Planter: A Touch of Nature, Elevated",,29.95,USD,,,,132,False,,,,,,False,False,indoor-planters,https://www.etsy.com/listing/1752867802/boho-wall-planter-a-touch-of-nature,https://i.etsystatic.com/27163600/r/il/c22590/8388757421/il_340x270.8388757421_fmq2.jpg
etsy,,,"Cozy Book Planter for Readers, Stack of Books Plant Pot with Drainage, Customizable Colors",,16.76,USD,23.95,30.0,,432,True,,,,,,False,False,indoor-planters,https://www.etsy.com/listing/1884106878/cozy-book-planter-for-readers-stack-of,https://i.etsystatic.com/56675552/r/il/292ac9/7031197737/il_340x270.7031197737_s9ge.jpg
etsy,,,Black Rounded Stripe with Turquoise Ceramic Planter-medium with drainage tray,,55.0,USD,,,,1024,True,,,,,,False,False,indoor-planters,https://www.etsy.com/listing/1536811687/black-rounded-stripe-with-turquoise,https://i.etsystatic.com/14972058/r/il/46b9f0/5199532811/il_340x270.5199532811_88t7.jpg
etsy,,,Small Amber Glass Apothecary Vase,,20.0,USD,,,,658,True,,,,,,False,True,indoor-planters,https://www.etsy.com/listing/1532658203/small-amber-glass-apothecary-vase,https://i.etsystatic.com/15257124/c/2250/1788/0/836/il/59b09a/3809604924/il_340x270.3809604924_2yxu.jpg
etsy,,,"Premium Succulent Planter Pot Bonsai Lotus Pot, Ceramic with Decorative Copper Patina Glaze, Goldfish Pot",,36.99,USD,,,,2788,True,,,,,,False,True,indoor-planters,https://www.etsy.com/listing/1670555854/premium-succulent-planter-pot-bonsai,https://i.etsystatic.com/28048936/r/il/2d03c5/4150721224/il_340x270.4150721224_5myd.jpg
etsy,,,"Mustard Yellow Plant Pot Cover, Fabric Planter Sleeve, Warm Minimal Plant Decor",,12.12,USD,,,,1347,True,,,,,,False,False,indoor-planters,https://www.etsy.com/listing/1041510921/mustard-yellow-plant-pot-cover-cotton,https://i.etsystatic.com/26836050/r/il/b68c5e/5297395737/il_340x270.5297395737_cs3o.jpg
etsy,,,Wooden centerpiece tray \| Long French country Mantle tray Rustic riser centerpiece \| Large Modern farmhouse Primitive Dining Room Table Tray,,120.0,USD,160.0,25.0,,1405,True,,,,,,True,True,decorative-trays,https://www.etsy.com/listing/1511962798/wooden-centerpiece-tray-french-country,https://i.etsystatic.com/37876304/r/il/455f7b/8303924711/il_340x270.8303924711_8j6u.jpg
etsy,,,"Large Woven Coffee Table Tray with Leather Handles, Handwoven Rattan Display, Ottoman Serving Tray Decor",,126.5,USD,,,,413,False,,,,,,True,True,decorative-trays,https://www.etsy.com/listing/4436261575/large-woven-coffee-table-tray-with,https://i.etsystatic.com/26612746/r/il/74c612/7741134470/il_340x270.7741134470_pmnd.jpg
etsy,,,"Large Wooden Ottoman Tray, Coffee Table Tray, Footstool Serving Tray, Handmade Minimalist Home Decor, Housewarming Gift",,98.83,USD,109.81,10.0,,435,True,,,,,,True,False,decorative-trays,https://www.etsy.com/listing/4524011215/large-wooden-ottoman-tray-coffee-table,https://i.etsystatic.com/11975418/r/il/75e858/8175337289/il_340x270.8175337289_5mx8.jpg
etsy,,,"Lake St Clair Nautical Serving Tray & Wall Art, Handmade Wood Map Art",,399.0,USD,,,,1199,False,,,,,,True,True,decorative-trays,https://www.etsy.com/listing/4558995715/lake-st-clair-nautical-serving-tray-wall,https://i.etsystatic.com/17455863/r/il/6cfd6f/8405164446/il_340x270.8405164446_rg59.jpg
etsy,,,Handmade WA Pottery Spoon Rest: Washington State Trinket Dish,,32.99,USD,,,,1218,True,,,,,,False,True,decorative-trays,https://www.etsy.com/listing/1653900922/handmade-wa-pottery-spoon-rest,https://i.etsystatic.com/16756013/c/2239/1778/0/434/il/2bffe9/5764269769/il_340x270.5764269769_il8g.jpg
etsy,,,"Foundation Series Divided - Black Walnut, Peruvian Walnut and Oak Hardwood Trays, Stackable, Slim, Timeless & Modern Valet Catch All Decor",,53.4,USD,89.0,40.0,,5434,True,,,,,,False,True,decorative-trays,https://www.etsy.com/listing/1477743118/foundation-series-divided-black-walnut,https://i.etsystatic.com/10655091/r/il/9aa8cf/4949681538/il_340x270.4949681538_k83g.jpg
etsy,,,"Set of 3 Fall Wooden House Decor, Tiered Tray Decor",,40.0,USD,,,,275,False,,,,,,False,True,decorative-trays,https://www.etsy.com/listing/1304884969/set-of-3-fall-wooden-house-decor-tiered,https://i.etsystatic.com/16267743/c/2250/1788/0/730/il/6a00a1/4161868306/il_340x270.4161868306_10i9.jpg
etsy,,,"Fused Glass Cat Mom Gift – Custom Stained Glass Tray, Pet Keepsake",,54.93,USD,,,,3466,False,,,,,,False,True,decorative-trays,https://www.etsy.com/listing/1575511119/fused-glass-cat-mom-gift-custom-stained,https://i.etsystatic.com/23142391/c/1333/1333/222/0/il/4b29cb/7041895928/il_340x270.7041895928_k0uz.jpg
etsy,,,"Halloween tiered Tray mini floral arrangement, Halloween home decor, Halloween tiered tray decor, Halloween florals, black and orange decor",,33.0,USD,,,,31901,False,,,,,,False,False,decorative-trays,https://www.etsy.com/listing/1760094797/halloween-tiered-tray-mini-floral,https://i.etsystatic.com/20608763/c/1530/1215/364/888/il/a21405/6117182000/il_340x270.6117182000_jged.jpg
etsy,,,"Leather Tray for Men, Personalized Fathers Day Gift, Engraved Vegan Leather Valet Tray, Custom Catch All Tray, Father's Day Gifts for Dad",,7.49,USD,9.99,25.0,,2377,False,,,,,,False,False,decorative-trays,https://www.etsy.com/listing/1638137356/leather-tray-for-men-personalized,https://i.etsystatic.com/47625173/r/il/1716bf/5727802941/il_340x270.5727802941_i90y.jpg
etsy,,,Personalized 10th Anniversary Aluminum Bowl: Hand-Forged Catch-All Dish,,99.76,USD,,,,8046,True,,,,,,False,True,decorative-trays,https://www.etsy.com/listing/1413718193/personalized-10th-anniversary-aluminum,https://i.etsystatic.com/10794702/c/2807/2807/0/0/il/08d115/7631811019/il_340x270.7631811019_3o0p.jpg
etsy,,,"15"" Square Concrete Tray",,90.0,USD,,,,6333,True,,,,,,False,False,decorative-trays,https://www.etsy.com/listing/1810332897/15-square-concrete-tray,https://i.etsystatic.com/13875023/r/il/309023/6756040667/il_340x270.6756040667_kzi3.jpg
etsy,,,"13.5"" Concrete Lazy Susan Turntable",,94.0,USD,,,,6333,True,,,,,,False,False,decorative-trays,https://www.etsy.com/listing/1686862906/135-concrete-lazy-susan-turntable,https://i.etsystatic.com/13875023/r/il/f7b260/6756040675/il_340x270.6756040675_iwzj.jpg
etsy,,,Extra Large Round Wood Tray / Cherry / Circle Coffee Table + Ottoman Tray / Charcuterie Board,,102.0,USD,,,,3736,True,,,,,,False,True,decorative-trays,https://www.etsy.com/listing/823883771/extra-large-round-wood-tray-cherry,https://i.etsystatic.com/13798470/r/il/d93dfe/2407937919/il_340x270.2407937919_5hlm.jpg
etsy,,,19th Century Stained Ironstone Dish With Black Transferware: England,,72.0,USD,,,,536,True,,,,,,False,False,decorative-trays,https://www.etsy.com/listing/4556455819/19th-century-stained-ironstone-dish-with,https://i.etsystatic.com/30836518/r/il/135e03/8386833444/il_340x270.8386833444_llsl.jpg
etsy,,,"Foundation Series Rectangle- Black Walnut, Peruvian Walnut and Oak Hardwood Trays, Stackable, Slim, Timeless & Modern Valet Catch All Decor",,21.6,USD,36.0,40.0,,5434,True,,,,,,False,True,decorative-trays,https://www.etsy.com/listing/1473715354/foundation-series-rectangle-black-walnut,https://i.etsystatic.com/10655091/r/il/9f7686/4980069195/il_340x270.4980069195_nxlv.jpg
etsy,,,30 x 30 Extra Large Square Tray: Ottoman Coffee Table Decor,,279.0,USD,,,,2534,True,,,,,,True,True,decorative-trays,https://www.etsy.com/listing/502064873/30x30-oversized-ottoman-tray-square,https://i.etsystatic.com/6921520/r/il/5dae1e/8076850820/il_340x270.8076850820_8aee.jpg
etsy,,,Blue Sari Silk Hand-Knotted Wool Rug: Vintage Oushak Style recommend size 8x10,,26.18,USD,104.74,75.0,,67,False,,,,,,True,True,decorative-trays,https://www.etsy.com/listing/1889619814/blue-sari-silk-hand-knotted-wool-rug,https://i.etsystatic.com/35367551/r/il/2abc64/8008725531/il_340x270.8008725531_sme8.jpg
etsy,,,"Rosso Levanto Marble Tray, Burgundy Natural Stone Vanity Tray, Dark Red Marble Serving Tray, Bold Home Decor Gift, Luxury Stone Tray",,135.0,USD,,,,20,False,,,,,,True,False,decorative-trays,https://www.etsy.com/listing/4297876304/rosso-levanto-marble-tray-burgundy-stone,https://i.etsystatic.com/50061196/r/il/29a154/8178380269/il_340x270.8178380269_8u2r.jpg
etsy,,,"Large Evil Eye Wall Decor, Luxury Nazar Wall Hanging, Blue Gold Evil Eye Charm, Handcrafted Protection Amulet, Spiritual Home Decor",,100.0,USD,200.0,50.0,,11626,True,,,,,,True,True,decorative-trays,https://www.etsy.com/listing/4449904686/large-evil-eye-wall-decor-luxury-nazar,https://i.etsystatic.com/27173816/r/il/b639be/7707109437/il_340x270.7707109437_fhtt.jpg
etsy,,,Handmade South Carolina Pottery Spoon Rest: SC Trinket Dish,,29.99,USD,,,,1218,True,,,,,,False,True,decorative-trays,https://www.etsy.com/listing/1032811598/handmade-south-carolina-pottery-spoon,https://i.etsystatic.com/16756013/c/992/739/0/0/il/620703/6738430174/il_340x270.6738430174_or1s.jpg
etsy,,,"Black Walnut & Oak Hardwood Trays, Centerpiece, Gift, Stackable, Slim, Timeless, Modern Valet Catch All Decor - Foundation Series Rectangle",,21.6,USD,36.0,40.0,,5434,True,,,,,,False,True,decorative-trays,https://www.etsy.com/listing/1504645963/black-walnut-oak-hardwood-trays,https://i.etsystatic.com/10655091/r/il/736f23/5053638781/il_340x270.5053638781_e4at.jpg
etsy,,,Customizable bowl - Ceramic trinket dish - Heart-shaped bowl - Gift for her,,38.99,USD,,,,336,True,,,,,,False,False,decorative-trays,https://www.etsy.com/listing/1837748558/customizable-bowl-ceramic-trinket-dish,https://i.etsystatic.com/52199863/r/il/34dafe/6685096059/il_340x270.6685096059_b55j.jpg
etsy,,,"Concrete Tray - \*Two new sizes\*, modern, square and rectangular versions",,59.99,USD,,,,1210,True,,,,,,False,True,decorative-trays,https://www.etsy.com/listing/741787873/concrete-tray-two-new-sizes-modern,https://i.etsystatic.com/9810663/r/il/aa330b/2031731190/il_340x270.2031731190_kd8z.jpg
etsy,,,"Black Walnut & Oak Hardwood Trays, Centerpiece, Gift, Stackable, Slim, Timeless, Modern Valet Catch All Decor - Foundation Series Rectangle",,21.6,USD,36.0,40.0,,5434,True,,,,,,False,True,decorative-trays,https://www.etsy.com/listing/1490453770/black-walnut-oak-hardwood-trays,https://i.etsystatic.com/10655091/r/il/b08d88/5053609245/il_340x270.5053609245_8nfp.jpg
etsy,,,Custom Stained Glass Dog Breed Trinket Dish: Pet Memorial Gift,,65.99,USD,,,,3466,False,,,,,,False,True,decorative-trays,https://www.etsy.com/listing/1726165184/custom-stained-glass-dog-breed-trinket,https://i.etsystatic.com/23142391/c/1598/1269/400/2/il/1219f1/6061111736/il_340x270.6061111736_n204.jpg
etsy,,,Oval Footed Tray in Earthen Brown Concrete,,150.0,USD,,,,285,False,,,,,,False,True,decorative-trays,https://www.etsy.com/listing/4558396200/oval-footed-tray-in-earthen-brown,https://i.etsystatic.com/5256837/r/il/c96e42/8400684236/il_340x270.8400684236_rypa.jpg
etsy,,,"Black Walnut & Oak Hardwood Trays, Centerpiece, Gift, Stackable, Slim, Timeless, Modern Valet Catch All Decor - Foundation Series Rectangle",,21.6,USD,36.0,40.0,,5434,True,,,,,,False,True,decorative-trays,https://www.etsy.com/listing/1490457982/black-walnut-oak-hardwood-trays,https://i.etsystatic.com/10655091/r/il/272ba5/5053622317/il_340x270.5053622317_73ag.jpg
etsy,,,"7.5"" Small Concrete Lazy Susan Turntable",,40.0,USD,,,,6333,True,,,,,,False,False,decorative-trays,https://www.etsy.com/listing/832729869/75-small-concrete-lazy-susan-turntable,https://i.etsystatic.com/13875023/r/il/a6184c/6756040679/il_340x270.6756040679_4fd9.jpg
etsy,,,"Foundation Series Oval - Black Walnut, Peruvian Walnut and Oak Hardwood Trays, Stackable, Slim, Timeless & Modern Valet Catch All Decor",,21.6,USD,36.0,40.0,,5434,True,,,,,,False,True,decorative-trays,https://www.etsy.com/listing/1477044236/foundation-series-oval-black-walnut,https://i.etsystatic.com/10655091/r/il/7c3720/4995057135/il_340x270.4995057135_2voy.jpg
etsy,,,Shallow Bowl Styling Ring Dish,,11.0,USD,,,,413,True,,,,,,False,False,decorative-trays,https://www.etsy.com/listing/1085375589/shallow-bowl-styling-ring-dish,https://i.etsystatic.com/27197650/c/1997/1587/0/1152/il/bce589/3379354985/il_340x270.3379354985_mnaf.jpg
etsy,,,"Stained Glass Fox Trinket Tray, Handmade Fox Ornament",,65.0,USD,,,,3466,False,,,,,,False,True,decorative-trays,https://www.etsy.com/listing/1699601365/stained-glass-fox-trinket-tray-handmade,https://i.etsystatic.com/23142391/c/1539/1224/204/26/il/5d4463/6092731637/il_340x270.6092731637_dmod.jpg
etsy,,,Celaya Tray Set in Turquoise Set of 3,,172.0,USD,215.0,20.0,,14,False,,,,,,True,True,decorative-trays,https://www.etsy.com/listing/1752663301/celaya-tray-set-in-turquoise-set-of-3,https://i.etsystatic.com/53006449/c/1754/1393/89/243/il/b4258c/6083374860/il_340x270.6083374860_to5e.jpg
etsy,,,Personalized Oak Stove Top Cover \| Custom Engraved Family Name Noodle Board \| Solid Red Oak \| Handmade in USA \| Farmhouse Decor,,194.99,USD,,,,114,False,,,,,,True,True,decorative-trays,https://www.etsy.com/listing/1832668881/personalized-oak-stove-top-cover-gas,https://i.etsystatic.com/54425622/r/il/de16a7/8420144161/il_340x270.8420144161_5gbd.jpg
etsy,,,"Floral Vanity Tray with Real Hydrangeas, Oak Resin Art, Unique Birthday or Wedding Gift for Her",,370.0,USD,,,,12,True,,,,,,True,True,decorative-trays,https://www.etsy.com/listing/4556531209/floral-vanity-tray-with-real-hydrangeas,https://i.etsystatic.com/64536518/r/il/040583/8456319263/il_340x270.8456319263_pk4u.jpg
etsy,,,Personalized Retirement Serving Tray: Engraved Wooden Charcuterie Board,,168.0,USD,,,,752,False,,,,,,True,True,decorative-trays,https://www.etsy.com/listing/1538493295/personalized-retirement-serving-tray,https://i.etsystatic.com/21310450/r/il/746893/5766678006/il_340x270.5766678006_ewrw.jpg
etsy,,,"Metal Wall Mount \| For Soap Dispensers \| Metal Wall Mount in Black, Brass and Stainless Steel",,39.0,USD,,,,8774,True,,,,,,False,True,decorative-trays,https://www.etsy.com/listing/1690494972/metal-wall-mount-for-soap-dispensers,https://i.etsystatic.com/18466143/r/il/8806be/5878472214/il_340x270.5878472214_lgno.jpg
etsy,,,Extra Large Round Wood Tray / Black Walnut / Circle Coffee Table + Ottoman Tray / Charcuterie Board,,320.0,USD,,,,3736,True,,,,,,False,True,decorative-trays,https://www.etsy.com/listing/1466323802/extra-large-round-wood-tray-black-walnut,https://i.etsystatic.com/13798470/r/il/6f24a3/4899470508/il_340x270.4899470508_5hst.jpg
etsy,,,Third Anniversary Gift - Personalized Leather Tray with Date and Initials,,50.0,USD,,,,1318,False,,,,,,False,True,decorative-trays,https://www.etsy.com/listing/385709588/third-anniversary-gift-personalized,https://i.etsystatic.com/8477142/r/il/179acd/6063964613/il_340x270.6063964613_q8tu.jpg
etsy,,,"Personalized 10th Anniversary Gift, Aluminum Bowl Set, Hand made",,256.64,USD,,,,8046,True,,,,,,False,True,decorative-trays,https://www.etsy.com/listing/1402338044/personalized-10th-anniversary-gift,https://i.etsystatic.com/10794702/r/il/b63771/4671332111/il_340x270.4671332111_lil5.jpg
etsy,,,Cotton Anniversary Gift for Him • 2nd Anniversary Gifts for Men • Second Anniversary Gifts for Men • Custom Tray with your Words on COTTON,,99.0,USD,,,,6689,True,,,,,,False,True,decorative-trays,https://www.etsy.com/listing/623407905/cotton-anniversary-gift-for-him-2nd,https://i.etsystatic.com/8775058/r/il/95395f/4173611205/il_340x270.4173611205_49is.jpg
etsy,,,Large rectangular handmade concrete tray \| Minimalist decorative tray \| Modern catch-all tray \| Tray for jewelry or bathroom,,26.6,USD,,,,3538,True,,,,,,False,False,decorative-trays,https://www.etsy.com/listing/1258968710/large-rectangular-handmade-concrete-tray,https://i.etsystatic.com/25344249/r/il/80ed5a/4034591226/il_340x270.4034591226_fbsn.jpg
etsy,,,Custom Engraved Leather and Wood Desk Tray Organizer – 5th Anniversary Gift – Birthday or Housewarming or Wedding or Summer Gift Idea,,49.73,USD,,,,7073,False,,,,,,False,False,decorative-trays,https://www.etsy.com/listing/1743198732/custom-engraved-leather-and-wood-desk,https://i.etsystatic.com/16782045/r/il/424bdf/6200034563/il_340x270.6200034563_9h3e.jpg
etsy,,,Back to school decor- vintage style- vintage crayons- vintage tiered tray decor,,7.0,USD,,,,5684,True,,,,,,False,False,decorative-trays,https://www.etsy.com/listing/1280003701/back-to-school-decor-vintage-style,https://i.etsystatic.com/34800658/r/il/4770f9/4104868919/il_340x270.4104868919_98l0.jpg
etsy,,,Leather Desk Tray with Tooled Diamond Pattern,,65.0,USD,,,,1318,False,,,,,,False,True,decorative-trays,https://www.etsy.com/listing/201075614/leather-desk-tray-with-tooled-diamond,https://i.etsystatic.com/8477142/r/il/7854d3/7444504955/il_340x270.7444504955_qdem.jpg
etsy,,,"Personalized coaster set, home decor, wedding decor, housewarming gift, bridesmaid gifts, wedding favors, wedding gift, mother's day gift",,10.13,USD,13.51,25.0,,73930,True,,,,,,False,False,decorative-trays,https://www.etsy.com/listing/1329853476/personalized-coaster-set-home-decor,https://i.etsystatic.com/11739370/c/2400/1907/0/564/il/9f59a5/4391645851/il_340x270.4391645851_jhf0.jpg
etsy,,,Enamel Printed Tray - Vintage Colour Wheel \| Design-Led Gift for Home & Kitchen,,17.5,USD,,,,478,True,,,,,,False,False,decorative-trays,https://www.etsy.com/listing/1641071625/enamel-printed-tray-vintage-colour-wheel,https://i.etsystatic.com/36069358/r/il/090fd9/8015505450/il_340x270.8015505450_n7k1.jpg
etsy,,,Personalized Linen Tray • 4th Anniversary Gifts • Linen Anniversary Gift Ideas • Custom Catchall Tray with your Words on LINEN,,99.0,USD,,,,6689,True,,,,,,False,True,decorative-trays,https://www.etsy.com/listing/695415953/personalized-linen-tray-4th-anniversary,https://i.etsystatic.com/8775058/r/il/c3134e/1879363577/il_340x270.1879363577_4tky.jpg
etsy,,,Gathering basket,,359.0,USD,,,,105,True,,,,,,True,False,decorative-trays,https://www.etsy.com/listing/4353307180/turkish-gathering-basket,https://i.etsystatic.com/36577756/r/il/8ca581/7162590417/il_340x270.7162590417_2s0e.jpg
etsy,,,"William Morris Strawberry Thief Decorative Tray with Brass Handles, Coffee Table Tray, Ottoman Tray",,67.95,USD,,,,18420,True,,,,,,True,True,decorative-trays,https://www.etsy.com/listing/1582685668/william-morris-strawberry-thief,https://i.etsystatic.com/18829687/r/il/676d6a/5489302863/il_340x270.5489302863_o2tn.jpg
etsy,,,"Sardine Stamped Ceramic Platter, Blue Fish Stamped Tray, Handmade Coastal Serving Dish",,120.0,USD,,,,327,False,,,,,,True,False,decorative-trays,https://www.etsy.com/listing/4545042902/sardine-stamped-ceramic-platter-blue,https://i.etsystatic.com/14890216/r/il/cb266e/8352621819/il_340x270.8352621819_95bl.jpg
etsy,,,"Wood Stand for Rae Dunn Pie Plates 8""x4""x8"". Farmhouse riser, Wood stand, Farmhouse stand, Plate stand, Counter stand, Pottery stand",,22.0,USD,,,,5468,False,,,,,,False,True,decorative-trays,https://www.etsy.com/listing/647630589/wood-stand-for-rae-dunn-pie-plates-8x4x8,https://i.etsystatic.com/14364670/c/1093/868/82/91/il/9ddc0d/1635905628/il_340x270.1635905628_jywf.jpg
etsy,,,"Handcrafted Golden Marble Scalloped Decorative Tray - Carved Wavy Stone Jewelry & Perfume Organizer, Vintage Home Gift",,110.4,USD,138.0,20.0,,575,True,,,,,,False,True,decorative-trays,https://www.etsy.com/listing/4552405978/handcrafted-golden-marble-scalloped,https://i.etsystatic.com/50354994/r/il/8c0e8f/8405094525/il_340x270.8405094525_3vmv.jpg
etsy,,,Hand Carved Wood Pedestal Base Riser \| White Chippy Paint Display Stand (10 inch),,74.99,USD,,,,787,True,,,,,,False,True,decorative-trays,https://www.etsy.com/listing/907410255/hand-carved-wood-pedestal-riser-chippy,https://i.etsystatic.com/13398276/r/il/722246/8219408791/il_340x270.8219408791_49nj.jpg
etsy,,,Italian Leather Catchall Tray Set: Handmade Modern Minimal Nesting Trays,,43.2,USD,48.0,10.0,,1595,False,,,,,,False,True,decorative-trays,https://www.etsy.com/listing/1120443185/italian-leather-catchall-tray-set,https://i.etsystatic.com/24615733/r/il/7d9464/3513644891/il_340x270.3513644891_ez8k.jpg
etsy,,,Round Wood Tray / Black Walnut / Circle Coffee Table + Ottoman Tray / Charcuterie Board,,102.0,USD,,,,3736,True,,,,,,False,True,decorative-trays,https://www.etsy.com/listing/721335744/round-wood-tray-black-walnut-circle,https://i.etsystatic.com/13798470/r/il/9493cf/5261174930/il_340x270.5261174930_7506.jpg
etsy,,,Handmade Sunflower Polymer Clay Ring Dish: Floral Decor,,27.0,USD,31.04,13.0,,3212,False,,,,,,False,True,decorative-trays,https://www.etsy.com/listing/1095408983/handmade-sunflower-polymer-clay-ring,https://i.etsystatic.com/6964236/r/il/874d86/3370222296/il_340x270.3370222296_kwpe.jpg
etsy,,,"Personalized painted round plate, off white neutral cream trinket dish",,35.0,USD,,,,1126,False,,,,,,False,False,decorative-trays,https://www.etsy.com/listing/4353590303/personalized-painted-round-plate-off,https://i.etsystatic.com/7901302/r/il/15d629/7116276554/il_340x270.7116276554_egrz.jpg
etsy,,,"White/cream vintage inspired pedestal plate 8.25 inches Distressed finish,Pillar candle display, candleholder,display for greenery",,25.99,USD,,,,6145,True,,,,,,False,False,decorative-trays,https://www.etsy.com/listing/1167433835/whitecream-vintage-inspired-pedestal,https://i.etsystatic.com/12335930/c/2992/2244/0/0/il/c7339c/4586362406/il_340x270.4586362406_ok7f.jpg
etsy,,,"Personalized Hammered Iron Dish, 6th Anniversary Gift",,99.76,USD,,,,8046,True,,,,,,False,True,decorative-trays,https://www.etsy.com/listing/1398121779/personalized-hammered-iron-dish-6th,https://i.etsystatic.com/10794702/c/2470/1963/200/644/il/b2e4f3/4945439137/il_340x270.4945439137_gd6x.jpg
etsy,,,Handmade Montana Pottery Spoon Rest: Stoneware Trinket Dish,,29.99,USD,,,,1218,True,,,,,,False,True,decorative-trays,https://www.etsy.com/listing/1126744433/handmade-montana-pottery-spoon-rest,https://i.etsystatic.com/16756013/c/1144/910/185/87/il/8d6971/5023984446/il_340x270.5023984446_rsuv.jpg
etsy,,,"Handmade Navy Blue Floral Ceramic Tray, Trinket Dish, Appetizer Serving Dish",,49.0,USD,,,,353,True,,,,,,False,False,decorative-trays,https://www.etsy.com/listing/1856966168/navy-blue-ceramic-tray-vanity-tray,https://i.etsystatic.com/19038421/r/il/6384ba/6628898268/il_340x270.6628898268_7f0c.jpg
etsy,,,Handcrafted Calacatta Viola Marble Tray – Natural Stone Serving & Vanity Tray - Luxury Home Decor - Gift,,89.25,USD,119.0,25.0,,5,False,,,,,,False,True,decorative-trays,https://www.etsy.com/listing/4535270659/handcrafted-calacatta-viola-marble-tray,https://i.etsystatic.com/66392347/r/il/313ad8/8280290197/il_340x270.8280290197_rbi8.jpg
