date,keyword,total_listings,avg_price,median_price,total_daily_sales,total_daily_revenue,avg_rating,total_reviews,bestseller_count,ad_count,new_items_count,search_volume_index
2026-07-23,baby christmas gifts,289,19.363840830449824,15.95,11529.2,205597.77,4.703181818181818,1009961.0,88,49,0,60.2
2026-07-23,bulk christmas gifts,284,13.527394366197182,8.98,8645.1,113341.88,4.587313432835821,23020.0,47,45,0,60.8
2026-07-23,christmas,78,62.116666666666674,20.485,413.7,14013.35,4.683333333333334,195275.0,5,16,0,61.0
2026-07-23,christmas 2026,286,15.163601398601399,9.99,1196.4,18633.9,4.605309734513274,220869.0,16,30,0,58.4
2026-07-23,christmas cactus,283,24.43441696113074,19.99,1871.5,40873.1,4.278991596638655,636215.0,20,50,0,61.6
2026-07-23,christmas decor,261,47.32969348659004,19.97,2304.9,72987.68,4.5840764331210195,359054.0,20,36,0,61.2
2026-07-23,christmas decorations,117,67.97641025641026,24.99,3545.8999999999996,76099.64,4.54,231203.0,9,20,0,70.5
2026-07-23,christmas decorations 2026,239,18.205840336134454,11.99,1078.5,11935.8,4.5473684210526315,128366.0,14,31,0,62.3
2026-07-23,christmas decorations amazon,240,22.52154811715481,16.82,1388.3,22880.68,4.5112499999999995,139971.0,12,29,0,58.1
2026-07-23,christmas decorations clearance,176,19.66403409090909,10.57,2094.8,46231.520000000004,4.477611940298507,265697.0,23,28,0,66.5
2026-07-23,christmas decorations disneyland,294,37.37720279720279,17.99,837.7,34733.04,4.5323308270676685,67658.0,8,46,0,62.1
2026-07-23,christmas decorations ideas,136,29.922089552238806,14.690000000000001,1757.8,29425.39,4.484210526315789,62646.0,10,24,0,61.2
2026-07-23,christmas decorations indoor,136,35.09389705882353,18.645,1015.1,25820.7,4.495238095238095,160785.0,9,22,0,60.9
2026-07-23,christmas decorations near me,169,39.70918699186991,18.0,701.3,19521.27,4.506363636363636,127500.0,8,9,0,58.6
2026-07-23,christmas decorations nyc,296,19.437610921501708,15.0,866.8,20597.29,4.646099290780142,127855.0,12,33,0,61.1
2026-07-23,christmas decorations on sale,89,21.05962962962963,14.99,439.5,5580.7,4.504444444444444,67833.0,3,15,0,47.6
2026-07-23,christmas decorations outdoor,207,90.4908695652174,44.99,1555.7,132614.55,4.5552,272551.0,19,28,0,55.2
2026-07-23,christmas gift card book,248,16.768906882591093,12.99,952.0,16545.09,4.4445544554455445,96159.0,8,45,0,58.4
2026-07-23,christmas gifts,96,29.469516129032257,20.79,1141.0,20554.74,4.630909090909091,8570.0,2,5,0,65.5
2026-07-23,christmas gifts 2026,151,20.446875,12.99,591.1,2999.09,4.560824742268041,17837.0,2,17,0,48.8
2026-07-23,christmas gifts for coworkers,222,14.964279279279278,11.99,1662.7,27785.46,4.593,14707.0,16,31,0,62.6
2026-07-23,christmas gifts for girls,280,30.90725,19.994999999999997,8726.7,196130.98,4.629207920792079,384575.0,66,38,0,58.5
2026-07-23,christmas gifts for kids,195,37.28855670103093,19.99,9274.699999999999,160376.71,4.503370786516854,12691.0,35,29,0,58.1
2026-07-23,christmas gifts for men,276,32.9728,22.99,9990.5,210751.57,4.661194029850746,625552.0,71,43,0,62.1
2026-07-23,christmas gifts for mom,243,26.264279835390948,21.95,3382.4,82303.68000000001,4.744198895027624,600153.0,43,40,0,61.3
2026-07-23,christmas gifts for teen girls,229,19.488533333333333,15.0,7623.2,128469.06,4.648484848484848,597891.0,42,39,0,63.9
2026-07-23,christmas gifts for teens,134,17.76172932330827,13.99,3566.1,57491.86,4.587777777777777,89405.0,23,25,0,56.4
2026-07-23,christmas gifts for women,176,45.671079545454546,19.99,3702.8,92057.01,4.699107142857143,310015.0,37,16,0,62.1
2026-07-23,christmas gifts ideas,103,27.613883495145632,22.99,1642.1,41815.36,4.556410256410256,2967.0,14,13,0,61.4
2026-07-23,christmas in july,246,16.434816753926704,13.99,731.6999999999999,10076.02,4.5618181818181816,123270.0,5,46,0,58.3
2026-07-23,christmas island,196,44.269999999999996,15.105,996.4,24887.04,4.705,177256.0,20,33,0,62.4
2026-07-23,christmas lights,265,36.874,19.0,1439.0,48148.14,4.5640625,122563.0,17,44,0,58.3
2026-07-23,christmas movies,168,16.692091503267974,13.99,987.3,16296.05,4.762365591397849,229671.0,12,28,0,63.1
2026-07-23,christmas ornament,175,20.452261904761905,14.105,971.9,15702.29,4.681081081081081,389869.0,9,19,0,55.7
2026-07-23,christmas ornament crafts,268,17.9256015037594,12.99,486.7,7349.28,4.531034482758621,22275.0,0,39,0,59.0
2026-07-23,christmas ornament storage,144,27.56822695035461,17.89,1460.0,49900.95,4.529090909090909,9352.0,7,17,0,69.1
2026-07-23,christmas ornament storage box,276,45.35790441176471,30.015,2131.0,91302.12,4.623195876288659,352250.0,23,47,0,56.0
2026-07-23,christmas ornaments,74,17.53876712328767,12.59,150.4,2691.41,4.610256410256411,6762.0,0,7,0,62.1
2026-07-23,christmas ornaments 2026,143,17.587272727272726,11.05,781.8,10634.83,4.657692307692308,143558.0,9,13,0,59.3
2026-07-23,christmas ornaments clearance,170,10.4398224852071,7.7,435.2,4871.77,4.280232558139535,25776.0,4,17,0,63.0
2026-07-23,christmas ornaments near me,175,15.327109826589597,13.09,1197.0,17880.95,4.6646616541353385,208625.0,16,23,0,62.9
2026-07-23,christmas ornaments nyc,178,18.60887640449438,15.285,779.2,15786.68,4.698,184522.0,8,23,0,57.5
2026-07-23,christmas ornaments personalized,127,11.002357723577235,9.99,490.3,6401.76,4.534782608695652,100622.0,4,11,0,58.6
2026-07-23,christmas ornaments sale,123,21.51487804878049,9.99,379.6,5922.37,4.441666666666666,91580.0,5,22,0,55.9
2026-07-23,christmas ornaments set,192,41.979375,29.865000000000002,696.0,36509.75,4.63302752293578,67720.0,7,34,0,58.3
2026-07-23,christmas ornaments to make,122,18.439814814814813,13.99,447.3,6555.87,4.583582089552239,147287.0,3,24,0,55.3
2026-07-23,christmas pajamas,278,20.785,17.93,1785.7,38055.1,4.5848167539267015,422224.0,27,35,0,63.1
2026-07-23,christmas story,184,27.990609756097562,16.99,1062.7,35926.53,4.7910112359550565,269664.0,12,38,0,55.3
2026-07-23,christmas tree,248,227.86608163265308,107.99,485.7,127099.92,4.385950413223141,62787.0,1,33,0,53.7
2026-07-23,christmas vacation,130,36.19722222222222,12.969999999999999,378.4,6813.47,4.659574468085107,48552.0,4,13,0,60.6
2026-07-23,christmas vacation cast,187,40.4146408839779,18.74,1629.8,41912.19,4.817557251908397,386282.0,21,29,0,58.1
2026-07-23,christmas wrapping paper,291,16.491202749140893,14.99,3589.9,46619.13,4.707296137339055,699745.0,33,47,0,52.9
2026-07-23,clear christmas ornaments balls,263,23.913969465648854,18.560000000000002,1741.5,44202.840000000004,4.621608040201005,329711.0,28,37,0,59.4
2026-07-23,diamond art christmas ornaments,265,18.137622641509434,14.99,651.4,17465.59,4.545263157894737,188132.0,6,38,0,58.1
2026-07-23,grinch christmas decorations,251,53.193850000000005,22.145,1153.3,61705.57,4.611515151515151,291235.0,16,45,0,60.2
2026-07-23,nightmare before christmas,94,56.043297872340425,20.73,233.9,17035.120000000003,4.8047619047619055,20537.0,5,17,0,67.3
2026-07-23,nightmare before christmas gifts,290,31.29871527777778,19.244999999999997,845.2,23570.34,4.695804195804196,123658.0,4,45,0,54.9
2026-07-23,personalized christmas ornaments,35,12.019705882352941,9.99,97.7,1380.72,4.574074074074074,3735.0,0,0,0,63.4
2026-07-23,toddler christmas gifts,173,27.479432624113475,18.81,4362.3,56499.7,4.6530000000000005,180302.0,33,26,0,57.8
2026-07-23,vintage christmas ornaments,181,37.090614525139664,23.63,305.8,8146.53,4.477922077922078,11645.0,0,28,0,55.6
2026-07-24,baby christmas gifts,289,19.363840830449824,15.95,12519.8,221478.52,4.702272727272727,1010027.0,90,41,0,64.5
2026-07-24,bulk christmas gifts,284,13.527394366197184,8.98,9173.9,119172.94,4.588059701492537,23045.0,47,45,0,63.9
2026-07-24,christmas,78,62.116666666666674,20.485,463.8,15655.14,4.686111111111111,195288.0,5,13,0,67.2
2026-07-24,christmas 2026,286,15.163601398601399,9.99,1298.7,20568.99,4.605128205128205,221661.0,16,36,0,62.5
2026-07-24,christmas cactus,283,24.43441696113074,19.99,2025.7,43860.7,4.285833333333333,637744.0,20,50,0,65.9
2026-07-24,christmas decor,261,47.32969348659004,19.97,2531.2,79117.09,4.5855345911949685,359767.0,21,45,0,66.2
2026-07-24,christmas decorations,117,67.97641025641026,24.99,3585.2,79249.02,4.535,231224.0,9,14,0,71.2
2026-07-24,christmas decorations 2026,239,18.205840336134454,11.99,1175.9,13020.82,4.543478260869565,131444.0,14,38,0,67.0
2026-07-24,christmas decorations amazon,240,22.52154811715481,16.82,1575.5,25473.43,4.511515151515152,143494.0,12,33,0,64.5
2026-07-24,christmas decorations clearance,176,19.66403409090909,10.57,2288.3,50081.83,4.474074074074074,265736.0,23,35,0,71.7
2026-07-24,christmas decorations disneyland,294,37.37720279720279,17.99,892.7,36727.79,4.528888888888889,68198.0,10,36,0,65.6
2026-07-24,christmas decorations ideas,136,29.922089552238806,14.690000000000001,1853.3,31236.09,4.485416666666667,62671.0,11,22,0,64.0
2026-07-24,christmas decorations indoor,136,35.09389705882353,18.645,1137.0,28499.13,4.498412698412698,160793.0,10,15,0,67.0
2026-07-24,christmas decorations near me,169,39.70918699186992,18.0,772.4,22031.03,4.507207207207207,128486.0,8,10,0,63.6
2026-07-24,christmas decorations nyc,296,19.437610921501708,15.0,943.0,22076.54,4.640972222222222,127908.0,12,39,0,65.6
2026-07-24,christmas decorations on sale,89,21.05962962962963,14.99,499.7,6244.49,4.502127659574468,68601.0,3,20,0,52.8
2026-07-24,christmas decorations outdoor,207,90.4908695652174,44.99,1723.9,148279.81,4.566929133858268,273430.0,20,34,0,60.1
2026-07-24,christmas gift card book,248,16.768906882591093,12.99,1038.7,18189.43,4.453333333333333,97848.0,10,35,0,62.8
2026-07-24,christmas gifts,96,29.46951612903226,20.79,1219.3,21300.21,4.64,8573.0,2,9,0,69.3
2026-07-24,christmas gifts 2026,151,20.446875,12.99,670.4,3402.17,4.545,18225.0,2,16,0,54.0
2026-07-24,christmas gifts for coworkers,222,14.96427927927928,11.99,1793.1000000000001,30298.11,4.597087378640777,15251.0,18,32,0,66.7
2026-07-24,christmas gifts for girls,280,30.90725,19.994999999999997,9500.7,215479.3,4.625742574257425,384642.0,67,43,0,62.8
2026-07-24,christmas gifts for kids,195,37.28855670103093,19.99,9927.4,172701.57,4.503370786516854,12703.0,35,35,0,61.5
2026-07-24,christmas gifts for men,276,32.9728,22.99,10796.7,230045.81,4.663366336633663,625901.0,71,46,0,66.3
2026-07-24,christmas gifts for mom,243,26.264279835390948,21.95,3685.4,89163.64,4.745355191256831,601334.0,45,39,0,65.9
2026-07-24,christmas gifts for teen girls,229,19.488533333333333,15.0,8297.6,138821.52,4.652121212121212,597955.0,43,33,0,68.7
2026-07-24,christmas gifts for teens,134,17.76172932330827,13.99,3831.4,61752.86,4.594444444444444,89427.0,24,26,0,59.9
2026-07-24,christmas gifts for women,176,45.671079545454546,19.99,4158.5,102721.53,4.699115044247788,310262.0,39,25,0,68.5
2026-07-24,christmas gifts ideas,103,27.613883495145632,22.99,1766.1,44886.34,4.564102564102564,2971.0,14,23,0,65.3
2026-07-24,christmas in july,246,16.434816753926704,13.99,800.4,11035.14,4.566666666666666,123917.0,6,46,0,62.8
2026-07-24,christmas island,196,44.269999999999996,15.105,1072.5,26717.24,4.706024096385542,177449.0,19,33,0,66.4
2026-07-24,christmas lights,265,36.874,19.0,1612.2,50855.86,4.565116279069767,124074.0,22,50,0,64.1
2026-07-24,christmas movies,168,16.692091503267974,13.99,1068.0,17703.79,4.765263157894736,231171.0,14,30,0,67.4
2026-07-24,christmas ornament,175,20.452261904761905,14.105,1049.2,17006.3,4.682300884955753,390684.0,10,22,0,59.4
2026-07-24,christmas ornament crafts,268,17.9256015037594,12.99,534.3,8047.7,4.528099173553719,23047.0,2,40,0,63.8
2026-07-24,christmas ornament storage,144,27.56822695035461,17.89,1579.1,54450.159999999996,4.523214285714286,9418.0,8,21,0,73.9
2026-07-24,christmas ornament storage box,276,45.35790441176471,30.015,2273.7,97793.4,4.619796954314721,352676.0,24,49,0,59.0
2026-07-24,christmas ornaments,74,17.53876712328767,12.59,164.8,2994.17,4.607692307692307,6767.0,0,4,0,67.1
2026-07-24,christmas ornaments 2026,143,17.587272727272726,11.05,833.9,11256.69,4.66125,144169.0,9,11,0,62.6
2026-07-24,christmas ornaments clearance,170,10.4398224852071,7.7,460.90000000000003,5118.35,4.279310344827587,25804.0,4,16,0,66.1
2026-07-24,christmas ornaments near me,175,15.327109826589597,13.09,1292.8,19280.65,4.6589552238805965,208726.0,16,19,0,67.1
2026-07-24,christmas ornaments nyc,178,18.60887640449438,15.285,848.4,17079.66,4.702970297029703,184556.0,9,21,0,61.7
2026-07-24,christmas ornaments personalized,127,11.002357723577235,9.99,524.5,6748.070000000001,4.538947368421052,101618.0,4,10,0,62.0
2026-07-24,christmas ornaments sale,123,21.51487804878049,9.99,417.9,6560.66,4.422972972972973,91622.0,5,19,0,60.5
2026-07-24,christmas ornaments set,192,41.979375,29.865000000000002,753.9,38936.38,4.635135135135135,69150.0,7,30,0,62.3
2026-07-24,christmas ornaments to make,122,18.439814814814813,13.99,485.0,7153.2,4.584057971014493,147314.0,4,17,0,59.1
2026-07-24,christmas pajamas,278,20.785,17.93,1929.2,40310.06,4.5872448979591836,424544.0,27,30,0,67.4
2026-07-24,christmas story,184,27.990609756097562,16.99,1146.9,38019.04,4.786956521739131,270338.0,12,39,0,58.9
2026-07-24,christmas tree,248,227.86608163265308,107.99,528.0,136513.9,4.383606557377049,62834.0,1,30,0,57.5
2026-07-24,christmas vacation,130,36.19722222222222,12.969999999999999,404.3,7226.8,4.6625000000000005,48739.0,4,18,0,64.1
2026-07-24,christmas vacation cast,187,40.4146408839779,18.74,1786.2,46485.85,4.816417910447761,387689.0,22,37,0,62.7
2026-07-24,christmas wrapping paper,291,16.491202749140893,14.99,4037.1,52089.46,4.706751054852321,702156.0,36,51,0,58.3
2026-07-24,clear christmas ornaments balls,263,23.913969465648854,18.560000000000002,1910.9,48360.93,4.6182266009852215,329985.0,29,37,0,64.2
2026-07-24,diamond art christmas ornaments,265,18.137622641509434,14.99,707.7,20110.15,4.547916666666667,188155.0,6,34,0,62.3
2026-07-24,grinch christmas decorations,251,53.193850000000005,22.145,1250.2,66037.13,4.611242603550296,293648.0,17,46,0,64.4
2026-07-24,nightmare before christmas,94,56.043297872340425,20.73,248.4,18706.600000000002,4.7681818181818185,20558.0,5,22,0,70.9
2026-07-24,nightmare before christmas gifts,290,31.29871527777778,19.244999999999997,918.4,26047.53,4.698601398601398,123676.0,6,47,0,58.8
2026-07-24,personalized christmas ornaments,35,12.019705882352941,9.99,104.3,1480.77,4.5814814814814815,3739.0,0,2,0,67.0
2026-07-24,toddler christmas gifts,173,27.479432624113475,18.81,4806.9,63472.94,4.655882352941176,181334.0,34,27,0,62.6
2026-07-24,vintage christmas ornaments,181,37.090614525139664,23.63,336.0,9072.84,4.473076923076923,12150.0,0,25,0,60.1
2026-07-25,baby christmas gifts,289,19.363840830449824,15.95,14401.7,256035.44,4.700452488687783,1010345.0,92,39,0,72.7
2026-07-25,bulk christmas gifts,284,13.527394366197184,8.98,10693.3,140316.9,4.586666666666667,23822.0,48,37,0,72.8
2026-07-25,christmas,78,62.116666666666674,20.485,524.8,17912.9,4.6891891891891895,196697.0,5,13,0,74.7
2026-07-25,christmas 2026,286,15.163601398601399,9.99,1497.6,23764.15,4.600840336134453,221862.0,16,35,0,70.5
2026-07-25,christmas cactus,283,24.43441696113074,19.99,2295.7,48956.5,4.2867768595041325,637777.0,21,49,0,73.4
2026-07-25,christmas decor,261,47.32969348659004,19.97,2941.8,92336.19,4.585625,360085.0,23,41,0,75.3
2026-07-25,christmas decorations,117,67.97641025641026,24.99,4146.7,90512.57,4.536065573770491,231345.0,11,22,0,80.8
2026-07-25,christmas decorations 2026,239,18.205840336134454,11.99,1338.9,14839.02,4.548466257668712,133821.0,14,27,0,75.0
2026-07-25,christmas decorations amazon,240,22.52154811715481,16.82,1795.1,29450.93,4.508875739644971,144560.0,13,25,0,72.1
2026-07-25,christmas decorations clearance,176,19.66403409090909,10.57,2579.9,58422.49,4.473529411764706,266117.0,28,23,0,79.6
2026-07-25,christmas decorations disneyland,294,37.37720279720279,17.99,1019.1,41514.79,4.527142857142857,69082.0,10,48,0,73.4
2026-07-25,christmas decorations ideas,136,29.922089552238806,14.690000000000001,2153.5,36056.53,4.4875,62683.0,12,23,0,72.8
2026-07-25,christmas decorations indoor,136,35.09389705882353,18.645,1274.3,31689.28,4.503174603174603,160804.0,10,16,0,73.9
2026-07-25,christmas decorations near me,169,39.70918699186991,18.0,880.2,24470.36,4.509734513274337,129526.0,10,21,0,71.0
2026-07-25,christmas decorations nyc,296,19.437610921501708,15.0,1070.9,25503.61,4.638513513513513,128158.0,13,42,0,73.2
2026-07-25,christmas decorations on sale,89,21.05962962962963,14.99,590.9,7353.95,4.493617021276595,68610.0,4,15,0,60.6
2026-07-25,christmas decorations outdoor,207,90.4908695652174,44.99,1970.7,167048.05000000002,4.570992366412214,275452.0,22,34,0,67.3
2026-07-25,christmas gift card book,248,16.768906882591093,12.99,1220.7,21140.27,4.464545454545455,99109.0,11,36,0,72.0
2026-07-25,christmas gifts,96,29.469516129032257,20.79,1289.1000000000001,22163.02,4.632727272727273,8576.0,5,8,0,72.7
2026-07-25,christmas gifts 2026,151,20.446875,12.99,752.9,3891.1600000000003,4.540594059405941,18396.0,3,14,0,59.4
2026-07-25,christmas gifts for coworkers,222,14.964279279279278,11.99,2021.1,33548.67,4.601923076923077,15284.0,19,30,0,73.9
2026-07-25,christmas gifts for girls,280,30.90725,19.994999999999997,10798.0,244205.41,4.633497536945813,384746.0,69,45,0,70.0
2026-07-25,christmas gifts for kids,195,37.28855670103093,19.99,11653.7,200435.88999999998,4.507865168539325,12712.0,35,26,0,70.5
2026-07-25,christmas gifts for men,276,32.9728,22.99,12462.6,263211.63,4.666666666666667,627443.0,74,42,0,75.0
2026-07-25,christmas gifts for mom,243,26.264279835390948,21.95,4320.7,104643.65,4.740217391304348,601640.0,48,43,0,75.5
2026-07-25,christmas gifts for teen girls,229,19.488533333333333,15.0,9497.8,159835.13999999998,4.644578313253012,598399.0,46,32,0,77.2
2026-07-25,christmas gifts for teens,134,17.76172932330827,13.99,4503.2,72642.22,4.586666666666667,89447.0,25,21,0,68.6
2026-07-25,christmas gifts for women,176,45.671079545454546,19.99,4582.5,114642.38,4.6921739130434785,310606.0,41,26,0,74.4
2026-07-25,christmas gifts ideas,103,27.613883495145632,22.99,2013.8,50867.56,4.558974358974359,2974.0,14,15,0,73.0
2026-07-25,christmas in july,246,16.434816753926704,13.99,934.6999999999999,12972.42,4.552991452991454,125091.0,7,41,0,71.6
2026-07-25,christmas island,196,44.269999999999996,15.105,1224.9,30310.33,4.703529411764706,177834.0,22,31,0,74.4
2026-07-25,christmas lights,265,36.874,19.0,1841.9,59536.76,4.561832061068703,124952.0,24,47,0,71.8
2026-07-25,christmas movies,168,16.692091503267974,13.99,1225.7,20287.49,4.765263157894736,231208.0,16,27,0,75.9
2026-07-25,christmas ornament,175,20.452261904761905,14.105,1209.9,20142.760000000002,4.690434782608696,392330.0,10,20,0,67.0
2026-07-25,christmas ornament crafts,268,17.9256015037594,12.99,603.7,9210.11,4.525409836065574,23154.0,3,38,0,70.8
2026-07-25,christmas ornament storage,144,27.56822695035461,17.89,1743.8999999999999,59784.560000000005,4.524561403508772,9489.0,8,13,0,80.6
2026-07-25,christmas ornament storage box,276,45.35790441176471,30.015,2614.9,112675.68,4.605970149253731,353144.0,26,38,0,66.4
2026-07-25,christmas ornaments,74,17.53876712328767,12.59,188.4,3426.79,4.61,6773.0,0,7,0,75.2
2026-07-25,christmas ornaments 2026,143,17.587272727272726,11.05,988.4,13493.26,4.659036144578313,145998.0,9,15,0,72.3
2026-07-25,christmas ornaments clearance,170,10.4398224852071,7.7,536.5,6135.14,4.28876404494382,26781.0,4,27,0,75.4
2026-07-25,christmas ornaments near me,175,15.327109826589597,13.09,1464.5,21593.45,4.641958041958041,209785.0,18,18,0,74.7
2026-07-25,christmas ornaments nyc,178,18.60887640449438,15.285,968.9,19611.33,4.704854368932039,184598.0,10,20,0,69.1
2026-07-25,christmas ornaments personalized,127,11.002357723577235,9.99,605.3,7805.22,4.539583333333334,101705.0,5,7,0,70.0
2026-07-25,christmas ornaments sale,123,21.51487804878049,9.99,472.4,7311.32,4.4223684210526315,91754.0,6,20,0,67.1
2026-07-25,christmas ornaments set,192,41.979375,29.865000000000002,860.9,44619.55,4.632743362831858,69758.0,9,38,0,69.7
2026-07-25,christmas ornaments to make,122,18.439814814814813,13.99,545.4,8086.41,4.586956521739131,147327.0,6,20,0,65.2
2026-07-25,christmas pajamas,278,20.785,17.93,2203.0,46483.34,4.579396984924623,425886.0,27,37,0,75.5
2026-07-25,christmas story,184,27.990609756097562,16.99,1334.3,44015.11,4.788043478260869,270372.0,12,35,0,66.9
2026-07-25,christmas tree,248,227.86608163265308,107.99,619.0,161127.31,4.386290322580645,63516.0,1,31,0,65.7
2026-07-25,christmas vacation,130,36.19722222222222,12.969999999999999,456.1,8467.39,4.663265306122449,48823.0,4,21,0,71.0
2026-07-25,christmas vacation cast,187,40.4146408839779,18.74,1995.5,52021.28,4.819259259259259,389431.0,26,37,0,68.9
2026-07-25,christmas wrapping paper,291,16.491202749140893,14.99,4393.7,57034.75,4.7058333333333335,703851.0,37,51,0,62.5
2026-07-25,clear christmas ornaments balls,263,23.913969465648854,18.560000000000002,2221.4,55395.02,4.618932038834951,331097.0,31,33,0,73.0
2026-07-25,diamond art christmas ornaments,265,18.137622641509434,14.99,812.9,21682.05,4.555555555555555,189683.0,6,39,0,70.1
2026-07-25,grinch christmas decorations,251,53.193850000000005,22.145,1429.8,78765.85,4.6138728323699425,295814.0,19,43,0,72.2
2026-07-25,nightmare before christmas,94,56.043297872340425,20.73,277.1,19403.55,4.777272727272727,20570.0,5,15,0,77.9
2026-07-25,nightmare before christmas gifts,290,31.29871527777778,19.244999999999997,1048.4,29458.64,4.693197278911565,125669.0,8,47,0,65.7
2026-07-25,personalized christmas ornaments,35,12.019705882352941,9.99,117.7,1653.54,4.578571428571428,4255.0,0,2,0,74.3
2026-07-25,toddler christmas gifts,173,27.479432624113475,18.81,5461.9,71465.22,4.655339805825243,182075.0,34,25,0,69.8
2026-07-25,vintage christmas ornaments,181,37.090614525139664,23.63,379.1,10349.07,4.4759493670886075,12171.0,0,26,0,66.5
2026-07-26,baby christmas gifts,289,19.363840830449824,15.95,14946.0,263266.18,4.696846846846847,1010667.0,94,52,0,75.1
2026-07-26,bulk christmas gifts,284,13.527394366197184,8.98,11192.4,147140.11,4.579411764705882,24067.0,48,43,0,75.7
2026-07-26,christmas,78,62.116666666666674,20.485,542.0,18615.37,4.71025641025641,197087.0,5,12,0,76.9
2026-07-26,christmas 2026,286,15.163601398601399,9.99,1520.5,23932.78,4.604761904761905,223504.0,16,31,0,71.5
2026-07-26,christmas cactus,283,24.43441696113074,19.99,2383.2,50296.11,4.292800000000001,638663.0,22,46,0,75.8
2026-07-26,christmas decor,261,47.32969348659004,19.97,3004.4,98246.83,4.593292682926829,360959.0,23,47,0,76.7
2026-07-26,christmas decorations,117,67.97641025641026,24.99,4264.599999999999,94578.08,4.5393442622950815,231355.0,11,10,0,82.8
2026-07-26,christmas decorations 2026,239,18.205840336134454,11.99,1371.3,15172.119999999999,4.556024096385542,134066.0,14,34,0,76.5
2026-07-26,christmas decorations amazon,240,22.52154811715481,16.82,1848.6000000000001,29938.76,4.5120689655172415,146330.0,17,28,0,74.0
2026-07-26,christmas decorations clearance,176,19.66403409090909,10.57,2700.4,58159.85,4.484782608695652,266683.0,28,32,0,82.8
2026-07-26,christmas decorations disneyland,294,37.37720279720279,17.99,1056.9,44189.42,4.531468531468532,69201.0,13,41,0,75.8
2026-07-26,christmas decorations ideas,136,29.922089552238806,14.690000000000001,2153.9,37034.16,4.480208333333334,62711.0,12,18,0,72.8
2026-07-26,christmas decorations indoor,136,35.09389705882353,18.645,1297.0,32716.44,4.50625,161547.0,10,23,0,75.1
2026-07-26,christmas decorations near me,169,39.70918699186991,18.0,906.0,25420.17,4.511965811965812,129802.0,10,13,0,72.8
2026-07-26,christmas decorations nyc,296,19.437610921501708,15.0,1121.1,27219.46,4.636601307189542,128496.0,14,48,0,76.1
2026-07-26,christmas decorations on sale,89,21.05962962962963,14.99,600.2,7405.24,4.5,69095.0,4,16,0,61.4
2026-07-26,christmas decorations outdoor,207,90.4908695652174,44.99,2031.1,171661.04,4.541911764705882,275582.0,21,36,0,69.1
2026-07-26,christmas gift card book,248,16.768906882591093,12.99,1241.5,21562.46,4.45945945945946,99145.0,12,38,0,73.1
2026-07-26,christmas gifts,96,29.469516129032257,20.79,1382.1,23840.36,4.633333333333334,9168.0,5,5,0,77.3
2026-07-26,christmas gifts 2026,151,20.446875,12.99,785.9,4021.15,4.533333333333333,18419.0,4,20,0,61.6
2026-07-26,christmas gifts for coworkers,222,14.964279279279278,11.99,2096.6,35143.86,4.59047619047619,15344.0,19,37,0,76.3
2026-07-26,christmas gifts for girls,280,30.90725,19.994999999999997,11213.8,254587.55,4.6303921568627455,384875.0,70,40,0,72.3
2026-07-26,christmas gifts for kids,195,37.28855670103093,19.99,12132.4,207944.94,4.512222222222222,13167.0,35,35,0,73.0
2026-07-26,christmas gifts for men,276,32.9728,22.99,12881.9,272021.17,4.666829268292683,627695.0,74,41,0,77.1
2026-07-26,christmas gifts for mom,243,26.264279835390948,21.95,4346.6,106497.61,4.743478260869565,601705.0,48,43,0,75.9
2026-07-26,christmas gifts for teen girls,229,19.488533333333333,15.0,9693.1,162869.29,4.6491017964071855,598576.0,48,39,0,78.6
2026-07-26,christmas gifts for teens,134,17.76172932330827,13.99,4708.3,76108.43,4.587777777777777,89472.0,24,29,0,71.3
2026-07-26,christmas gifts for women,176,45.671079545454546,19.99,4838.2,119318.59,4.701739130434783,310645.0,40,24,0,78.0
2026-07-26,christmas gifts ideas,103,27.613883495145632,22.99,2057.3,52378.85,4.558974358974359,2979.0,14,19,0,74.4
2026-07-26,christmas in july,246,16.4348167539267,13.99,949.2,13054.78,4.549586776859504,125277.0,8,47,0,72.6
2026-07-26,christmas island,196,44.269999999999996,15.105,1269.4,31864.81,4.7046511627906975,178031.0,22,34,0,76.8
2026-07-26,christmas lights,265,36.874,19.0,1906.6,59537.04,4.5628787878787875,125548.0,26,43,0,74.0
2026-07-26,christmas movies,168,16.692091503267974,13.99,1257.6,21013.55,4.766666666666667,231434.0,16,27,0,77.6
2026-07-26,christmas ornament,175,20.452261904761905,14.105,1262.7,20475.37,4.687931034482758,392956.0,11,21,0,69.4
2026-07-26,christmas ornament crafts,268,17.9256015037594,12.99,628.4,9529.31,4.529032258064516,23303.0,2,38,0,73.3
2026-07-26,christmas ornament storage,144,27.56822695035461,17.89,1786.1000000000001,60753.71,4.520689655172413,9752.0,9,19,0,82.3
2026-07-26,christmas ornament storage box,276,45.35790441176471,30.015,2764.3,118690.01,4.609803921568627,353771.0,28,38,0,69.6
2026-07-26,christmas ornaments,74,17.53876712328767,12.59,193.9,3489.91,4.61219512195122,6792.0,1,8,0,77.1
2026-07-26,christmas ornaments 2026,143,17.587272727272726,11.05,1008.2,13596.31,4.651162790697675,148549.0,9,17,0,73.5
2026-07-26,christmas ornaments clearance,170,10.4398224852071,7.7,543.0,6058.66,4.29010989010989,27138.0,4,16,0,76.1
2026-07-26,christmas ornaments near me,175,15.327109826589597,13.09,1517.8999999999999,22715.77,4.638194444444444,209840.0,18,23,0,77.1
2026-07-26,christmas ornaments nyc,178,18.60887640449438,15.285,1011.2,20301.49,4.697222222222222,185014.0,12,19,0,71.7
2026-07-26,christmas ornaments personalized,127,11.002357723577235,9.99,626.0,8144.27,4.545918367346939,101867.0,5,8,0,72.1
2026-07-26,christmas ornaments sale,123,21.51487804878049,9.99,489.0,7683.6,4.422077922077922,93250.0,6,19,0,69.1
2026-07-26,christmas ornaments set,192,41.979375,29.865000000000002,896.2,47439.090000000004,4.6307017543859645,69809.0,12,35,0,72.1
2026-07-26,christmas ornaments to make,122,18.439814814814813,13.99,582.0,8474.45,4.580281690140845,147734.0,5,22,0,68.9
2026-07-26,christmas pajamas,278,20.785,17.93,2285.1,48095.86,4.5816831683168315,427128.0,27,40,0,77.9
2026-07-26,christmas story,184,27.990609756097562,16.99,1437.8,49408.34,4.789247311827958,270936.0,16,31,0,71.3
2026-07-26,christmas tree,248,227.86608163265308,107.99,638.0,167354.08000000002,4.384126984126984,63569.0,2,34,0,67.4
2026-07-26,christmas vacation,130,36.19722222222222,12.969999999999999,493.7,8635.01,4.669387755102041,48833.0,5,17,0,76.1
2026-07-26,christmas vacation cast,187,40.4146408839779,18.74,2127.9,54978.43,4.8130434782608695,392095.0,27,38,0,72.8
2026-07-26,christmas wrapping paper,291,16.491202749140893,14.99,4541.6,59813.6,4.709795918367347,706744.0,37,56,0,64.3
2026-07-26,clear christmas ornaments balls,263,23.913969465648854,18.560000000000002,2270.7,56687.12,4.6162679425837325,332209.0,31,36,0,74.4
2026-07-26,diamond art christmas ornaments,265,18.137622641509434,14.99,837.6,22463.08,4.551960784313725,189951.0,6,39,0,71.9
2026-07-26,grinch christmas decorations,251,53.193850000000005,22.145,1479.0,79047.92,4.616292134831461,297434.0,20,45,0,74.4
2026-07-26,nightmare before christmas,94,56.043297872340425,20.73,293.40000000000003,21387.39,4.7681818181818185,20576.0,6,16,0,81.9
2026-07-26,nightmare before christmas gifts,290,31.29871527777778,19.244999999999997,1100.5,31358.45,4.6926174496644295,126560.0,8,46,0,68.4
2026-07-26,personalized christmas ornaments,35,12.019705882352941,9.99,121.3,1708.85,4.586206896551724,4503.0,0,0,0,76.3
2026-07-26,toddler christmas gifts,173,27.479432624113475,18.81,5683.8,75964.46,4.657692307692307,182272.0,34,21,0,72.2
2026-07-26,vintage christmas ornaments,181,37.090614525139664,23.63,394.1,10725.14,4.491463414634146,12848.0,1,26,0,68.7
2026-07-27,baby christmas gifts,289,19.363840830449824,15.95,11182.4,198338.35,4.695535714285714,1011218.0,86,46,0,58.7
2026-07-27,bulk christmas gifts,284,13.527394366197184,8.98,8177.5,105991.15,4.590510948905109,24114.0,46,37,0,58.0
2026-07-27,christmas,78,62.116666666666674,20.485,399.09999999999997,13885.2,4.697435897435897,197096.0,5,14,0,59.2
2026-07-27,christmas 2026,286,15.163601398601399,9.99,1131.2,17104.52,4.60546875,223710.0,16,25,0,55.7
2026-07-27,christmas cactus,283,24.43441696113074,19.99,1780.6,38387.36,4.265384615384615,638994.0,20,45,0,59.1
2026-07-27,christmas decor,261,47.32969348659004,19.97,2287.0,73509.03,4.592727272727273,361977.0,20,40,0,60.8
2026-07-27,christmas decorations,117,67.97641025641026,24.99,3186.6000000000004,70886.33,4.542857142857143,232861.0,9,15,0,64.4
2026-07-27,christmas decorations 2026,239,18.205840336134454,11.99,1016.0,11378.36,4.550299401197605,134168.0,14,36,0,59.3
2026-07-27,christmas decorations amazon,240,22.52154811715481,16.82,1325.8,21952.75,4.515819209039548,146932.0,11,22,0,55.9
2026-07-27,christmas decorations clearance,176,19.66403409090909,10.57,1965.5,43292.17,4.472142857142857,267081.0,22,34,0,63.0
2026-07-27,christmas decorations disneyland,294,37.37720279720279,17.99,808.6,33326.65,4.528767123287672,70019.0,8,43,0,60.3
2026-07-27,christmas decorations ideas,136,29.922089552238806,14.690000000000001,1657.8,27902.86,4.485567010309278,62858.0,10,25,0,58.3
2026-07-27,christmas decorations indoor,136,35.09389705882353,18.645,975.0,24707.07,4.5,161556.0,9,17,0,58.9
2026-07-27,christmas decorations near me,169,39.70918699186992,18.0,680.9,19208.99,4.510924369747899,130448.0,8,12,0,57.2
2026-07-27,christmas decorations nyc,296,19.437610921501708,15.0,837.4,19847.27,4.638311688311688,129709.0,12,43,0,59.4
2026-07-27,christmas decorations on sale,89,21.05962962962963,14.99,470.5,5546.82,4.5,69864.0,3,15,0,50.3
2026-07-27,christmas decorations outdoor,207,90.4908695652174,44.99,1519.8,132606.03,4.542142857142857,276976.0,19,37,0,54.2
2026-07-27,christmas gift card book,248,16.768906882591093,12.99,943.2,16493.16,4.4619469026548675,99172.0,8,46,0,57.9
2026-07-27,christmas gifts,96,29.46951612903226,20.79,1053.6000000000001,18457.559999999998,4.6385964912280695,9172.0,2,6,0,61.3
2026-07-27,christmas gifts 2026,151,20.446875,12.99,605.2,3004.8,4.538679245283019,19552.0,2,15,0,49.7
2026-07-27,christmas gifts for coworkers,222,14.96427927927928,11.99,1554.6,25485.53,4.599082568807339,15481.0,16,32,0,59.1
2026-07-27,christmas gifts for girls,280,30.90725,19.994999999999997,8532.7,193814.17,4.6292682926829265,385012.0,64,39,0,57.4
2026-07-27,christmas gifts for kids,195,37.28855670103093,19.99,9238.6,158430.83,4.512222222222222,13177.0,35,26,0,58.0
2026-07-27,christmas gifts for men,276,32.9728,22.99,9537.4,200742.87,4.6640776699029125,628533.0,69,36,0,59.7
2026-07-27,christmas gifts for mom,243,26.264279835390948,21.95,3300.8,79607.8,4.744086021505376,602256.0,42,39,0,60.1
2026-07-27,christmas gifts for teen girls,229,19.488533333333333,15.0,7566.5,126257.27,4.647093023255814,600190.0,41,29,0,63.5
2026-07-27,christmas gifts for teens,134,17.76172932330827,13.99,3533.1,56605.4,4.594444444444444,89484.0,23,20,0,56.0
2026-07-27,christmas gifts for women,176,45.671079545454546,19.99,3622.2,89477.95,4.697391304347827,310673.0,36,22,0,60.9
2026-07-27,christmas gifts ideas,103,27.613883495145632,22.99,1600.5,40495.27,4.566666666666666,2980.0,14,20,0,60.1
2026-07-27,christmas in july,246,16.4348167539267,13.99,707.2,9808.970000000001,4.5512,127359.0,5,44,0,56.6
2026-07-27,christmas island,196,44.269999999999996,15.105,957.9,23611.15,4.705747126436782,178068.0,19,34,0,60.4
2026-07-27,christmas lights,265,36.874,19.0,1448.3,45758.71,4.556390977443609,125563.0,16,40,0,58.6
2026-07-27,christmas movies,168,16.692091503267974,13.99,935.6,15659.14,4.765656565656566,232228.0,12,29,0,60.3
2026-07-27,christmas ornament,175,20.452261904761905,14.105,966.3,15716.02,4.687179487179487,393064.0,9,19,0,55.5
2026-07-27,christmas ornament crafts,268,17.9256015037594,12.99,475.7,7130.04,4.533333333333333,23850.0,1,37,0,57.9
2026-07-27,christmas ornament storage,144,27.56822695035461,17.89,1411.7,48499.53,4.51896551724138,9759.0,6,13,0,67.1
2026-07-27,christmas ornament storage box,276,45.35790441176471,30.015,2043.5,87949.42,4.607246376811594,355073.0,22,42,0,54.1
2026-07-27,christmas ornaments,74,17.53876712328767,12.59,142.8,2531.86,4.609302325581395,7295.0,0,5,0,59.4
2026-07-27,christmas ornaments 2026,143,17.587272727272726,11.05,763.0,10502.36,4.651111111111112,149733.0,9,15,0,58.1
2026-07-27,christmas ornaments clearance,170,10.4398224852071,7.7,406.1,4370.51,4.297872340425532,28002.0,3,19,0,59.5
2026-07-27,christmas ornaments near me,175,15.327109826589597,13.09,1141.0,16865.61,4.644520547945206,210537.0,16,22,0,60.4
2026-07-27,christmas ornaments nyc,178,18.60887640449438,15.285,743.9,14989.18,4.698181818181817,185427.0,8,15,0,55.4
2026-07-27,christmas ornaments personalized,127,11.002357723577235,9.99,474.7,6194.37,4.5494949494949495,101965.0,4,9,0,57.1
2026-07-27,christmas ornaments sale,123,21.51487804878049,9.99,384.6,5946.44,4.4275,95208.0,5,20,0,56.5
2026-07-27,christmas ornaments set,192,41.979375,29.865000000000002,672.4,35627.9,4.6290598290598295,70357.0,7,34,0,56.6
2026-07-27,christmas ornaments to make,122,18.439814814814813,13.99,436.5,6346.28,4.564383561643836,148613.0,3,20,0,54.2
2026-07-27,christmas pajamas,278,20.785,17.93,1712.0,36060.17,4.582125603864735,430648.0,26,47,0,60.9
2026-07-27,christmas story,184,27.990609756097562,16.99,1066.6,36696.88,4.795833333333333,272307.0,12,39,0,55.5
2026-07-27,christmas tree,248,227.86608163265308,107.99,476.7,123646.34,4.386614173228347,63579.0,1,38,0,52.9
2026-07-27,christmas vacation,130,36.19722222222222,12.969999999999999,371.6,6484.18,4.656000000000001,49019.0,4,24,0,59.7
2026-07-27,christmas vacation cast,187,40.4146408839779,18.74,1578.4,39813.19,4.8202797202797205,396677.0,22,36,0,56.6
2026-07-27,christmas wrapping paper,291,16.491202749140893,14.99,3665.7,46214.92,4.710843373493976,708606.0,31,56,0,53.8
2026-07-27,clear christmas ornaments balls,263,23.913969465648854,18.560000000000002,1731.8,43424.7,4.610849056603773,333165.0,26,36,0,59.1
2026-07-27,diamond art christmas ornaments,265,18.137622641509434,14.99,637.3,16837.91,4.550980392156863,189962.0,6,39,0,57.1
2026-07-27,grinch christmas decorations,251,53.193850000000005,22.145,1121.3,58946.63,4.617204301075269,300559.0,16,45,0,58.8
2026-07-27,nightmare before christmas,94,56.043297872340425,20.73,226.0,15708.46,4.7681818181818185,20580.0,4,13,0,65.4
2026-07-27,nightmare before christmas gifts,290,31.29871527777778,19.244999999999997,822.4,22857.45,4.701315789473685,127456.0,4,48,0,53.7
2026-07-27,personalized christmas ornaments,35,12.019705882352941,9.99,94.4,1330.76,4.586206896551724,4504.0,0,0,0,61.6
2026-07-27,toddler christmas gifts,173,27.479432624113475,18.81,4280.6,56696.159999999996,4.658653846153846,182302.0,33,19,0,56.9
2026-07-27,vintage christmas ornaments,181,37.090614525139664,23.63,294.4,8027.42,4.504545454545454,13538.0,0,21,0,53.9
2026-07-28,baby christmas gifts,289,19.363840830449824,15.95,11587.8,206173.43,4.697333333333334,1011498.0,86,51,0,60.4
2026-07-28,bulk christmas gifts,284,13.527394366197184,8.98,8454.1,108944.73,4.584892086330935,25525.0,46,46,0,59.7
2026-07-28,christmas,78,62.116666666666674,20.485,404.5,14607.13,4.705128205128205,197102.0,5,13,0,59.9
2026-07-28,christmas 2026,286,15.163601398601399,9.99,1195.4,18627.23,4.606201550387597,223880.0,16,38,1,58.3
2026-07-28,christmas cactus,283,24.43441696113074,19.99,1847.1,39165.79,4.262686567164179,640497.0,20,46,1,61.0
2026-07-28,christmas decor,261,47.32969348659004,19.97,2357.1,77448.8,4.593413173652695,363525.0,21,43,0,62.3
2026-07-28,christmas decorations,117,67.97641025641026,24.99,3319.1,73789.07,4.5390625,232899.0,9,19,0,66.7
2026-07-28,christmas decorations 2026,239,18.205840336134454,11.99,1053.1,11684.95,4.550295857988166,134515.0,14,37,0,61.1
2026-07-28,christmas decorations amazon,240,22.52154811715481,16.82,1450.1,23867.75,4.508839779005525,148072.0,12,31,0,60.2
2026-07-28,christmas decorations clearance,176,19.66403409090909,10.57,2027.3,45258.42,4.4714285714285715,267116.0,21,27,0,64.7
2026-07-28,christmas decorations disneyland,294,37.37720279720279,17.99,821.3,33691.72,4.525490196078431,71224.0,9,43,0,61.1
2026-07-28,christmas decorations ideas,136,29.922089552238806,14.690000000000001,1735.4,29281.07,4.489690721649485,62869.0,10,22,0,60.6
2026-07-28,christmas decorations indoor,136,35.09389705882353,18.645,1043.8,26038.91,4.5125,161560.0,9,15,1,62.4
2026-07-28,christmas decorations near me,169,39.70918699186992,18.0,705.5,19995.48,4.506666666666666,130479.0,8,12,0,58.9
2026-07-28,christmas decorations nyc,296,19.437610921501708,15.0,858.0,20365.28,4.631481481481481,130413.0,11,46,1,60.6
2026-07-28,christmas decorations on sale,89,21.05962962962963,14.99,473.1,5855.62,4.506,69872.0,3,17,0,50.5
2026-07-28,christmas decorations outdoor,207,90.4908695652174,44.99,1612.5,138027.88,4.54375,278892.0,19,31,1,56.9
2026-07-28,christmas gift card book,248,16.768906882591093,12.99,993.1999999999999,17087.55,4.458620689655173,100765.0,8,36,2,60.5
2026-07-28,christmas gifts,96,29.46951612903226,20.79,1126.2,20230.77,4.635087719298245,9173.0,2,6,0,64.8
2026-07-28,christmas gifts 2026,151,20.446875,12.99,614.0,3155.6,4.537735849056604,19560.0,2,15,0,50.3
2026-07-28,christmas gifts for coworkers,222,14.96427927927928,11.99,1655.8,27596.28,4.6009090909090915,15503.0,17,34,1,62.3
2026-07-28,christmas gifts for girls,280,30.90725,19.994999999999997,8791.8,199662.44,4.627317073170731,385066.0,65,43,0,58.8
2026-07-28,christmas gifts for kids,195,37.28855670103093,19.99,9397.2,163956.25,4.5055555555555555,13189.0,35,34,0,58.8
2026-07-28,christmas gifts for men,276,32.9728,22.99,9913.0,211008.87,4.670192307692307,630333.0,69,46,0,61.7
2026-07-28,christmas gifts for mom,243,26.264279835390948,21.95,3413.4,82058.38,4.740860215053763,602308.0,42,32,0,61.8
2026-07-28,christmas gifts for teen girls,229,19.488533333333333,15.0,7557.6,127083.9,4.651149425287356,602484.0,42,42,0,63.4
2026-07-28,christmas gifts for teens,134,17.76172932330827,13.99,3685.1,58824.72,4.586666666666667,89500.0,23,19,0,57.9
2026-07-28,christmas gifts for women,176,45.671079545454546,19.99,3763.1,93261.06,4.697435897435898,311538.0,37,27,0,62.9
2026-07-28,christmas gifts ideas,103,27.613883495145632,22.99,1659.2,41740.27,4.553846153846154,2986.0,14,15,0,61.9
2026-07-28,christmas in july,246,16.4348167539267,13.99,745.5,10221.1,4.55891472868217,127394.0,5,45,0,59.2
2026-07-28,christmas island,196,44.269999999999996,15.105,994.4,24687.87,4.714606741573034,180490.0,19,37,0,62.3
2026-07-28,christmas lights,265,36.874,19.0,1457.0,45679.02,4.5600000000000005,126249.0,16,44,0,58.9
2026-07-28,christmas movies,168,16.692091503267974,13.99,968.5,16188.69,4.766666666666667,233489.0,13,31,0,62.1
2026-07-28,christmas ornament,175,20.452261904761905,14.105,982.5,15976.08,4.6795081967213115,393497.0,9,14,1,56.2
2026-07-28,christmas ornament crafts,268,17.9256015037594,12.99,492.6,7459.55,4.532824427480915,24611.0,1,46,0,59.6
2026-07-28,christmas ornament storage,144,27.56822695035461,17.89,1500.1000000000001,51556.13,4.51864406779661,9769.0,6,16,0,70.7
2026-07-28,christmas ornament storage box,276,45.35790441176471,30.015,2118.1,90323.69,4.606190476190476,355288.0,22,34,1,55.7
2026-07-28,christmas ornaments,74,17.53876712328767,12.59,151.2,2729.79,4.6045454545454545,7444.0,0,6,0,62.4
2026-07-28,christmas ornaments 2026,143,17.587272727272726,11.05,788.7,10701.55,4.648387096774194,150343.0,9,14,1,59.7
2026-07-28,christmas ornaments clearance,170,10.4398224852071,7.7,423.3,4906.57,4.29468085106383,28013.0,4,22,0,61.6
2026-07-28,christmas ornaments near me,175,15.327109826589597,13.09,1180.0,17335.26,4.637671232876713,210559.0,16,20,0,62.1
2026-07-28,christmas ornaments nyc,178,18.60887640449438,15.285,782.5,15479.789999999999,4.703571428571428,186739.0,8,19,0,57.7
2026-07-28,christmas ornaments personalized,127,11.002357723577235,9.99,484.7,6156.75,4.5504854368932035,102399.0,4,11,0,58.1
2026-07-28,christmas ornaments sale,123,21.51487804878049,9.99,397.3,6154.0,4.402439024390244,95470.0,5,18,0,58.0
2026-07-28,christmas ornaments set,192,41.979375,29.865000000000002,697.8,35963.65,4.624576271186441,70540.0,7,36,1,58.4
2026-07-28,christmas ornaments to make,122,18.439814814814813,13.99,454.6,6668.84,4.564864864864865,148663.0,3,21,0,56.0
2026-07-28,christmas pajamas,278,20.785,17.93,1784.7,37654.92,4.584360189573459,431631.0,26,38,1,63.1
2026-07-28,christmas story,184,27.990609756097562,16.99,1088.4,35237.59,4.792857142857143,272522.0,12,35,0,56.4
2026-07-28,christmas tree,248,227.86608163265308,107.99,499.8,127834.02,4.381538461538462,65227.0,1,40,0,55.0
2026-07-28,christmas vacation,130,36.19722222222222,12.969999999999999,377.2,6690.44,4.6568627450980395,49070.0,4,21,0,60.5
2026-07-28,christmas vacation cast,187,40.4146408839779,18.74,1664.0,42788.33,4.817687074829932,399350.0,21,34,0,59.1
2026-07-28,christmas wrapping paper,291,16.491202749140893,14.99,3585.5,46787.51,4.709842519685039,709240.0,31,54,0,52.9
2026-07-28,clear christmas ornaments balls,263,23.913969465648854,18.560000000000002,1763.9,44267.03,4.615813953488372,335061.0,27,31,0,60.0
2026-07-28,diamond art christmas ornaments,265,18.137622641509434,14.99,641.4,16865.43,4.5046728971962615,190454.0,6,40,2,57.4
2026-07-28,grinch christmas decorations,251,53.193850000000005,22.145,1165.2,61666.11,4.624736842105263,301214.0,16,48,1,60.7
2026-07-28,nightmare before christmas,94,56.043297872340425,20.73,220.9,16286.76,4.778260869565218,20665.0,4,12,0,64.1
2026-07-28,nightmare before christmas gifts,290,31.29871527777778,19.244999999999997,857.8,24238.03,4.698089171974522,128859.0,6,49,1,55.5
2026-07-28,personalized christmas ornaments,35,12.019705882352941,9.99,97.4,1372.1399999999999,4.593103448275862,4507.0,0,0,0,63.2
2026-07-28,toddler christmas gifts,173,27.479432624113475,18.81,4399.5,57267.12,4.654716981132076,183375.0,33,26,0,58.2
2026-07-28,vintage christmas ornaments,181,37.090614525139664,23.63,306.8,8424.75,4.501111111111111,13557.0,0,26,1,55.7
2026-07-29,baby christmas gifts,289,19.344636678200693,15.95,12032.3,213196.99,4.7017699115044245,1011974.0,87,46,0,62.4
2026-07-29,bulk christmas gifts,284,13.43355633802817,8.975000000000001,9248.4,120389.11,4.58273381294964,25548.0,47,40,0,64.3
2026-07-29,christmas,78,62.116666666666674,20.485,425.1,15186.960000000001,4.71025641025641,197113.0,5,16,0,62.4
2026-07-29,christmas 2026,286,15.163601398601399,9.99,1260.9,19465.65,4.598461538461538,223957.0,16,26,4,61.0
2026-07-29,christmas cactus,283,24.371166077738515,19.99,1890.0,40243.21,4.261313868613138,640937.0,20,42,1,62.2
2026-07-29,christmas decor,261,47.29,18.99,2430.3,80049.9,4.58452380952381,363737.0,21,49,0,63.9
2026-07-29,christmas decorations,117,67.76205128205127,24.99,3422.6,77281.19,4.542424242424243,233023.0,9,19,1,68.4
2026-07-29,christmas decorations 2026,239,18.181050420168066,11.99,1126.9,12504.66,4.555294117647058,134709.0,14,41,0,64.7
2026-07-29,christmas decorations amazon,240,22.479748953974894,16.82,1557.6,24982.58,4.509729729729729,150393.0,12,26,0,63.9
2026-07-29,christmas decorations clearance,176,19.636647727272727,10.57,2184.2,47083.770000000004,4.474825174825175,267340.0,22,32,0,68.9
2026-07-29,christmas decorations disneyland,294,37.35087412587413,17.99,870.4,35895.060000000005,4.523899371069182,71809.0,9,46,0,64.2
2026-07-29,christmas decorations ideas,136,29.922089552238806,14.690000000000001,1742.6,30651.11,4.485567010309278,62883.0,10,15,0,60.8
2026-07-29,christmas decorations indoor,136,35.021470588235296,18.645,1037.6,26135.26,4.510606060606061,161884.0,9,20,2,62.0
2026-07-29,christmas decorations near me,169,39.675203252032524,17.99,736.6,20607.05,4.50327868852459,131888.0,8,20,0,61.1
2026-07-29,christmas decorations nyc,296,19.437610921501708,15.0,917.8,21677.12,4.626380368098159,130440.0,12,44,1,64.2
2026-07-29,christmas decorations on sale,89,20.92814814814815,14.0,498.2,6063.2300000000005,4.492,69877.0,3,15,0,52.6
2026-07-29,christmas decorations outdoor,207,90.1659420289855,44.99,1717.5,146811.62,4.5476190476190474,279654.0,18,35,1,59.9
2026-07-29,christmas gift card book,248,16.684331983805667,12.99,1059.5,18099.420000000002,4.4452991452991455,100812.0,10,43,3,63.8
2026-07-29,christmas gifts,96,29.46951612903226,20.79,1188.5,21707.32,4.6385964912280695,9175.0,2,12,0,67.8
2026-07-29,christmas gifts 2026,151,20.446875,12.99,650.0,3283.3,4.537383177570093,19981.0,2,17,0,52.7
2026-07-29,christmas gifts for coworkers,222,14.950135135135135,11.99,1712.8,28378.2,4.60625,16975.0,17,38,1,64.1
2026-07-29,christmas gifts for girls,280,30.879250000000003,19.994999999999997,9281.4,210482.22,4.631067961165049,386510.0,67,42,0,61.6
2026-07-29,christmas gifts for kids,195,37.28855670103093,19.99,9802.6,169503.57,4.51,13202.0,35,33,0,60.9
2026-07-29,christmas gifts for men,276,32.8936,22.99,10738.6,222534.02,4.664761904761905,630958.0,70,37,0,66.0
2026-07-29,christmas gifts for mom,243,26.264279835390948,21.95,3590.3,86407.33,4.746875,603929.0,43,38,0,64.5
2026-07-29,christmas gifts for teen girls,229,19.488533333333333,15.0,7963.1,136816.49,4.65,602530.0,43,34,0,66.3
2026-07-29,christmas gifts for teens,134,17.76172932330827,13.99,3857.2,61847.12,4.5978021978021975,89861.0,24,15,0,60.2
2026-07-29,christmas gifts for women,176,45.671079545454546,19.99,3855.0,94946.5,4.6881355932203395,311751.0,38,24,0,64.2
2026-07-29,christmas gifts ideas,103,27.35650485436893,22.99,1710.2,42959.53,4.558974358974359,2992.0,14,16,0,63.5
2026-07-29,christmas in july,246,16.422931937172773,13.99,778.5,10808.9,4.562222222222222,127633.0,6,45,0,61.3
2026-07-29,christmas island,196,44.218333333333334,15.105,1033.7,25855.9,4.712359550561798,180513.0,18,34,0,64.4
2026-07-29,christmas lights,265,36.84977358490566,19.0,1550.9,49884.43,4.560583941605839,127517.0,17,45,0,62.0
2026-07-29,christmas movies,168,16.692091503267974,13.99,1005.6,16813.89,4.76116504854369,234144.0,12,26,0,64.1
2026-07-29,christmas ornament,175,20.452261904761905,14.105,1026.8,16742.69,4.679838709677419,393642.0,9,19,2,58.3
2026-07-29,christmas ornament crafts,268,17.925375939849623,12.99,512.2,7750.35,4.5360902255639095,25309.0,0,37,0,61.6
2026-07-29,christmas ornament storage,144,27.56822695035461,17.89,1452.6,49641.26,4.51864406779661,9780.0,6,21,0,68.8
2026-07-29,christmas ornament storage box,276,45.28176470588235,30.015,2273.7,96460.34,4.607042253521127,355768.0,24,38,1,59.0
2026-07-29,christmas ornaments,74,17.46931506849315,12.59,158.4,2815.44,4.611363636363636,7448.0,0,3,0,64.9
2026-07-29,christmas ornaments 2026,143,17.5213986013986,11.05,845.4,11557.43,4.647916666666666,150812.0,9,15,1,63.3
2026-07-29,christmas ornaments clearance,170,10.437396449704142,7.7,442.7,4832.63,4.288541666666666,28573.0,3,25,2,63.9
2026-07-29,christmas ornaments near me,175,15.169942196531792,12.99,1217.8,18024.56,4.642567567567568,210642.0,16,19,0,63.8
2026-07-29,christmas ornaments nyc,178,18.474606741573034,15.129999999999999,825.2,16448.75,4.697391304347827,188872.0,9,25,0,60.3
2026-07-29,christmas ornaments personalized,127,11.002357723577235,9.99,511.6,6718.46,4.554807692307692,102556.0,4,12,0,60.8
2026-07-29,christmas ornaments sale,123,21.487398373983737,9.99,415.7,6521.04,4.407317073170732,95479.0,5,16,0,60.2
2026-07-29,christmas ornaments set,192,41.861875,29.865000000000002,730.4,37667.98,4.627419354838709,70745.0,7,41,6,60.6
2026-07-29,christmas ornaments to make,122,18.375092592592594,13.99,483.7,7061.96,4.5519480519480515,148761.0,5,18,0,59.0
2026-07-29,christmas pajamas,278,20.730359712230214,17.805,1863.1,38699.5,4.583568075117371,433253.0,27,46,1,65.4
2026-07-29,christmas story,184,27.98054878048781,16.99,1154.4,37558.32,4.783168316831683,274567.0,13,34,0,59.2
2026-07-29,christmas tree,248,227.60004081632653,107.99,514.5,128927.76000000001,4.384732824427481,65426.0,1,41,0,56.3
2026-07-29,christmas vacation,130,35.69976190476191,12.969999999999999,403.4,7509.93,4.6568627450980395,49087.0,4,16,0,64.0
2026-07-29,christmas vacation cast,187,40.341878453038674,18.74,1746.1,44845.92,4.818791946308725,399856.0,21,36,0,61.5
2026-07-29,christmas wrapping paper,291,16.456013745704468,14.99,3970.1,49709.7,4.708235294117647,709436.0,35,55,1,57.5
2026-07-29,clear christmas ornaments balls,263,23.897480916030535,18.560000000000002,1857.5,46724.34,4.609174311926606,335252.0,29,30,0,62.7
2026-07-29,diamond art christmas ornaments,265,18.093811320754714,14.99,680.1,18161.31,4.511818181818182,190736.0,6,41,6,60.3
2026-07-29,grinch christmas decorations,251,53.1782,22.145,1203.2,63044.23,4.620833333333334,301406.0,16,36,1,62.4
2026-07-29,nightmare before christmas,94,55.117446808510635,20.73,241.9,17996.67,4.77391304347826,20669.0,5,16,0,69.3
2026-07-29,nightmare before christmas gifts,290,31.274652777777778,19.244999999999997,890.5,24783.14,4.705031446540881,129369.0,4,51,2,57.3
2026-07-29,personalized christmas ornaments,35,11.933529411764706,9.99,103.0,1444.06,4.593333333333334,4512.0,0,1,1,66.3
2026-07-29,toddler christmas gifts,173,27.44035460992908,18.81,4697.4,60969.42,4.651401869158878,183972.0,34,22,0,61.4
2026-07-29,vintage christmas ornaments,181,36.98335195530726,23.6,328.0,8782.37,4.49578947368421,14329.0,0,27,1,58.9
2026-07-30,baby christmas gifts,289,19.298719723183392,15.82,12806.2,225631.23,4.702202643171806,1013336.0,88,57,0,65.8
2026-07-30,bulk christmas gifts,284,13.430669014084506,8.975000000000001,9569.9,124086.79000000001,4.587857142857143,25587.0,47,49,0,66.2
2026-07-30,christmas,78,61.84602564102564,20.485,441.8,16005.53,4.715,197123.0,5,16,0,64.5
2026-07-30,christmas 2026,286,15.14325174825175,9.99,1320.4,20664.17,4.603676470588235,226360.0,16,22,7,63.4
2026-07-30,christmas cactus,283,24.364098939929328,19.99,2022.5,43427.37,4.262589928057554,641055.0,20,51,1,65.8
2026-07-30,christmas decor,261,47.221839080459766,18.99,2528.2,81334.39,4.584705882352941,364196.0,21,36,0,66.1
2026-07-30,christmas decorations,117,65.61974358974359,24.99,3673.8999999999996,83422.02,4.554411764705883,233462.0,9,17,1,72.7
2026-07-30,christmas decorations 2026,239,18.166008403361346,11.545,1168.6,12938.05,4.548,135267.0,14,38,0,66.7
2026-07-30,christmas decorations amazon,240,22.43020920502092,16.82,1596.6,26016.11,4.505789473684211,151698.0,12,28,0,65.3
2026-07-30,christmas decorations clearance,176,19.612272727272728,10.57,2242.8,49027.83,4.466666666666667,268749.0,23,26,0,70.5
2026-07-30,christmas decorations disneyland,294,37.23398601398601,17.99,909.1,36177.51,4.52283950617284,71918.0,10,43,0,66.6
2026-07-30,christmas decorations ideas,136,29.892761194029852,14.690000000000001,1861.3999999999999,32390.76,4.485858585858586,63557.0,11,24,0,64.3
2026-07-30,christmas decorations indoor,136,34.98558823529412,18.25,1103.7,27943.25,4.519402985074627,162698.0,10,24,2,65.4
2026-07-30,christmas decorations near me,169,39.17479674796748,17.99,768.4,21844.25,4.508943089430894,132112.0,8,18,0,63.3
2026-07-30,christmas decorations nyc,296,19.398668941979523,15.0,950.3,22182.09,4.615384615384615,131123.0,12,40,1,66.1
2026-07-30,christmas decorations on sale,89,20.92814814814815,14.0,517.1,6360.41,4.509803921568627,69913.0,4,16,0,54.3
2026-07-30,christmas decorations outdoor,207,90.05700483091788,44.99,1819.9,150861.41,4.5453947368421055,281145.0,19,35,2,62.9
2026-07-30,christmas gift card book,248,16.674655870445346,12.99,1091.5,18483.12,4.447899159663865,100986.0,10,35,4,65.5
2026-07-30,christmas gifts,96,28.828548387096777,20.79,1172.8,21199.77,4.635087719298245,9177.0,2,11,0,67.1
2026-07-30,christmas gifts 2026,151,20.358375000000002,12.905000000000001,686.6,3486.7,4.541121495327102,19989.0,2,17,0,55.1
2026-07-30,christmas gifts for coworkers,222,14.950135135135135,11.99,1754.2,28947.670000000002,4.60353982300885,16995.0,16,32,1,65.4
2026-07-30,christmas gifts for girls,280,30.850035714285713,19.994999999999997,9579.6,215828.28,4.628571428571429,388712.0,67,41,0,63.2
2026-07-30,christmas gifts for kids,195,37.04077319587629,19.99,10391.9,176623.58000000002,4.512087912087912,13385.0,35,35,0,63.9
2026-07-30,christmas gifts for men,276,32.85905454545455,22.99,11008.2,228319.04,4.668396226415094,631688.0,71,37,0,67.4
2026-07-30,christmas gifts for mom,243,26.264279835390948,21.95,3707.3,89399.81,4.747150259067357,604012.0,43,31,0,66.2
2026-07-30,christmas gifts for teen girls,229,19.476177777777778,15.0,8270.5,141597.65,4.650279329608939,604291.0,42,38,0,68.5
2026-07-30,christmas gifts for teens,134,17.76172932330827,13.99,3998.2999999999997,63577.66,4.593406593406593,89886.0,24,19,0,62.0
2026-07-30,christmas gifts for women,176,45.494772727272725,19.99,4071.5,100950.07,4.690756302521009,312181.0,37,29,0,67.3
2026-07-30,christmas gifts ideas,103,27.241941747572817,22.99,1792.6,44752.93,4.553846153846154,2996.0,14,20,0,66.1
2026-07-30,christmas in july,246,16.406910994764395,13.79,819.1,11305.38,4.551428571428572,127750.0,6,49,0,64.0
2026-07-30,christmas island,196,44.218333333333334,15.105,1098.5,27819.66,4.717582417582418,182029.0,19,38,0,67.8
2026-07-30,christmas lights,265,36.8331320754717,19.0,1607.2,50976.31,4.562043795620438,127537.0,20,46,0,63.9
2026-07-30,christmas movies,168,16.622941176470587,13.99,1076.1,17308.29,4.764077669902912,234177.0,13,21,0,67.8
2026-07-30,christmas ornament,175,20.452261904761905,14.105,1073.1,17508.88,4.675590551181102,394429.0,9,20,2,60.5
2026-07-30,christmas ornament crafts,268,17.866353383458645,12.99,536.6,8114.32,4.538970588235294,26486.0,1,40,0,64.0
2026-07-30,christmas ornament storage,144,27.546028368794328,17.89,1550.2,53250.56,4.52,9858.0,6,16,0,72.7
2026-07-30,christmas ornament storage box,276,45.237830882352945,30.015,2358.7,99932.01,4.5995348837209304,356750.0,23,40,1,60.9
2026-07-30,christmas ornaments,74,17.430136986301367,12.59,164.6,2863.9,4.6000000000000005,7456.0,0,4,0,67.0
2026-07-30,christmas ornaments 2026,143,17.514195804195804,11.05,867.5,11754.83,4.648453608247422,150996.0,9,13,2,64.7
2026-07-30,christmas ornaments clearance,170,10.425798816568047,7.7,464.6,5062.39,4.265656565656566,28952.0,3,22,2,66.6
2026-07-30,christmas ornaments near me,175,15.138959537572255,12.99,1284.5,18862.75,4.6322368421052635,213418.0,16,24,0,66.8
2026-07-30,christmas ornaments nyc,178,18.452134831460675,14.995000000000001,859.8,17036.19,4.700854700854701,189387.0,9,18,0,62.4
2026-07-30,christmas ornaments personalized,127,11.002357723577235,9.99,523.5,6471.55,4.551428571428572,103071.0,4,12,0,61.9
2026-07-30,christmas ornaments sale,123,21.463414634146343,9.99,429.0,6734.34,4.373809523809523,95857.0,5,15,0,61.8
2026-07-30,christmas ornaments set,192,41.861875,29.865000000000002,760.0,39263.36,4.623809523809524,70782.0,7,33,7,62.7
2026-07-30,christmas ornaments to make,122,18.375092592592594,13.99,500.3,7204.93,4.555,150452.0,4,25,0,60.6
2026-07-30,christmas pajamas,278,20.711690647482015,17.549999999999997,1902.5,39663.01,4.583333333333333,434597.0,27,38,1,66.6
2026-07-30,christmas story,184,27.934451219512194,16.99,1210.7,39039.020000000004,4.784905660377358,276611.0,13,38,1,61.6
2026-07-30,christmas tree,248,227.55208163265306,107.99,549.9,136251.59,4.382835820895522,67140.0,1,48,0,59.5
2026-07-30,christmas vacation,130,35.69976190476191,12.969999999999999,415.2,7545.17,4.6568627450980395,49097.0,4,18,0,65.6
2026-07-30,christmas vacation cast,187,40.341878453038674,18.74,1803.8999999999999,45805.14,4.816778523489933,399889.0,22,40,0,63.2
2026-07-30,christmas wrapping paper,291,16.39718213058419,14.99,4164.1,52346.33,4.710188679245284,712451.0,37,48,3,59.8
2026-07-30,clear christmas ornaments balls,263,23.862595419847327,18.560000000000002,1926.0,48129.52,4.60814479638009,336332.0,29,32,0,64.6
2026-07-30,diamond art christmas ornaments,265,18.059698113207546,14.99,709.0,18762.07,4.511206896551724,191632.0,6,44,9,62.4
2026-07-30,grinch christmas decorations,251,53.076449999999994,22.145,1262.0,66654.64,4.624,303879.0,16,45,1,64.9
2026-07-30,nightmare before christmas,94,55.10702127659575,20.73,241.79999999999998,17289.91,4.7625,21623.0,4,15,0,69.2
2026-07-30,nightmare before christmas gifts,290,31.235729166666665,18.99,955.9,26376.77,4.694578313253012,131568.0,7,43,3,60.7
2026-07-30,personalized christmas ornaments,35,11.933529411764706,9.99,104.2,1456.81,4.606451612903226,4520.0,0,3,2,66.9
2026-07-30,toddler christmas gifts,173,27.428652482269506,18.81,4839.7,63615.44,4.651376146788991,185010.0,33,29,0,63.0
2026-07-30,vintage christmas ornaments,181,36.93536312849162,23.6,343.0,9210.67,4.487878787878788,15374.0,0,26,2,61.1
2026-07-31,baby christmas gifts,289,19.270034602076123,15.4,13829.2,241725.84,4.7013215859030835,1013418.0,90,50,0,70.2
2026-07-31,bulk christmas gifts,284,13.430669014084506,8.975000000000001,10381.7,135630.33000000002,4.585714285714285,25610.0,48,38,0,71.0
2026-07-31,christmas,78,61.44282051282051,20.485,493.9,17806.13,4.7,197139.0,5,13,0,70.9
2026-07-31,christmas 2026,286,15.113916083916084,9.99,1431.0,22338.75,4.596323529411765,226389.0,16,33,7,67.8
2026-07-31,christmas cactus,283,24.365653710247347,19.99,2173.2,46374.5,4.259712230215827,641091.0,21,44,1,70.0
2026-07-31,christmas decor,261,47.24846743295019,19.97,2851.0,91183.39,4.581764705882353,364232.0,21,46,1,73.3
2026-07-31,christmas decorations,117,65.60666666666667,24.99,4008.5,91592.56999999999,4.5588235294117645,233484.0,10,15,1,78.4
2026-07-31,christmas decorations 2026,239,18.10768907563025,11.004999999999999,1280.9,14152.8,4.550285714285714,135298.0,14,27,0,72.1
2026-07-31,christmas decorations amazon,240,22.35987447698745,16.0,1717.1,27642.29,4.50421052631579,151730.0,14,28,0,69.4
2026-07-31,christmas decorations clearance,176,19.562272727272727,10.57,2426.4,53205.020000000004,4.461904761904762,268784.0,24,30,0,75.4
2026-07-31,christmas decorations disneyland,294,37.19646853146853,17.99,995.7,38499.14,4.524074074074074,71937.0,11,50,0,72.0
2026-07-31,christmas decorations ideas,136,29.82358208955224,14.690000000000001,2043.4,35338.75,4.486868686868687,63584.0,11,21,0,69.6
2026-07-31,christmas decorations indoor,136,34.81345588235294,18.25,1255.9,30790.84,4.522388059701493,162710.0,10,17,2,73.0
2026-07-31,christmas decorations near me,169,39.20878048780488,18.0,846.6,23658.48,4.507317073170731,132137.0,8,10,0,68.7
2026-07-31,christmas decorations nyc,296,19.377201365187716,15.0,1044.7,24695.94,4.61775147928994,131155.0,14,34,1,71.6
2026-07-31,christmas decorations on sale,89,20.92814814814815,14.0,595.9,7096.54,4.5,69922.0,4,16,0,61.0
2026-07-31,christmas decorations outdoor,207,89.26434782608696,44.99,2006.9,166247.67,4.547712418300654,281182.0,20,37,4,68.4
2026-07-31,christmas gift card book,248,16.650890688259107,12.99,1145.8,19599.73,4.453781512605042,101002.0,11,37,4,68.2
2026-07-31,christmas gifts,96,28.828548387096777,20.79,1344.2,24290.71,4.637931034482759,9189.0,3,11,1,75.4
2026-07-31,christmas gifts 2026,151,20.358375000000002,12.905000000000001,765.4,3800.73,4.534579439252337,19995.0,2,14,0,60.3
2026-07-31,christmas gifts for coworkers,222,14.882117117117117,11.99,1910.3,31033.51,4.605309734513274,17022.0,18,40,1,70.4
2026-07-31,christmas gifts for girls,280,30.855464285714287,19.994999999999997,10636.7,240116.54,4.6242857142857146,388777.0,69,37,0,69.1
2026-07-31,christmas gifts for kids,195,36.998453608247424,19.979999999999997,11371.6,193956.26,4.50989010989011,13397.0,35,32,0,69.0
2026-07-31,christmas gifts for men,276,32.84676363636364,22.99,12120.8,251337.54,4.6674528301886795,631759.0,71,39,0,73.2
2026-07-31,christmas gifts for mom,243,26.239135802469136,21.95,4054.1,96977.82,4.744041450777202,604087.0,46,33,0,71.5
2026-07-31,christmas gifts for teen girls,229,19.476177777777778,15.0,8892.0,150321.04,4.650837988826815,604353.0,45,34,0,72.9
2026-07-31,christmas gifts for teens,134,17.66375939849624,13.99,4461.9,69490.12,4.59010989010989,89913.0,24,23,0,68.1
2026-07-31,christmas gifts for women,176,45.494772727272725,19.99,4384.4,107981.34999999999,4.690756302521009,312225.0,39,27,0,71.7
2026-07-31,christmas gifts ideas,103,27.499320388349513,22.99,2033.3,50326.01,4.551282051282051,2998.0,14,18,0,73.6
2026-07-31,christmas in july,246,16.418795811518322,13.79,908.7,12491.68,4.551428571428572,127762.0,6,42,0,69.9
2026-07-31,christmas island,196,44.27,15.105,1183.5,30394.93,4.717582417582418,182053.0,21,38,0,72.2
2026-07-31,christmas lights,265,36.66245283018868,19.0,1810.3,58194.92,4.560869565217391,127583.0,22,46,1,70.7
2026-07-31,christmas movies,168,16.568562091503267,13.8,1216.3,19699.04,4.76504854368932,234213.0,13,24,0,75.4
2026-07-31,christmas ornament,175,20.435714285714287,14.105,1195.5,19320.93,4.678740157480315,394455.0,9,14,2,66.3
2026-07-31,christmas ornament crafts,268,17.85827067669173,12.99,586.7,8837.91,4.538235294117648,26497.0,1,38,0,69.1
2026-07-31,christmas ornament storage,144,27.546028368794328,17.89,1750.3,60154.38,4.5216666666666665,9862.0,7,22,0,80.8
2026-07-31,christmas ornament storage box,276,45.237830882352945,30.015,2551.0,108524.33,4.60093023255814,356791.0,25,48,1,65.0
2026-07-31,christmas ornaments,74,17.43013698630137,12.59,178.29999999999998,3103.1,4.6045454545454545,7464.0,0,7,0,71.7
2026-07-31,christmas ornaments 2026,143,17.55237762237762,11.05,960.8,12732.01,4.646391752577319,151014.0,9,16,2,70.6
2026-07-31,christmas ornaments clearance,170,10.425798816568047,7.7,509.4,5524.24,4.261616161616161,28964.0,4,18,2,72.1
2026-07-31,christmas ornaments near me,175,15.138554913294797,12.99,1392.9,20372.37,4.630065359477124,213452.0,18,18,0,71.5
2026-07-31,christmas ornaments nyc,178,18.44505617977528,14.995000000000001,939.1,18722.95,4.701709401709402,189416.0,9,30,0,67.3
2026-07-31,christmas ornaments personalized,127,11.002357723577235,9.99,574.1,7371.2300000000005,4.555238095238096,103086.0,4,12,0,67.0
2026-07-31,christmas ornaments sale,123,21.463414634146343,9.99,471.40000000000003,7418.07,4.380952380952381,95873.0,5,26,0,67.0
2026-07-31,christmas ornaments set,192,41.9009375,29.175,833.0,43361.54,4.61984126984127,70802.0,8,35,8,67.8
2026-07-31,christmas ornaments to make,122,18.404351851851853,13.74,553.1,7954.67,4.55875,150470.0,5,24,0,66.0
2026-07-31,christmas pajamas,278,20.728093525179855,17.805,2133.3,44177.01,4.582870370370371,434653.0,27,42,1,73.4
2026-07-31,christmas story,184,27.925853658536585,16.99,1313.0,42448.74,4.783018867924528,276644.0,12,37,1,66.0
2026-07-31,christmas tree,248,227.10522448979592,107.99,613.7,150915.63,4.3896296296296295,67161.0,2,40,2,65.2
2026-07-31,christmas vacation,130,35.68468253968254,12.905,453.4,8199.24,4.652941176470589,49105.0,4,19,0,70.7
2026-07-31,christmas vacation cast,187,40.39966850828729,18.74,1984.8,50484.22,4.819463087248322,399944.0,23,35,0,68.6
2026-07-31,christmas wrapping paper,291,16.376254295532647,14.99,4638.0,57071.95,4.713584905660377,712513.0,36,52,3,65.4
2026-07-31,clear christmas ornaments balls,263,23.82797709923664,18.134999999999998,2138.7,52766.64,4.611312217194571,336389.0,32,36,0,70.7
2026-07-31,diamond art christmas ornaments,265,18.041811320754718,14.99,784.3000000000001,21125.649999999998,4.510833333333333,191696.0,6,36,13,68.0
2026-07-31,grinch christmas decorations,251,53.0122,22.145,1369.1,72507.1,4.625,303921.0,17,39,1,69.6
2026-07-31,nightmare before christmas,94,55.96031914893617,19.994999999999997,270.9,18196.51,4.7875000000000005,21629.0,6,16,0,76.4
2026-07-31,nightmare before christmas gifts,290,31.212013888888887,18.99,1071.5,29933.59,4.691017964071857,131594.0,6,45,4,66.9
2026-07-31,personalized christmas ornaments,35,11.82529411764706,9.98,114.8,1592.86,4.6,4524.0,0,2,2,72.7
2026-07-31,toddler christmas gifts,173,27.453475177304966,18.81,5380.1,70643.83,4.654128440366972,185034.0,34,24,0,68.9
2026-07-31,vintage christmas ornaments,181,36.923296089385474,23.6,376.3,10211.03,4.497,15386.0,0,25,2,66.1
2026-08-01,baby christmas gifts,289,19.245951557093424,15.57,16093.0,278243.8,4.697797356828194,1013508.0,92,50,0,80.1
2026-08-01,bulk christmas gifts,284,13.493028169014085,8.96,12111.4,156644.88999999998,4.587142857142857,25647.0,48,43,0,81.1
2026-08-01,christmas,78,61.71346153846154,20.485,564.2,20743.64,4.705,197156.0,5,19,0,79.6
2026-08-01,christmas 2026,286,15.10248251748252,9.99,1659.0,25594.59,4.594202898550725,226431.0,17,26,10,77.1
2026-08-01,christmas cactus,283,24.370777385159013,19.99,2544.4,54382.4,4.2604316546762595,641134.0,22,53,1,80.2
2026-08-01,christmas decor,261,47.02800766283525,19.96,3212.0,102949.41,4.578823529411765,364270.0,24,45,1,81.3
2026-08-01,christmas decorations,117,65.59324786324787,24.99,4696.6,108051.49,4.5588235294117645,233505.0,10,16,1,90.2
2026-08-01,christmas decorations 2026,239,18.049747899159666,10.895,1477.4,16312.21,4.545142857142857,135335.0,14,35,0,81.7
2026-08-01,christmas decorations amazon,240,22.364435146443515,16.0,1998.1,31858.97,4.504736842105263,151767.0,16,33,0,79.2
2026-08-01,christmas decorations clearance,176,19.601193181818182,10.57,2772.1,60165.48,4.465986394557823,268819.0,27,24,0,84.7
2026-08-01,christmas decorations disneyland,294,37.21993006993007,17.99,1142.2,46154.79,4.517901234567901,71966.0,13,42,0,81.1
2026-08-01,christmas decorations ideas,136,29.82358208955224,14.690000000000001,2321.2,41051.98,4.486868686868687,63600.0,13,24,0,77.7
2026-08-01,christmas decorations indoor,136,34.8377205882353,18.645,1426.6,35102.06,4.5249999999999995,162721.0,10,16,3,81.6
2026-08-01,christmas decorations near me,169,39.0280487804878,18.0,988.3,28348.13,4.508130081300813,132156.0,12,19,0,78.5
2026-08-01,christmas decorations nyc,296,19.371023890784983,15.0,1186.3,27738.34,4.618823529411765,131180.0,15,51,1,80.0
2026-08-01,christmas decorations on sale,89,20.92814814814815,14.0,674.4,8003.6,4.503921568627451,69930.0,5,15,0,67.7
2026-08-01,christmas decorations outdoor,207,89.23797101449274,44.99,2274.4,194966.78,4.544444444444445,281235.0,21,32,4,76.1
2026-08-01,christmas gift card book,248,16.66056680161943,12.99,1340.5,22908.19,4.4525,101021.0,11,40,5,78.1
2026-08-01,christmas gifts,96,29.46951612903226,20.79,1442.8,24772.8,4.629310344827586,9191.0,6,8,1,80.2
2026-08-01,christmas gifts 2026,151,20.320375,12.905000000000001,900.2,4428.86,4.54018691588785,20007.0,4,20,0,69.1
2026-08-01,christmas gifts for coworkers,222,14.869909909909909,11.99,2229.3,36575.37,4.605309734513274,17043.0,20,28,1,80.5
2026-08-01,christmas gifts for girls,280,30.867535714285715,19.99,12200.9,274325.64,4.623333333333333,388850.0,70,39,0,77.8
2026-08-01,christmas gifts for kids,195,37.01958762886598,19.979999999999997,13103.4,224152.1,4.515384615384615,13412.0,35,35,0,78.0
2026-08-01,christmas gifts for men,276,32.746109090909094,22.94,13622.1,283430.47,4.673584905660377,631824.0,73,40,0,81.0
2026-08-01,christmas gifts for mom,243,26.213744855967075,21.75,4578.8,109784.72,4.745595854922279,604152.0,48,30,0,79.5
2026-08-01,christmas gifts for teen girls,229,19.47568888888889,15.0,10294.7,174663.99,4.653072625698324,604422.0,47,30,0,82.8
2026-08-01,christmas gifts for teens,134,17.663759398496243,13.99,5214.2,81027.45,4.5868131868131865,89931.0,25,26,0,77.8
2026-08-01,christmas gifts for women,176,45.495,19.99,5105.5,125906.28,4.692436974789916,312275.0,41,26,0,81.8
2026-08-01,christmas gifts ideas,103,27.438155339805828,22.99,2341.6,57419.9,4.566666666666666,3000.0,14,17,0,83.3
2026-08-01,christmas in july,246,16.403612565445027,13.79,1049.1,14306.02,4.555714285714285,127783.0,7,47,0,79.2
2026-08-01,christmas island,196,44.269999999999996,15.105,1339.2,34733.13,4.706593406593407,182088.0,23,35,0,80.4
2026-08-01,christmas lights,265,36.651320754716984,19.0,2056.2,64286.340000000004,4.558695652173913,127612.0,24,43,1,79.0
2026-08-01,christmas movies,168,16.610849673202615,13.8,1361.0,22273.89,4.757281553398058,234249.0,16,22,0,83.2
2026-08-01,christmas ornament,175,20.413214285714286,13.99,1401.1,22726.74,4.676377952755906,394499.0,11,13,2,76.0
2026-08-01,christmas ornament crafts,268,17.878684210526313,12.99,668.9,10225.58,4.533823529411765,26508.0,3,41,0,77.3
2026-08-01,christmas ornament storage,144,27.442553191489363,17.77,1922.9,65818.18,4.527868852459016,9873.0,8,16,0,87.8
2026-08-01,christmas ornament storage box,276,45.2525,30.015,3006.0,127628.16,4.601860465116279,356842.0,28,43,1,74.8
2026-08-01,christmas ornaments,74,17.4286301369863,12.59,204.7,3550.14,4.602222222222222,7481.0,1,4,1,80.9
2026-08-01,christmas ornaments 2026,143,17.55237762237762,11.05,1139.3,15266.9,4.644329896907217,151043.0,9,18,2,81.8
2026-08-01,christmas ornaments clearance,170,10.415680473372781,7.7,576.6,6332.57,4.268686868686869,28976.0,4,23,2,80.2
2026-08-01,christmas ornaments near me,175,15.062196531791907,12.99,1625.3,23719.86,4.632679738562091,213498.0,18,18,0,81.8
2026-08-01,christmas ornaments nyc,178,18.556235955056177,15.129999999999999,1088.7,21791.8,4.705084745762712,189440.0,12,23,0,76.4
2026-08-01,christmas ornaments personalized,127,11.002357723577235,9.99,677.3,8754.03,4.555660377358491,103097.0,4,10,0,77.2
2026-08-01,christmas ornaments sale,123,21.49943089430894,9.99,553.0,8794.53,4.380952380952381,95890.0,6,15,0,76.8
2026-08-01,christmas ornaments set,192,41.849322916666665,28.875,958.3,49254.76,4.622047244094488,70832.0,9,32,11,76.4
2026-08-01,christmas ornaments to make,122,18.376574074074075,13.49,637.1,9089.98,4.55375,150489.0,5,23,0,74.5
2026-08-01,christmas pajamas,278,20.579064748201436,17.549999999999997,2456.8,50498.43,4.5814814814814815,434698.0,27,34,2,83.0
2026-08-01,christmas story,184,27.49676829268293,16.99,1532.2,48046.69,4.787735849056604,276691.0,14,35,2,75.3
2026-08-01,christmas tree,248,227.09832653061224,106.92,702.1,173262.84,4.388148148148148,67181.0,3,35,2,73.2
2026-08-01,christmas vacation,130,36.16301587301587,12.905,524.8,9279.83,4.658823529411765,49117.0,5,17,0,80.2
2026-08-01,christmas vacation cast,187,40.392983425414364,18.74,2255.6,56905.56,4.822147651006712,400004.0,26,38,0,76.6
2026-08-01,christmas wrapping paper,291,16.39525773195876,14.99,5220.9,64714.64,4.709056603773585,712589.0,38,50,4,72.4
2026-08-01,clear christmas ornaments balls,263,23.80591603053435,18.0,2451.9,60529.31,4.611764705882353,336448.0,32,38,0,79.6
2026-08-01,diamond art christmas ornaments,265,18.03233962264151,14.99,899.8,24081.97,4.511382113821138,191725.0,6,47,18,76.5
2026-08-01,grinch christmas decorations,251,52.7065,22.145,1583.3,81505.47,4.6255,303960.0,18,45,1,78.9
2026-08-01,nightmare before christmas,94,55.9131914893617,19.994999999999997,316.4,21620.16,4.766666666666667,21642.0,7,20,0,87.5
2026-08-01,nightmare before christmas gifts,290,31.1128125,19.244999999999997,1235.4,33808.77,4.6904191616766475,131619.0,8,46,4,75.6
2026-08-01,personalized christmas ornaments,35,11.790588235294118,9.98,133.2,1859.1599999999999,4.6,4527.0,0,1,2,82.8
2026-08-01,toddler christmas gifts,173,27.432482269503545,18.81,6169.7,79335.31,4.647706422018349,185060.0,34,27,0,77.6
2026-08-01,vintage christmas ornaments,181,36.90502793296089,23.6,433.5,11718.66,4.5,15394.0,1,33,3,74.6
2026-08-02,baby christmas gifts,289,19.248581314878894,15.57,17029.5,296105.32,4.697356828193833,1013622.0,94,47,0,84.1
2026-08-02,bulk christmas gifts,284,13.482077464788732,8.975000000000001,12703.6,163634.88999999998,4.586428571428572,25670.0,48,36,0,84.6
2026-08-02,christmas,78,61.71346153846154,20.485,606.5,21890.84,4.7075000000000005,197177.0,5,20,0,84.8
2026-08-02,christmas 2026,286,15.095174825174826,9.99,1733.1,26843.739999999998,4.59136690647482,226467.0,17,27,13,80.1
2026-08-02,christmas cactus,283,24.340247349823322,19.99,2618.9,56460.4,4.259712230215827,641190.0,23,48,1,82.3
2026-08-02,christmas decor,261,47.04701149425288,19.96,3448.1,109398.03,4.580588235294118,364326.0,23,39,1,86.5
2026-08-02,christmas decorations,117,67.6734188034188,24.65,4484.5,106029.56,4.557352941176471,233522.0,11,20,1,86.5
2026-08-02,christmas decorations 2026,239,18.08668067226891,11.059999999999999,1516.7,16903.42,4.550285714285714,135372.0,14,32,0,83.6
2026-08-02,christmas decorations amazon,240,22.39803347280335,16.0,2080.9,33630.75,4.504736842105263,151806.0,16,29,0,82.0
2026-08-02,christmas decorations clearance,176,19.649715909090908,10.57,2915.2,62798.13,4.461224489795918,268862.0,30,31,0,88.6
2026-08-02,christmas decorations disneyland,294,37.260384615384616,17.95,1164.2,45150.9,4.522222222222222,72003.0,11,39,0,82.5
2026-08-02,christmas decorations ideas,136,29.922089552238806,14.690000000000001,2477.6,44649.36,4.487878787878788,63624.0,12,22,0,82.2
2026-08-02,christmas decorations indoor,136,34.91514705882353,18.645,1430.3,35114.57,4.527941176470588,162729.0,10,18,3,81.7
2026-08-02,christmas decorations near me,169,39.49455284552845,18.0,1010.8,28674.86,4.5024390243902435,132185.0,12,19,0,80.1
2026-08-02,christmas decorations nyc,296,19.381296928327647,15.0,1222.4,28335.4,4.612790697674418,131210.0,13,38,1,82.1
2026-08-02,christmas decorations on sale,89,21.05962962962963,14.99,735.2,8512.41,4.5019607843137255,69938.0,4,14,0,72.9
2026-08-02,christmas decorations outdoor,207,89.18719806763285,44.99,2370.6,206704.14,4.548366013071895,281290.0,22,38,4,78.9
2026-08-02,christmas gift card book,248,16.760323886639675,12.99,1378.1,23466.99,4.468852459016394,101041.0,11,36,6,80.0
2026-08-02,christmas gifts,96,29.46951612903226,20.79,1558.0,28114.739999999998,4.637931034482759,9194.0,6,6,1,85.8
2026-08-02,christmas gifts 2026,151,20.305,12.905000000000001,968.2,4607.38,4.530555555555556,20027.0,4,16,0,73.6
2026-08-02,christmas gifts for coworkers,222,14.89081081081081,11.99,2332.0,38212.58,4.6043859649122805,17079.0,20,34,2,83.7
2026-08-02,christmas gifts for girls,280,30.777607142857143,19.99,12783.8,288007.66000000003,4.63,388914.0,73,49,0,81.0
2026-08-02,christmas gifts for kids,195,37.02134020618557,19.97,13923.800000000001,235696.25,4.50989010989011,13425.0,36,25,0,82.3
2026-08-02,christmas gifts for men,276,32.581345454545456,22.94,14513.800000000001,299564.82,4.666981132075471,631900.0,74,42,0,85.7
2026-08-02,christmas gifts for mom,243,26.208683127572016,21.75,4850.2,114573.23,4.745077720207254,604229.0,49,39,0,83.6
2026-08-02,christmas gifts for teen girls,229,19.47568888888889,15.0,10834.7,183169.38,4.652513966480447,604502.0,49,37,0,86.6
2026-08-02,christmas gifts for teens,134,17.613383458646616,13.99,5530.6,85288.59,4.5978021978021975,89956.0,25,23,0,82.0
2026-08-02,christmas gifts for women,176,45.495,19.99,5421.7,133017.24,4.689915966386555,312326.0,41,22,0,86.2
2026-08-02,christmas gifts ideas,103,27.438155339805828,22.99,2495.9,61762.12,4.5487179487179485,3005.0,14,17,0,88.1
2026-08-02,christmas in july,246,16.403612565445027,13.79,1072.2,14817.5,4.555714285714285,127807.0,8,39,0,80.7
2026-08-02,christmas island,196,44.269999999999996,15.105,1399.0,37070.91,4.675,182124.0,22,31,0,83.6
2026-08-02,christmas lights,265,36.67645283018868,19.0,2159.8,67811.67,4.560869565217391,127644.0,26,53,2,82.5
2026-08-02,christmas movies,168,16.676928104575165,13.99,1377.7,23004.61,4.762135922330097,234287.0,17,24,0,84.1
2026-08-02,christmas ornament,175,20.3875,13.99,1484.3,23877.829999999998,4.675,394715.0,11,25,3,79.9
2026-08-02,christmas ornament crafts,268,17.874511278195488,12.99,697.2,10575.7,4.536029411764706,26520.0,3,43,1,80.2
2026-08-02,christmas ornament storage,144,27.37,17.7,2022.3,68811.86,4.531147540983606,9884.0,9,18,0,91.8
2026-08-02,christmas ornament storage box,276,45.17091911764706,30.015,3175.3,133475.58,4.604186046511628,356904.0,31,37,1,78.5
2026-08-02,christmas ornaments,74,17.4386301369863,12.59,206.0,3622.13,4.606666666666667,7489.0,1,4,1,81.3
2026-08-02,christmas ornaments 2026,143,17.51937062937063,10.98,1123.2,15335.52,4.641237113402061,151079.0,9,15,2,80.8
2026-08-02,christmas ornaments clearance,170,10.425088757396448,7.7,593.5,6511.05,4.271717171717172,28991.0,4,20,3,82.3
2026-08-02,christmas ornaments near me,175,15.191445086705201,12.99,1702.2,24934.28,4.630718954248366,213553.0,18,24,0,85.2
2026-08-02,christmas ornaments nyc,178,18.60887640449438,15.285,1131.7,22478.26,4.709322033898306,189464.0,12,17,0,79.0
2026-08-02,christmas ornaments personalized,127,10.959837398373983,9.99,701.9,8867.77,4.5361111111111105,103123.0,8,17,2,79.6
2026-08-02,christmas ornaments sale,123,21.46666666666667,9.99,573.6,9033.93,4.373809523809523,95914.0,6,18,0,79.3
2026-08-02,christmas ornaments set,192,41.82536458333333,28.875,1005.1,51489.979999999996,4.623622047244095,70854.0,11,36,11,79.7
2026-08-02,christmas ornaments to make,122,18.35648148148148,13.49,670.5,9557.57,4.54625,150512.0,6,22,0,77.9
2026-08-02,christmas pajamas,278,20.582589928057555,17.549999999999997,2489.3,52373.8,4.58425925925926,434771.0,28,37,2,84.0
2026-08-02,christmas story,184,27.515426829268293,16.99,1572.5,48224.46,4.791509433962265,276733.0,15,35,2,77.1
2026-08-02,christmas tree,248,227.1726530612245,104.78,742.0,180151.23,4.3896296296296295,67198.0,3,42,2,76.8
2026-08-02,christmas vacation,130,36.16301587301587,12.905,543.0,9521.38,4.662745098039216,49130.0,6,23,0,82.7
2026-08-02,christmas vacation cast,187,40.3785635359116,18.74,2402.6,61036.82,4.822147651006712,400059.0,28,44,0,80.9
2026-08-02,christmas wrapping paper,291,16.389759450171823,14.99,5832.099999999999,68607.68000000001,4.708679245283019,712669.0,38,50,4,79.7
2026-08-02,clear christmas ornaments balls,263,23.79141221374046,18.134999999999998,2570.0,63229.71,4.610407239819004,336514.0,32,31,1,82.9
2026-08-02,diamond art christmas ornaments,265,18.06388679245283,14.99,955.1,25851.899999999998,4.508661417322835,192042.0,7,36,21,80.6
2026-08-02,grinch christmas decorations,251,52.825649999999996,21.695,1628.4,85003.14,4.622,304002.0,20,40,1,80.9
2026-08-02,nightmare before christmas,94,55.87787234042553,20.73,325.0,23013.46,4.766666666666667,21644.0,7,12,0,89.6
2026-08-02,nightmare before christmas gifts,290,31.10604166666667,19.244999999999997,1291.4,35046.08,4.688023952095809,131658.0,8,56,4,78.6
2026-08-02,personalized christmas ornaments,35,11.876764705882353,9.985,134.2,1878.45,4.590322580645162,4532.0,0,1,2,83.3
2026-08-02,toddler christmas gifts,173,27.44418439716312,18.81,6550.5,84960.46,4.652293577981651,185100.0,34,28,0,81.7
2026-08-02,vintage christmas ornaments,181,36.98877094972067,23.46,453.5,12189.73,4.496,15406.0,1,27,3,77.6
2026-08-03,baby christmas gifts,289,19.321107266435988,15.57,12487.9,221510.33,4.7013215859030835,1013701.0,86,44,0,64.4
2026-08-03,bulk christmas gifts,284,13.40144366197183,8.975000000000001,9469.3,121937.04000000001,4.590714285714286,25697.0,47,48,0,65.6
2026-08-03,christmas,78,62.116666666666674,20.485,437.1,16439.920000000002,4.7075000000000005,197192.0,5,18,0,63.9
2026-08-03,christmas 2026,286,15.118216783216784,9.99,1312.9,20051.57,4.597872340425532,226527.0,16,32,15,63.1
2026-08-03,christmas cactus,283,24.29042402826855,19.99,1968.4,42029.98,4.261870503597122,641225.0,20,42,3,64.3
2026-08-03,christmas decor,261,46.940306513409965,18.99,2575.4,83146.58,4.578823529411765,364351.0,20,52,1,67.2
2026-08-03,christmas decorations,117,67.60666666666667,24.65,3493.2000000000003,81926.81,4.548529411764706,233539.0,9,15,1,69.6
2026-08-03,christmas decorations 2026,239,18.192731092436976,11.545,1118.2,12671.09,4.547428571428571,135400.0,14,37,0,64.2
2026-08-03,christmas decorations amazon,240,22.39355648535565,16.23,1580.4,25611.27,4.508947368421053,151836.0,12,26,0,64.7
2026-08-03,christmas decorations clearance,176,19.639772727272728,10.57,2257.3,48454.29,4.464625850340136,268897.0,21,29,0,70.9
2026-08-03,christmas decorations disneyland,294,37.270664335664335,17.605,882.0,34957.770000000004,4.524074074074074,72025.0,8,37,0,64.9
2026-08-03,christmas decorations ideas,136,29.553805970149256,14.690000000000001,1890.5,33671.56,4.4818181818181815,63651.0,11,20,0,65.1
2026-08-03,christmas decorations indoor,136,35.07933823529412,18.645,1077.1,26979.25,4.534782608695652,162735.0,9,21,4,64.0
2026-08-03,christmas decorations near me,169,39.45739837398374,18.0,782.6,21254.89,4.501612903225807,132211.0,8,21,1,64.3
2026-08-03,christmas decorations nyc,296,19.355085324232082,14.99,930.8,21907.01,4.619186046511628,131233.0,12,52,1,64.9
2026-08-03,christmas decorations on sale,89,21.05962962962963,14.99,557.7,6431.52,4.503921568627451,69953.0,3,18,0,57.7
2026-08-03,christmas decorations outdoor,207,89.85932367149759,44.99,1784.8,153213.0,4.546103896103896,281328.0,18,37,5,61.9
2026-08-03,christmas gift card book,248,16.716963562753037,12.99,1045.2,17622.05,4.467213114754099,101064.0,9,44,11,63.1
2026-08-03,christmas gifts,96,29.46951612903226,20.79,1253.2,23106.57,4.63448275862069,9195.0,2,6,2,71.0
2026-08-03,christmas gifts 2026,151,20.3315,12.99,737.5,3608.82,4.541666666666667,20040.0,2,17,0,58.4
2026-08-03,christmas gifts for coworkers,222,14.882927927927927,11.99,1748.1000000000001,28666.36,4.609649122807017,17099.0,18,31,2,65.3
2026-08-03,christmas gifts for girls,280,30.777107142857144,19.99,9851.7,222709.63,4.630952380952381,388971.0,66,38,0,64.7
2026-08-03,christmas gifts for kids,195,37.245670103092785,19.979999999999997,10298.9,177551.6,4.506593406593407,13440.0,35,33,0,63.5
2026-08-03,christmas gifts for men,276,32.27549090909091,22.99,10790.6,225359.38,4.666037735849057,631957.0,70,42,0,66.2
2026-08-03,christmas gifts for mom,243,26.19625514403292,21.52,3724.8,88035.75,4.748186528497409,604289.0,43,34,0,66.5
2026-08-03,christmas gifts for teen girls,229,19.47351111111111,14.99,8150.400000000001,139951.54,4.646927374301676,604554.0,41,37,0,67.6
2026-08-03,christmas gifts for teens,134,17.613383458646616,13.99,4239.9,65202.77,4.596703296703297,89981.0,23,23,0,65.2
2026-08-03,christmas gifts for women,176,45.65198863636363,19.985,3940.7,95579.01,4.697478991596639,312357.0,38,22,0,65.4
2026-08-03,christmas gifts ideas,103,27.522427184466018,22.99,1865.2,45951.15,4.553846153846154,3008.0,14,21,0,68.4
2026-08-03,christmas in july,246,16.419633507853405,13.99,799.9,11053.9,4.554285714285714,127823.0,6,37,0,62.7
2026-08-03,christmas island,196,44.20035714285714,14.99,1063.5,27317.59,4.677173913043478,182144.0,19,34,0,65.9
2026-08-03,christmas lights,265,36.62045283018868,18.99,1647.6,51329.94,4.561594202898551,127663.0,17,46,2,65.3
2026-08-03,christmas movies,168,16.629934640522876,13.8,1049.7,17366.22,4.76504854368932,234311.0,12,22,1,66.4
2026-08-03,christmas ornament,175,20.399226190476192,14.105,1111.0,17915.18,4.67578125,394750.0,10,17,3,62.3
2026-08-03,christmas ornament crafts,268,17.91312030075188,12.99,531.3,8076.22,4.525547445255475,26532.0,1,45,1,63.5
2026-08-03,christmas ornament storage,144,27.428510638297873,17.77,1515.1,52140.01,4.531147540983606,9893.0,6,16,0,71.3
2026-08-03,christmas ornament storage box,276,45.071838235294116,30.0,2432.1,101757.07,4.597209302325581,356940.0,23,48,1,62.5
2026-08-03,christmas ornaments,74,17.46780821917808,12.59,160.9,2824.78,4.595555555555555,7491.0,0,6,1,65.7
2026-08-03,christmas ornaments 2026,143,17.505034965034962,10.98,845.9,11697.94,4.640206185567011,151103.0,9,12,2,63.3
2026-08-03,christmas ornaments clearance,170,10.434023668639053,7.7,454.4,5085.57,4.263636363636364,28999.0,3,20,3,65.4
2026-08-03,christmas ornaments near me,175,15.232080924855492,12.99,1261.7,18396.84,4.641176470588236,213593.0,16,22,0,65.7
2026-08-03,christmas ornaments nyc,178,18.58825842696629,15.285,887.5,17601.05,4.698305084745763,189484.0,8,25,0,64.1
2026-08-03,christmas ornaments personalized,127,10.959837398373983,9.99,531.2,6552.33,4.5361111111111105,103131.0,4,17,2,62.7
2026-08-03,christmas ornaments sale,123,21.428048780487806,9.99,437.4,6801.85,4.378571428571429,95922.0,5,22,0,62.8
2026-08-03,christmas ornaments set,192,41.80833333333333,29.175,765.9,38861.54,4.63125,70879.0,7,34,12,63.1
2026-08-03,christmas ornaments to make,122,18.359074074074073,13.74,509.7,7264.03,4.5358024691358025,150527.0,3,23,0,61.6
2026-08-03,christmas pajamas,278,20.643057553956837,17.805,1868.4,38783.79,4.5851851851851855,434814.0,27,35,2,65.6
2026-08-03,christmas story,184,27.46268292682927,16.99,1211.8,35839.49,4.789622641509434,276758.0,12,35,2,61.7
2026-08-03,christmas tree,248,226.9398367346939,104.78,566.2,134809.3,4.3859259259259264,67214.0,2,40,2,61.0
2026-08-03,christmas vacation,130,36.15920634920635,12.969999999999999,416.5,7504.639999999999,4.6607843137254905,49141.0,4,26,0,65.7
2026-08-03,christmas vacation cast,187,40.353425414364644,18.74,1828.8,46430.840000000004,4.8214765100671135,400086.0,21,37,0,64.0
2026-08-03,christmas wrapping paper,291,16.392714776632303,14.99,4170.3,51235.51,4.708679245283019,712726.0,33,51,4,59.9
2026-08-03,clear christmas ornaments balls,263,23.824503816793893,18.134999999999998,1969.1,47967.55,4.613122171945701,336578.0,28,41,1,65.9
2026-08-03,diamond art christmas ornaments,265,18.106264150943396,14.99,710.8,19346.93,4.50859375,192102.0,6,41,22,62.5
2026-08-03,grinch christmas decorations,251,53.0744,21.695,1225.9,60987.37,4.622,304036.0,16,43,1,63.3
2026-08-03,nightmare before christmas,94,55.87787234042553,20.73,241.8,17249.13,4.775,21649.0,4,14,0,69.2
2026-08-03,nightmare before christmas gifts,290,31.10204861111111,18.99,975.8,26321.41,4.691616766467066,131666.0,5,50,4,61.8
2026-08-03,personalized christmas ornaments,35,12.019705882352941,9.99,99.3,1380.83,4.6,4536.0,0,2,2,64.3
2026-08-03,toddler christmas gifts,173,27.423120567375886,18.81,4989.6,63564.38,4.654128440366972,185129.0,33,26,0,64.6
2026-08-03,vintage christmas ornaments,181,36.90698324022347,23.46,345.0,9229.15,4.499,15414.0,0,24,3,61.4
2026-08-04,baby christmas gifts,289,19.30515570934256,15.82,13154.0,233047.66,4.700881057268722,1013802.0,89,50,0,67.3
2026-08-04,bulk christmas gifts,284,13.39968309859155,8.975000000000001,10035.6,130176.75,4.589285714285714,25726.0,47,42,0,68.9
2026-08-04,christmas,78,62.025,20.485,461.3,17435.76,4.715,197200.0,5,16,1,66.9
2026-08-04,christmas 2026,286,15.142237762237762,9.99,1379.1,20642.04,4.582068965517241,226573.0,16,31,19,65.7
2026-08-04,christmas cactus,283,24.300742049469964,19.99,2098.6,43533.38,4.260714285714286,641257.0,20,47,3,67.9
2026-08-04,christmas decor,261,47.13758620689655,18.99,2661.9,86315.02,4.578235294117647,364385.0,21,48,2,69.1
2026-08-04,christmas decorations,117,67.8051282051282,24.65,3626.2000000000003,88436.29,4.554411764705883,233552.0,9,21,1,71.9
2026-08-04,christmas decorations 2026,239,18.150546218487396,11.545,1179.8,13240.36,4.549142857142857,135431.0,14,34,1,67.2
2026-08-04,christmas decorations amazon,240,22.40397489539749,16.23,1608.6,26309.15,4.50421052631579,151854.0,12,26,0,65.7
2026-08-04,christmas decorations clearance,176,19.60965909090909,10.57,2289.9,48427.96,4.466666666666667,268939.0,23,28,0,71.7
2026-08-04,christmas decorations disneyland,294,37.02664335664336,17.95,931.1,35695.08,4.519135802469136,72046.0,10,40,0,67.9
2026-08-04,christmas decorations ideas,136,29.403432835820894,14.690000000000001,1970.6,35727.46,4.48989898989899,63672.0,12,19,1,67.5
2026-08-04,christmas decorations indoor,136,35.07933823529412,18.645,1141.7,27274.01,4.537142857142857,162877.0,9,22,5,67.3
2026-08-04,christmas decorations near me,169,39.6720325203252,18.0,824.8,22923.989999999998,4.503225806451613,132237.0,8,15,1,67.2
2026-08-04,christmas decorations nyc,296,19.273276450511943,14.99,974.0,21713.78,4.617341040462428,131257.0,12,38,1,67.5
2026-08-04,christmas decorations on sale,89,21.05962962962963,14.99,601.8,6614.55,4.503921568627451,69968.0,3,14,0,61.5
2026-08-04,christmas decorations outdoor,207,90.18990338164252,44.99,1855.0,162884.31,4.550649350649351,281369.0,19,30,5,63.9
2026-08-04,christmas gift card book,248,16.718704453441298,12.99,1092.6,18539.170000000002,4.4606557377049185,101080.0,9,45,12,65.5
2026-08-04,christmas gifts,96,29.469516129032257,20.79,1278.5,23151.5,4.63448275862069,9196.0,2,13,2,72.2
2026-08-04,christmas gifts 2026,151,20.3315,12.99,768.9,3669.44,4.5398148148148145,20048.0,2,14,0,60.5
2026-08-04,christmas gifts for coworkers,222,14.924909909909909,11.99,1805.1,28958.16,4.607894736842105,17124.0,17,29,2,67.1
2026-08-04,christmas gifts for girls,280,30.766357142857142,19.99,10336.6,231593.76,4.621904761904762,389034.0,65,38,0,67.4
2026-08-04,christmas gifts for kids,195,36.89912371134021,19.97,10920.0,186950.13,4.5,13453.0,35,32,0,66.7
2026-08-04,christmas gifts for men,276,32.27949090909091,22.99,11179.1,233851.17,4.666981132075471,632012.0,70,37,0,68.3
2026-08-04,christmas gifts for mom,243,26.21082304526749,21.75,3833.1,90256.97,4.745595854922279,604345.0,44,36,0,68.1
2026-08-04,christmas gifts for teen girls,229,19.459733333333332,14.99,8363.9,143583.91,4.652513966480447,604612.0,41,34,0,69.2
2026-08-04,christmas gifts for teens,134,17.743684210526315,13.99,4317.6,68185.78,4.585714285714285,90007.0,23,21,0,66.2
2026-08-04,christmas gifts for women,176,45.60278409090909,19.985,4083.4,99159.76,4.689075630252101,312392.0,37,19,0,67.4
2026-08-04,christmas gifts ideas,103,27.542233009708738,22.99,1881.0,47403.36,4.561538461538461,3012.0,14,19,0,68.9
2026-08-04,christmas in july,246,16.336178010471205,13.72,849.2,11610.94,4.553571428571429,127836.0,6,43,0,66.0
2026-08-04,christmas island,196,44.14892857142858,14.99,1111.5,29314.02,4.675,182170.0,19,34,0,68.5
2026-08-04,christmas lights,265,36.775547169811325,18.99,1686.0,51010.770000000004,4.560869565217391,127684.0,19,39,2,66.6
2026-08-04,christmas movies,168,16.645098039215686,13.8,1088.5,18173.26,4.766990291262136,234338.0,12,27,1,68.5
2026-08-04,christmas ornament,175,20.31797619047619,14.105,1151.4,18389.06,4.6765625,394776.0,10,18,3,64.2
2026-08-04,christmas ornament crafts,268,17.91169172932331,12.99,554.3,8443.25,4.522627737226277,26543.0,0,44,1,65.8
2026-08-04,christmas ornament storage,144,27.516595744680853,17.89,1500.8,51174.84,4.531147540983606,9901.0,6,18,0,70.7
2026-08-04,christmas ornament storage box,276,45.18522058823529,30.0,2605.0,107722.83,4.604186046511628,356980.0,23,38,1,66.2
2026-08-04,christmas ornaments,74,17.508082191780822,12.59,167.1,2901.4,4.597777777777778,7497.0,0,5,1,67.9
2026-08-04,christmas ornaments 2026,143,17.442937062937062,10.98,891.7,12048.14,4.646938775510204,151162.0,9,17,3,66.2
2026-08-04,christmas ornaments clearance,170,10.41491124260355,7.45,465.1,5045.42,4.275757575757576,29003.0,3,23,3,66.7
2026-08-04,christmas ornaments near me,175,15.252080924855493,13.09,1313.3,19067.28,4.631372549019608,213629.0,16,21,0,68.0
2026-08-04,christmas ornaments nyc,178,18.563426966292134,15.285,909.4,17744.42,4.702542372881355,189499.0,9,18,0,65.5
2026-08-04,christmas ornaments personalized,127,10.951626016260162,9.99,564.1,7076.16,4.535185185185186,103147.0,4,11,2,66.0
2026-08-04,christmas ornaments sale,123,21.45089430894309,9.99,448.09999999999997,7026.17,4.372619047619048,95933.0,5,20,0,64.1
2026-08-04,christmas ornaments set,192,41.897656250000004,29.865000000000002,790.3,39629.82,4.62421875,70900.0,7,33,13,64.8
2026-08-04,christmas ornaments to make,122,18.394537037037036,13.99,538.8,7627.46,4.537804878048781,150563.0,3,22,1,64.5
2026-08-04,christmas pajamas,278,20.622266187050357,17.805,1971.5,40473.4,4.587272727272728,434903.0,26,39,6,68.6
2026-08-04,christmas story,184,27.46268292682927,16.99,1260.3,38607.21,4.793457943925233,276784.0,12,31,3,63.7
2026-08-04,christmas tree,248,227.43179591836736,107.99,590.8,138984.6,4.385185185185185,67225.0,1,35,3,63.2
2026-08-04,christmas vacation,130,35.879126984126984,12.969999999999999,431.2,7852.89,4.6568627450980395,49149.0,4,19,0,67.7
2026-08-04,christmas vacation cast,187,40.277071823204416,18.74,1927.2,48044.08,4.824161073825504,400144.0,21,36,0,66.9
2026-08-04,christmas wrapping paper,291,16.41343642611684,14.99,4470.6,53456.94,4.709811320754716,712792.0,33,55,4,63.4
2026-08-04,clear christmas ornaments balls,263,23.702824427480916,18.134999999999998,2056.3,49599.37,4.609502262443439,336622.0,28,40,1,68.3
2026-08-04,diamond art christmas ornaments,265,18.088150943396226,14.99,728.9,19381.14,4.50859375,192114.0,6,42,23,63.9
2026-08-04,grinch christmas decorations,251,52.91985,22.145,1294.7,63536.76,4.619000000000001,304067.0,16,46,1,66.3
2026-08-04,nightmare before christmas,94,56.043297872340425,20.73,244.1,17306.579999999998,4.766666666666667,21654.0,4,18,0,69.8
2026-08-04,nightmare before christmas gifts,290,31.125763888888887,18.99,1033.9,28177.87,4.688690476190477,131698.0,6,49,5,64.9
2026-08-04,personalized christmas ornaments,35,12.019705882352941,9.99,103.2,1457.5,4.603225806451612,4536.0,0,1,2,66.4
2026-08-04,toddler christmas gifts,173,27.420709219858157,17.99,5056.7,65107.9,4.646788990825688,185159.0,34,21,0,65.4
2026-08-04,vintage christmas ornaments,181,36.4191061452514,23.63,359.1,9597.12,4.495,15430.0,0,28,3,63.5
2026-08-05,baby christmas gifts,289,19.20262975778547,15.82,13907.2,244547.18,4.7013215859030835,1013892.0,88,53,0,70.5
2026-08-05,bulk christmas gifts,284,13.469330985915493,8.98,10289.4,134108.79,4.589285714285714,25749.0,47,34,0,70.4
2026-08-05,christmas,78,62.025,20.485,504.4,18642.06,4.705,197213.0,5,17,1,72.2
2026-08-05,christmas 2026,286,15.116153846153846,9.99,1461.3,21647.89,4.577931034482758,226605.0,16,29,20,69.1
2026-08-05,christmas cactus,283,24.310600706713778,19.99,2163.8,46555.04,4.273239436619718,641304.0,20,45,3,69.7
2026-08-05,christmas decor,261,47.000268199233716,18.99,2834.2,91547.59999999999,4.578235294117647,364417.0,20,43,2,72.9
2026-08-05,christmas decorations,117,67.83991452991454,24.99,3731.7000000000003,92032.46,4.560294117647059,233568.0,9,17,1,73.7
2026-08-05,christmas decorations 2026,239,18.138319327731093,11.545,1260.1,14028.96,4.547428571428571,135465.0,14,34,2,71.1
2026-08-05,christmas decorations amazon,240,22.30941422594142,16.19,1679.1,27204.68,4.506842105263158,151881.0,12,41,0,68.1
2026-08-05,christmas decorations clearance,176,19.575,10.57,2381.4,51097.42,4.458503401360544,268969.0,22,30,0,74.2
2026-08-05,christmas decorations disneyland,294,37.05244755244755,17.99,961.6,37535.57,4.524074074074074,72063.0,9,35,0,69.8
2026-08-05,christmas decorations ideas,136,28.855149253731344,14.690000000000001,2100.2,39210.54,4.484848484848484,63687.0,12,17,1,71.2
2026-08-05,christmas decorations indoor,136,35.052720588235296,18.645,1209.1,28917.23,4.535714285714286,162889.0,9,23,6,70.7
2026-08-05,christmas decorations near me,169,39.6720325203252,18.0,859.3,23645.43,4.501612903225807,132257.0,8,12,1,69.6
2026-08-05,christmas decorations nyc,296,19.284402730375426,14.99,1012.6,23389.04,4.615606936416185,131281.0,12,38,1,69.7
2026-08-05,christmas decorations on sale,89,21.03222222222222,14.99,663.0,7273.52,4.509803921568627,69977.0,3,16,0,66.7
2026-08-05,christmas decorations outdoor,207,90.13304347826087,44.99,2000.5,175517.44,4.550649350649351,281425.0,20,33,5,68.2
2026-08-05,christmas gift card book,248,16.701983805668018,12.99,1123.5,18743.21,4.455737704918033,101096.0,10,44,12,67.1
2026-08-05,christmas gifts,96,29.420806451612904,20.79,1343.3,24907.47,4.631034482758621,9199.0,2,9,2,75.4
2026-08-05,christmas gifts 2026,151,20.446875,12.99,804.0,3881.88,4.54074074074074,20053.0,2,16,0,62.8
2026-08-05,christmas gifts for coworkers,222,14.902747747747748,11.99,1872.1,29836.61,4.612280701754385,17140.0,19,33,2,69.2
2026-08-05,christmas gifts for girls,280,30.84317857142857,19.99,10636.8,242448.91,4.627142857142857,389084.0,66,42,0,69.1
2026-08-05,christmas gifts for kids,195,36.90577319587629,19.979999999999997,11592.5,200445.22,4.507692307692308,13465.0,35,33,0,70.2
2026-08-05,christmas gifts for men,276,32.65749090909091,22.99,11817.2,246287.66999999998,4.6716981132075475,632066.0,70,34,0,71.6
2026-08-05,christmas gifts for mom,243,26.12185185185185,21.52,4016.6,95611.1,4.744559585492228,604414.0,44,37,0,70.9
2026-08-05,christmas gifts for teen girls,229,19.474755555555554,15.0,8799.4,152023.92,4.65195530726257,604671.0,43,32,0,72.2
2026-08-05,christmas gifts for teens,134,17.76172932330827,13.99,4476.2,70519.32,4.592307692307692,90023.0,24,22,0,68.2
2026-08-05,christmas gifts for women,176,45.58403409090909,19.939999999999998,4324.2,105288.99,4.692436974789916,312432.0,38,27,0,70.8
2026-08-05,christmas gifts ideas,103,27.604174757281555,22.99,1935.8,49021.46,4.556410256410256,3021.0,14,20,0,70.6
2026-08-05,christmas in july,246,16.293664921465968,13.6,905.8000000000001,12494.11,4.5564285714285715,127853.0,6,39,0,69.7
2026-08-05,christmas island,196,44.117380952380955,14.995000000000001,1173.5,30841.75,4.683695652173912,182200.0,20,40,0,71.7
2026-08-05,christmas lights,265,36.73724528301887,18.99,1765.0,52752.78,4.560144927536231,127709.0,20,47,2,69.2
2026-08-05,christmas movies,168,16.645686274509803,13.99,1144.5,19260.45,4.76504854368932,234357.0,12,24,1,71.5
2026-08-05,christmas ornament,175,20.302440476190476,14.105,1225.2,19775.2,4.673643410852713,394813.0,10,15,4,67.7
2026-08-05,christmas ornament crafts,268,17.848233082706766,12.99,589.6,8925.69,4.527536231884057,26575.0,1,41,2,69.4
2026-08-05,christmas ornament storage,144,27.53390070921986,17.89,1713.5,55755.32,4.529508196721312,9908.0,7,17,0,79.3
2026-08-05,christmas ornament storage box,276,45.16985294117647,30.015,2776.6,114613.73,4.601395348837209,357033.0,24,37,1,69.9
2026-08-05,christmas ornaments,74,17.534383561643835,12.59,170.5,2966.02,4.6,7499.0,0,5,1,69.0
2026-08-05,christmas ornaments 2026,143,17.466923076923077,11.05,949.4,13024.32,4.644897959183673,151181.0,9,23,3,69.8
2026-08-05,christmas ornaments clearance,170,10.41585798816568,7.45,491.5,5483.900000000001,4.266666666666667,29010.0,4,20,3,69.9
2026-08-05,christmas ornaments near me,175,15.241502890173411,13.09,1385.2,20222.95,4.633333333333333,213661.0,17,16,0,71.2
2026-08-05,christmas ornaments nyc,178,18.543483146067416,15.285,968.0,18939.57,4.700847457627119,189523.0,9,26,0,69.0
2026-08-05,christmas ornaments personalized,127,10.924552845528455,9.99,594.0,7492.0599999999995,4.541666666666667,103161.0,5,14,4,68.9
2026-08-05,christmas ornaments sale,123,21.36308943089431,9.99,484.1,7489.33,4.382142857142857,95940.0,5,21,0,68.5
2026-08-05,christmas ornaments set,192,41.9309375,29.865000000000002,833.1,40909.54,4.62578125,70922.0,7,36,13,67.8
2026-08-05,christmas ornaments to make,122,18.405277777777776,13.99,573.4,8028.24,4.536585365853658,150573.0,4,25,1,68.0
2026-08-05,christmas pajamas,278,20.66388489208633,17.93,2072.1,42673.64,4.589090909090909,434942.0,27,37,6,71.6
2026-08-05,christmas story,184,27.901524390243903,16.555,1334.3,40900.05,4.7878504672897195,276817.0,12,37,3,66.9
2026-08-05,christmas tree,248,226.7931020408163,107.99,631.6,151296.09,4.388235294117647,67625.0,1,42,5,66.8
2026-08-05,christmas vacation,130,35.88896825396826,12.969999999999999,449.8,7931.0,4.6568627450980395,49154.0,4,17,0,70.2
2026-08-05,christmas vacation cast,187,40.266408839779004,18.74,2040.7,51493.05,4.820805369127517,400201.0,21,36,0,70.2
2026-08-05,christmas wrapping paper,291,16.43292096219931,14.99,4543.9,55276.62,4.709056603773585,712861.0,34,49,4,64.3
2026-08-05,clear christmas ornaments balls,263,23.709580152671755,18.33,2147.9,52699.9,4.610859728506787,336678.0,27,36,1,70.9
2026-08-05,diamond art christmas ornaments,265,18.049471698113205,14.99,794.1,21023.41,4.5115384615384615,192135.0,6,40,26,68.7
2026-08-05,grinch christmas decorations,251,52.9309,21.925,1375.7,65106.07,4.6235,304113.0,16,41,1,69.9
2026-08-05,nightmare before christmas,94,55.956702127659575,19.994999999999997,261.1,18518.6,4.7749999999999995,21661.0,5,17,0,74.0
2026-08-05,nightmare before christmas gifts,290,31.21309027777778,19.185,1092.2,29581.71,4.683928571428571,131720.0,6,47,5,68.0
2026-08-05,personalized christmas ornaments,35,12.019705882352941,9.99,109.60000000000001,1538.05,4.615625,4539.0,0,1,2,69.9
2026-08-05,toddler christmas gifts,173,27.420709219858157,17.99,5468.0,70023.61,4.654128440366972,185196.0,34,21,0,69.9
2026-08-05,vintage christmas ornaments,181,36.45262569832403,23.63,383.0,10118.67,4.498019801980198,15448.0,0,26,4,67.1
2026-08-06,baby christmas gifts,289,19.16681660899654,15.82,14576.6,256224.33,4.70352422907489,1013989.0,87,54,0,73.5
2026-08-06,bulk christmas gifts,284,13.49031690140845,8.98,10778.5,140554.51,4.587142857142857,25774.0,48,38,0,73.3
2026-08-06,christmas,78,61.99602564102564,20.485,516.1,19791.190000000002,4.7125,197225.0,5,16,1,73.7
2026-08-06,christmas 2026,286,15.11451048951049,9.99,1530.1,22455.78,4.580821917808219,226628.0,16,34,23,71.8
2026-08-06,christmas cactus,283,24.298904593639577,19.99,2325.5,48325.770000000004,4.2608391608391605,641350.0,21,49,3,74.2
2026-08-06,christmas decor,261,47.034099616858235,18.99,2890.3,95145.03,4.578823529411765,364464.0,20,40,2,74.1
2026-08-06,christmas decorations,117,67.83991452991452,24.99,3862.6,97438.57,4.552941176470589,233579.0,9,17,1,75.9
2026-08-06,christmas decorations 2026,239,18.138865546218486,11.545,1304.6,14618.83,4.546285714285714,135494.0,15,33,2,73.3
2026-08-06,christmas decorations amazon,240,22.38723849372385,16.19,1767.2,28698.64,4.503157894736842,151908.0,12,25,0,71.2
2026-08-06,christmas decorations clearance,176,19.547840909090908,10.57,2474.6,52702.95,4.459863945578231,269007.0,24,28,0,76.7
2026-08-06,christmas decorations disneyland,294,37.05181818181818,17.99,1008.8,41496.11,4.519753086419754,72090.0,10,39,0,72.8
2026-08-06,christmas decorations ideas,136,28.863358208955223,14.690000000000001,2132.7,40284.17,4.483838383838385,63704.0,11,24,1,72.2
2026-08-06,christmas decorations indoor,136,35.05007352941177,18.645,1275.8,30925.44,4.526760563380281,162916.0,10,14,7,74.0
2026-08-06,christmas decorations near me,169,39.6720325203252,18.0,899.5,24502.87,4.5024,132953.0,9,12,2,72.4
2026-08-06,christmas decorations nyc,296,19.235358361774743,14.99,1044.6,24157.27,4.618857142857142,131309.0,12,43,1,71.6
2026-08-06,christmas decorations on sale,89,20.97320987654321,14.0,700.1,7579.04,4.503921568627451,69985.0,3,17,0,69.9
2026-08-06,christmas decorations outdoor,207,90.14270531400966,44.99,2113.3,184911.62,4.548051948051948,281466.0,19,35,5,71.4
2026-08-06,christmas gift card book,248,16.674817813765184,12.99,1185.9,19860.18,4.4606557377049185,101126.0,10,39,13,70.3
2026-08-06,christmas gifts,96,29.4208064516129,20.79,1343.6,24630.29,4.639655172413794,9203.0,2,10,3,75.4
2026-08-06,christmas gifts 2026,151,20.43825,12.99,856.9,4040.98,4.541666666666667,20062.0,2,15,0,66.3
2026-08-06,christmas gifts for coworkers,222,14.895135135135135,11.99,1967.0,31335.62,4.60695652173913,17167.0,18,40,2,72.2
2026-08-06,christmas gifts for girls,280,30.806035714285716,19.99,11208.6,255399.63,4.626666666666667,389154.0,67,35,0,72.3
2026-08-06,christmas gifts for kids,195,37.24484536082474,19.979999999999997,11703.9,203421.49,4.504395604395604,13482.0,35,32,0,70.7
2026-08-06,christmas gifts for men,276,32.6928,22.94,12395.7,259152.7,4.6674528301886795,632130.0,71,40,0,74.6
2026-08-06,christmas gifts for mom,243,26.15275720164609,21.75,4188.2,98471.71,4.743523316062176,604487.0,44,40,0,73.5
2026-08-06,christmas gifts for teen girls,229,19.462266666666668,15.0,9211.7,156542.69,4.649162011173185,604741.0,43,31,0,75.1
2026-08-06,christmas gifts for teens,134,17.718120300751877,13.97,4775.3,75045.12,4.59010989010989,90037.0,24,21,0,72.1
2026-08-06,christmas gifts for women,176,45.581590909090906,19.985,4446.9,108852.25,4.688235294117647,312472.0,39,29,0,72.5
2026-08-06,christmas gifts ideas,103,27.43233009708738,22.99,2045.9,51789.770000000004,4.553846153846154,3026.0,14,18,0,74.0
2026-08-06,christmas in july,246,16.32560209424084,13.79,936.3,13170.789999999999,4.552142857142857,127883.0,6,47,0,71.7
2026-08-06,christmas island,196,43.945297619047615,14.995000000000001,1217.4,31864.77,4.676086956521739,182235.0,20,36,0,74.0
2026-08-06,christmas lights,265,36.79803773584906,19.0,1852.2,56388.95,4.559420289855073,127742.0,21,46,2,72.1
2026-08-06,christmas movies,168,16.661307189542484,13.99,1176.2,19750.88,4.764077669902912,234391.0,12,28,3,73.2
2026-08-06,christmas ornament,175,20.35922619047619,14.105,1314.1,21370.920000000002,4.673846153846154,394858.0,9,19,7,71.9
2026-08-06,christmas ornament crafts,268,17.834999999999997,12.99,605.7,9201.15,4.523188405797102,26583.0,1,44,2,71.0
2026-08-06,christmas ornament storage,144,27.516595744680853,17.89,1742.7,56948.02,4.511290322580645,9912.0,6,18,0,80.5
2026-08-06,christmas ornament storage box,276,45.22941176470588,30.0,2825.7,118111.86,4.604651162790698,357079.0,22,46,1,70.9
2026-08-06,christmas ornaments,74,17.44178082191781,12.59,181.4,3125.6,4.602222222222222,7503.0,0,5,1,72.8
2026-08-06,christmas ornaments 2026,143,17.587272727272726,11.05,999.0,13655.41,4.648979591836735,151209.0,9,13,3,73.0
2026-08-06,christmas ornaments clearance,170,10.404792899408285,7.45,510.1,5740.7,4.273,29046.0,4,14,4,72.1
2026-08-06,christmas ornaments near me,175,15.280924855491328,13.09,1434.5,20558.85,4.630718954248366,213700.0,16,25,0,73.4
2026-08-06,christmas ornaments nyc,178,18.50988764044944,15.285,1026.1,19874.55,4.703389830508475,189546.0,9,19,0,72.6
2026-08-06,christmas ornaments personalized,127,10.947886178861788,9.99,605.6,7786.5199999999995,4.534259259259259,103178.0,4,7,5,70.1
2026-08-06,christmas ornaments sale,123,21.37821138211382,9.99,492.5,7561.6,4.3870588235294115,95953.0,5,17,0,69.5
2026-08-06,christmas ornaments set,192,41.79515625,29.865000000000002,904.2,45038.69,4.631007751937984,70954.0,7,32,14,72.7
2026-08-06,christmas ornaments to make,122,18.336203703703703,13.99,581.1,8099.44,4.535365853658536,150588.0,3,26,1,68.8
2026-08-06,christmas pajamas,278,20.67025179856115,17.93,2165.4,45198.49,4.587782805429864,435005.0,27,30,7,74.4
2026-08-06,christmas story,184,27.909024390243903,16.555,1428.1,42793.0,4.784112149532711,276859.0,12,39,4,70.9
2026-08-06,christmas tree,248,227.1978775510204,107.99,655.7,157102.29,4.388235294117647,67634.0,1,35,6,69.0
2026-08-06,christmas vacation,130,35.91714285714286,12.969999999999999,462.8,8304.36,4.658823529411765,49164.0,4,17,0,71.9
2026-08-06,christmas vacation cast,187,40.3721546961326,18.74,2070.2,52966.65,4.813422818791946,400246.0,22,39,0,71.1
2026-08-06,christmas wrapping paper,291,16.449759450171822,14.99,4899.0,58086.02,4.709433962264151,712929.0,35,51,4,68.6
2026-08-06,clear christmas ornaments balls,263,23.668931297709925,18.33,2241.2,54067.340000000004,4.610859728506787,336742.0,29,36,1,73.6
2026-08-06,diamond art christmas ornaments,265,18.051433962264152,14.99,803.8000000000001,20280.13,4.507692307692308,192152.0,6,45,29,69.4
2026-08-06,grinch christmas decorations,251,52.94649999999999,21.925,1417.2,71858.03,4.6235,304156.0,16,41,1,71.7
2026-08-06,nightmare before christmas,94,55.891382978723406,19.99,264.6,19080.56,4.7625,21666.0,5,17,0,74.8
2026-08-06,nightmare before christmas gifts,290,31.132013888888892,19.185,1160.0,31374.47,4.691666666666667,131746.0,6,48,5,71.6
2026-08-06,personalized christmas ornaments,35,12.019705882352941,9.99,110.7,1553.6,4.6125,4539.0,0,1,2,70.5
2026-08-06,toddler christmas gifts,173,27.420709219858157,17.99,5695.5,74286.45,4.651376146788991,185233.0,34,26,0,72.4
2026-08-06,vintage christmas ornaments,181,36.39882681564246,23.63,398.1,10697.539999999999,4.5019607843137255,15458.0,0,25,5,69.3
2026-08-07,baby christmas gifts,289,19.263391003460207,15.82,15874.3,276797.98,4.70352422907489,1014097.0,89,52,0,79.1
2026-08-07,bulk christmas gifts,284,13.469788732394367,8.98,12128.5,153351.38,4.587857142857143,25809.0,47,40,0,81.2
2026-08-07,christmas,78,62.00192307692307,20.42,568.5,21868.0,4.717499999999999,197241.0,5,18,1,80.1
2026-08-07,christmas 2026,286,15.135454545454545,9.99,1710.8,25110.19,4.5829931972789115,226670.0,16,26,26,79.2
2026-08-07,christmas cactus,283,24.298904593639577,19.99,2504.2,53780.1,4.2608391608391605,641398.0,21,50,4,79.1
2026-08-07,christmas decor,261,47.26463601532567,19.22,3236.2,103222.44,4.579768786127167,364570.0,21,39,5,81.8
2026-08-07,christmas decorations,117,67.8840170940171,24.99,4271.4,105353.72,4.555882352941176,233602.0,10,15,1,82.9
2026-08-07,christmas decorations 2026,239,18.12281512605042,11.045,1435.0,16043.27,4.5494318181818185,135517.0,15,36,2,79.6
2026-08-07,christmas decorations amazon,240,22.38928870292887,16.82,1968.4,31908.34,4.507894736842105,151935.0,13,30,0,78.1
2026-08-07,christmas decorations clearance,176,19.47028409090909,10.57,2691.4,55922.76,4.462585034013605,269050.0,25,23,0,82.6
2026-08-07,christmas decorations disneyland,294,37.274580419580424,17.99,1091.3,44191.45,4.523926380368098,72114.0,10,39,0,77.9
2026-08-07,christmas decorations ideas,136,29.147462686567167,14.690000000000001,2397.2,44905.09,4.484848484848484,63721.0,11,20,1,79.9
2026-08-07,christmas decorations indoor,136,35.01625,18.645,1461.8,33955.24,4.535211267605634,162924.0,10,18,7,83.3
2026-08-07,christmas decorations near me,169,39.68040650406505,18.0,967.2,27027.03,4.4976,132983.0,9,12,2,77.1
2026-08-07,christmas decorations nyc,296,19.247098976109214,14.99,1151.4,26667.05,4.617142857142857,131343.0,13,45,1,77.9
2026-08-07,christmas decorations on sale,89,20.944938271604936,14.0,768.6,8133.84,4.5019607843137255,69995.0,4,14,0,75.8
2026-08-07,christmas decorations outdoor,207,90.25309178743962,44.99,2313.9,202231.7,4.542580645161291,281517.0,20,36,7,77.3
2026-08-07,christmas gift card book,248,16.686396761133604,12.99,1285.6,21678.1,4.462295081967213,101144.0,10,40,16,75.3
2026-08-07,christmas gifts,96,29.469516129032257,20.79,1523.5,27992.26,4.636206896551724,9206.0,3,9,3,84.2
2026-08-07,christmas gifts 2026,151,20.43825,12.99,975.7,4501.650000000001,4.5361111111111105,20073.0,2,18,0,74.1
2026-08-07,christmas gifts for coworkers,222,14.91617117117117,11.99,2122.2,34277.44,4.610434782608696,17190.0,19,36,2,77.1
2026-08-07,christmas gifts for girls,280,30.701999999999998,19.99,12587.9,282281.11,4.626666666666667,389221.0,68,47,0,79.9
2026-08-07,christmas gifts for kids,195,37.20618556701031,19.96,13182.5,227153.48,4.506593406593407,13498.0,35,31,0,78.4
2026-08-07,christmas gifts for men,276,32.69981818181819,21.95,13483.7,282459.34,4.6674528301886795,632195.0,71,30,0,80.3
2026-08-07,christmas gifts for mom,243,26.128971193415637,21.95,4565.7,108864.67,4.743523316062176,604560.0,47,40,0,79.3
2026-08-07,christmas gifts for teen girls,229,19.44537777777778,14.99,10223.5,176335.32,4.65195530726257,604792.0,45,33,0,82.3
2026-08-07,christmas gifts for teens,134,17.71812030075188,13.97,5290.5,81861.9,4.594505494505495,90052.0,24,23,0,78.8
2026-08-07,christmas gifts for women,176,45.388068181818184,19.985,4956.7,120935.92,4.690756302521009,312531.0,39,25,0,79.7
2026-08-07,christmas gifts ideas,103,27.390679611650484,22.99,2270.7,57021.39,4.558974358974359,3028.0,14,19,0,81.1
2026-08-07,christmas in july,246,16.307696335078536,13.79,1021.3,14303.02,4.5574468085106385,127893.0,7,39,0,77.3
2026-08-07,christmas island,196,44.00017857142858,15.105,1299.6,34975.68,4.676086956521739,182262.0,20,41,0,78.3
2026-08-07,christmas lights,265,36.520566037735854,18.99,2044.0,61339.33,4.560869565217391,127770.0,22,43,2,78.6
2026-08-07,christmas movies,168,16.666797385620914,13.99,1302.7,22051.87,4.76504854368932,234415.0,15,24,3,80.0
2026-08-07,christmas ornament,175,20.336964285714288,14.105,1413.7,22739.26,4.67,394898.0,9,26,8,76.5
2026-08-07,christmas ornament crafts,268,17.850827067669172,12.99,665.9,10122.26,4.52463768115942,26597.0,2,42,2,77.0
2026-08-07,christmas ornament storage,144,27.471702127659576,17.77,1915.8,62966.56,4.511290322580645,9920.0,8,15,0,87.5
2026-08-07,christmas ornament storage box,276,45.22941176470588,30.0,3170.4,130321.62,4.603720930232558,357134.0,25,47,1,78.4
2026-08-07,christmas ornaments,74,17.446164383561644,12.59,194.8,3374.75,4.604444444444444,7513.0,0,5,2,77.5
2026-08-07,christmas ornaments 2026,143,17.574055944055946,11.05,1090.8,14994.369999999999,4.6479591836734695,151231.0,9,12,3,78.7
2026-08-07,christmas ornaments clearance,170,10.392840236686391,7.0,561.3,6334.36,4.273,29059.0,4,17,4,78.4
2026-08-07,christmas ornaments near me,175,15.282196531791909,12.99,1556.7,22138.25,4.636601307189542,213741.0,16,23,0,78.8
2026-08-07,christmas ornaments nyc,178,18.52567415730337,15.285,1141.4,22034.8,4.701694915254237,189575.0,9,21,0,79.6
2026-08-07,christmas ornaments personalized,127,10.891951219512196,9.99,681.9,8497.53,4.501818181818182,103206.0,6,12,6,77.6
2026-08-07,christmas ornaments sale,123,21.447073170731706,9.99,563.0,8763.32,4.384705882352941,95971.0,6,14,0,78.0
2026-08-07,christmas ornaments set,192,41.660833333333336,29.865000000000002,1004.5,47909.93,4.627906976744186,70979.0,8,40,14,79.6
2026-08-07,christmas ornaments to make,122,18.312962962962963,13.99,656.4,9148.75,4.531707317073171,150608.0,4,19,1,76.4
2026-08-07,christmas pajamas,278,20.68910071942446,17.93,2299.6,47531.47,4.591855203619909,435065.0,27,38,7,78.4
2026-08-07,christmas story,184,27.878963414634143,16.555,1595.4,46712.84,4.79158878504673,276908.0,12,36,4,78.0
2026-08-07,christmas tree,248,227.14110204081632,104.78,714.0,173394.72,4.3875,67651.0,1,35,6,74.3
2026-08-07,christmas vacation,130,35.88793650793651,12.905,505.6,8979.44,4.662745098039216,49175.0,5,15,0,77.7
2026-08-07,christmas vacation cast,187,40.38574585635359,18.74,2286.3,57799.05,4.8214765100671135,400304.0,24,37,0,77.5
2026-08-07,christmas wrapping paper,291,16.418762886597936,14.99,5684.5,65565.08,4.706415094339623,713005.0,36,49,4,78.0
2026-08-07,clear christmas ornaments balls,263,23.686145038167936,18.560000000000002,2456.4,59476.13,4.608597285067873,336802.0,31,39,1,79.7
2026-08-07,diamond art christmas ornaments,265,18.07622641509434,14.99,901.0,23271.89,4.5196969696969695,192170.0,6,38,31,76.6
2026-08-07,grinch christmas decorations,251,52.88269999999999,22.145,1567.3,75282.71,4.622885572139304,304259.0,18,40,2,78.2
2026-08-07,nightmare before christmas,94,55.775000000000006,19.99,291.2,20344.01,4.770833333333333,21674.0,6,16,0,81.4
2026-08-07,nightmare before christmas gifts,290,31.070659722222224,19.185,1270.8,34299.81,4.688095238095238,131774.0,7,48,5,77.5
2026-08-07,personalized christmas ornaments,35,12.019705882352941,9.99,124.4,1737.54,4.609375,4542.0,0,4,2,78.0
2026-08-07,toddler christmas gifts,173,27.431843971631206,18.81,6176.6,81060.36,4.654128440366972,185278.0,34,24,0,77.6
2026-08-07,vintage christmas ornaments,181,36.10430167597765,23.63,436.3,11733.43,4.507843137254902,15467.0,0,23,5,75.0
2026-08-08,baby christmas gifts,289,19.20273356401384,15.82,18471.8,320106.63,4.700881057268722,1014217.0,92,46,0,90.4
2026-08-08,bulk christmas gifts,284,13.455457746478872,8.98,14241.9,180502.04,4.589285714285714,25833.0,48,47,0,93.7
2026-08-08,christmas,78,62.022564102564104,20.42,634.5,25023.489999999998,4.7125,197258.0,5,15,1,88.3
2026-08-08,christmas 2026,286,15.12055944055944,9.99,1940.3,29094.25,4.58918918918919,226721.0,16,29,28,88.4
2026-08-08,christmas cactus,283,24.287420494699646,19.99,2945.2,61936.55,4.264335664335664,641444.0,22,51,4,91.3
2026-08-08,christmas decor,261,47.26038314176245,18.99,3648.0,121335.69,4.58092485549133,364635.0,27,41,5,91.0
2026-08-08,christmas decorations,117,67.61538461538461,24.65,4716.599999999999,121236.39,4.561764705882353,233629.0,11,15,1,90.5
2026-08-08,christmas decorations 2026,239,18.145,11.545,1628.6,18491.62,4.5494318181818185,135556.0,15,34,2,89.0
2026-08-08,christmas decorations amazon,240,22.473765690376567,16.82,2185.3,35933.15,4.5073684210526315,151967.0,17,26,0,85.7
2026-08-08,christmas decorations clearance,176,19.52846590909091,10.57,3097.4,66013.66,4.459183673469388,269086.0,31,27,0,93.5
2026-08-08,christmas decorations disneyland,294,37.281993006993005,17.99,1255.5,48596.979999999996,4.517177914110429,72134.0,13,36,0,88.1
2026-08-08,christmas decorations ideas,136,29.237462686567167,14.690000000000001,2737.1,50354.33,4.486868686868687,63743.0,13,20,1,89.8
2026-08-08,christmas decorations indoor,136,35.06007352941177,18.645,1648.9,38022.17,4.536111111111111,162940.0,10,17,7,92.7
2026-08-08,christmas decorations near me,169,39.63024390243902,18.0,1113.7,30604.56,4.504,133012.0,9,12,2,87.2
2026-08-08,christmas decorations nyc,296,19.248566552901025,14.99,1331.0,30730.52,4.625568181818182,131390.0,13,43,1,88.5
2026-08-08,christmas decorations on sale,89,20.920864197530864,14.0,822.3,9129.91,4.5058823529411764,70006.0,5,18,0,80.4
2026-08-08,christmas decorations outdoor,207,90.31429951690822,44.99,2643.8,227437.32,4.541290322580645,281567.0,21,28,7,86.9
2026-08-08,christmas gift card book,248,16.712105263157895,12.99,1503.5,25027.86,4.459016393442623,101163.0,12,43,16,86.4
2026-08-08,christmas gifts,96,29.46951612903226,20.79,1595.0,28704.34,4.636206896551724,9214.0,5,7,3,87.6
2026-08-08,christmas gifts 2026,151,20.39875,12.99,1139.2,5156.66,4.537962962962963,20087.0,4,15,0,84.8
2026-08-08,christmas gifts for coworkers,222,14.937792792792793,11.99,2439.5,39348.34,4.6121739130434785,17218.0,19,39,2,87.1
2026-08-08,christmas gifts for girls,280,30.702035714285714,19.99,14552.9,327684.95,4.621904761904762,389285.0,71,43,0,90.8
2026-08-08,christmas gifts for kids,195,37.22685567010309,19.97,15426.0,267585.82,4.508791208791209,13517.0,35,30,0,90.1
2026-08-08,christmas gifts for men,276,32.747781818181814,22.94,15341.6,322588.71,4.674056603773585,632275.0,75,44,0,90.0
2026-08-08,christmas gifts for mom,243,26.141728395061726,21.95,5282.9,123379.89,4.745077720207254,604651.0,49,36,0,90.1
2026-08-08,christmas gifts for teen girls,229,19.428088888888887,14.99,11341.8,199519.28,4.648603351955307,604855.0,49,34,0,90.2
2026-08-08,christmas gifts for teens,134,17.718120300751877,13.97,6108.3,95331.32,4.593406593406593,90083.0,25,23,0,89.5
2026-08-08,christmas gifts for women,176,45.412670454545456,19.99,5662.1,137383.89,4.6915966386554615,312586.0,41,34,0,89.6
2026-08-08,christmas gifts ideas,103,27.53359223300971,22.99,2559.5,64390.3,4.564102564102564,3034.0,14,17,0,90.1
2026-08-08,christmas in july,246,16.314659685863873,13.79,1188.6,16545.05,4.552482269503546,127915.0,9,48,0,88.4
2026-08-08,christmas island,196,43.92619047619048,14.995000000000001,1527.0,40646.05,4.673913043478261,182296.0,23,33,0,90.3
2026-08-08,christmas lights,265,36.49596226415095,18.99,2362.3,73857.71,4.567625899280575,127842.0,26,39,3,89.3
2026-08-08,christmas movies,168,16.69111111111111,13.99,1486.9,24858.44,4.763106796116505,234455.0,17,19,3,89.9
2026-08-08,christmas ornament,175,20.402916666666666,14.105,1648.4,26589.61,4.676153846153846,394933.0,11,19,8,87.6
2026-08-08,christmas ornament crafts,268,17.85221804511278,12.99,776.6,11672.01,4.520714285714286,27176.0,2,30,4,88.2
2026-08-08,christmas ornament storage,144,27.48900709219858,17.77,2137.2999999999997,69530.26,4.509677419354839,9927.0,9,15,0,96.5
2026-08-08,christmas ornament storage box,276,45.20341911764706,30.0,3571.2,147253.55,4.60093023255814,357190.0,31,44,1,87.0
2026-08-08,christmas ornaments,74,17.471232876712328,12.59,226.5,3844.7799999999997,4.608888888888889,7517.0,0,6,2,88.4
2026-08-08,christmas ornaments 2026,143,17.569300699300697,11.05,1259.3,17008.39,4.644897959183673,151271.0,9,14,3,89.4
2026-08-08,christmas ornaments clearance,170,10.417573964497041,7.28,653.6,7197.58,4.279,29077.0,4,22,4,89.6
2026-08-08,christmas ornaments near me,175,15.25878612716763,12.99,1813.4,25954.37,4.629411764705882,213788.0,18,23,0,90.1
2026-08-08,christmas ornaments nyc,178,18.49567415730337,15.129999999999999,1305.7,24908.79,4.698305084745763,189603.0,12,20,0,89.6
2026-08-08,christmas ornaments personalized,127,10.93308943089431,9.99,783.8,9842.81,4.512612612612612,103241.0,7,8,7,87.8
2026-08-08,christmas ornaments sale,123,21.356422764227645,9.99,641.2,9926.78,4.383529411764706,95985.0,6,15,0,87.5
2026-08-08,christmas ornaments set,192,41.61182291666667,29.865000000000002,1131.9,54359.4,4.625190839694656,71050.0,10,34,16,88.5
2026-08-08,christmas ornaments to make,122,18.330277777777777,13.99,767.6,10758.85,4.537804878048781,150623.0,5,21,1,87.7
2026-08-08,christmas pajamas,278,20.70122302158273,17.93,2619.0,54670.81,4.589140271493213,435139.0,29,44,7,87.9
2026-08-08,christmas story,184,27.90457317073171,16.99,1781.5,51644.25,4.789719626168225,276957.0,15,35,4,86.0
2026-08-08,christmas tree,248,227.38412244897958,104.78,838.6,203366.5,4.391176470588236,67666.0,2,38,6,85.5
2026-08-08,christmas vacation,130,36.15777777777778,12.905,600.8,10716.68,4.6568627450980395,49186.0,6,18,0,90.4
2026-08-08,christmas vacation cast,187,40.3878453038674,18.74,2641.8,66191.3,4.824161073825504,400363.0,27,36,0,87.9
2026-08-08,christmas wrapping paper,291,16.4193470790378,14.99,6296.2,74098.09,4.709433962264151,713080.0,38,46,4,85.3
2026-08-08,clear christmas ornaments balls,263,23.75801526717557,18.33,2796.7,68381.69,4.617194570135746,336880.0,33,35,1,89.3
2026-08-08,diamond art christmas ornaments,265,17.92309433962264,14.99,1038.3,26051.61,4.518796992481203,192194.0,7,36,35,86.7
2026-08-08,grinch christmas decorations,251,53.0839,22.145,1788.5,88211.69,4.623383084577114,304313.0,19,46,2,87.8
2026-08-08,nightmare before christmas,94,55.835531914893615,19.994999999999997,334.3,23130.140000000003,4.783333333333333,21680.0,5,17,0,91.9
2026-08-08,nightmare before christmas gifts,290,31.08986111111111,19.185,1466.2,39863.29,4.685714285714286,131797.0,8,53,5,87.8
2026-08-08,personalized christmas ornaments,35,12.019705882352941,9.99,141.5,1977.8200000000002,4.609375,4543.0,0,1,2,87.3
2026-08-08,toddler christmas gifts,173,27.431843971631206,18.81,7124.6,92003.07,4.654128440366972,185332.0,34,29,0,88.0
2026-08-08,vintage christmas ornaments,181,36.510614525139665,23.6,507.4,13537.74,4.506862745098039,15479.0,1,26,5,85.6
2026-08-09,baby christmas gifts,289,19.17332179930796,15.95,19504.1,336861.24,4.700881057268722,1014324.0,95,45,0,94.9
2026-08-09,bulk christmas gifts,284,13.470352112676055,8.975000000000001,14478.2,188180.79,4.59,25873.0,49,48,0,95.0
2026-08-09,christmas,78,62.051538461538456,20.42,673.7,26771.08,4.7125,197275.0,5,14,1,93.1
2026-08-09,christmas 2026,286,15.110314685314686,9.99,2000.2,29979.54,4.589333333333333,226787.0,16,31,33,90.8
2026-08-09,christmas cactus,283,24.340459363957596,19.99,3093.0,65280.01,4.263636363636364,641488.0,22,46,4,95.4
2026-08-09,christmas decor,261,47.27632183908045,18.99,3726.8,121998.26,4.573563218390804,364687.0,24,51,6,92.7
2026-08-09,christmas decorations,117,67.60735042735043,24.65,4950.9,126505.55,4.563235294117647,233662.0,11,20,1,94.5
2026-08-09,christmas decorations 2026,239,18.145,11.545,1685.3,18963.239999999998,4.547727272727273,135597.0,15,33,2,91.8
2026-08-09,christmas decorations amazon,240,22.45983263598326,16.82,2330.9,37787.65,4.503157894736842,152008.0,19,28,0,90.7
2026-08-09,christmas decorations clearance,176,19.644318181818182,10.57,3110.1,66882.20999999999,4.466666666666667,269128.0,30,23,0,93.9
2026-08-09,christmas decorations disneyland,294,37.281993006993005,17.99,1307.2,51902.99,4.5218181818181815,72163.0,12,44,0,91.4
2026-08-09,christmas decorations ideas,136,29.753731343283583,14.690000000000001,2883.5,54939.31,4.4910000000000005,63774.0,13,23,2,94.1
2026-08-09,christmas decorations indoor,136,35.07,18.645,1664.0,39307.69,4.531944444444445,162958.0,10,19,8,93.5
2026-08-09,christmas decorations near me,169,39.63024390243903,18.0,1169.3,33086.05,4.5024,133034.0,11,20,3,91.1
2026-08-09,christmas decorations nyc,296,19.27358361774744,14.99,1397.3,32202.6,4.623295454545455,131424.0,15,45,1,92.4
2026-08-09,christmas decorations on sale,89,20.872592592592593,13.99,964.6,9863.83,4.503921568627451,70017.0,5,15,0,92.5
2026-08-09,christmas decorations outdoor,207,90.4576811594203,44.99,2813.8,247300.14,4.538064516129032,281629.0,22,29,7,91.8
2026-08-09,christmas gift card book,248,16.75526315789474,12.99,1544.2,25529.09,4.467479674796748,101188.0,12,37,17,88.5
2026-08-09,christmas gifts,96,29.46951612903226,20.79,1790.3,32408.940000000002,4.63448275862069,9218.0,6,8,3,97.1
2026-08-09,christmas gifts 2026,151,20.40175,12.99,1232.3,5400.36,4.537962962962963,20105.0,4,16,0,90.9
2026-08-09,christmas gifts for coworkers,222,14.927567567567568,11.99,2565.0,40889.09,4.60695652173913,17257.0,20,32,3,91.1
2026-08-09,christmas gifts for girls,280,30.71717857142857,19.99,15238.9,342706.22,4.625238095238095,389373.0,71,36,0,94.7
2026-08-09,christmas gifts for kids,195,37.01309278350516,19.96,15867.1,274399.88,4.508791208791209,13543.0,36,33,0,92.4
2026-08-09,christmas gifts for men,276,32.91585454545455,21.95,16369.3,341219.08,4.667924528301887,632359.0,74,39,0,95.3
2026-08-09,christmas gifts for mom,243,26.050781893004118,21.95,5591.3,130255.68,4.744041450777202,604718.0,49,34,0,94.8
2026-08-09,christmas gifts for teen girls,229,19.42071111111111,14.99,12482.0,213054.23,4.647486033519553,604927.0,50,28,0,98.3
2026-08-09,christmas gifts for teens,134,17.738646616541352,13.97,6382.2,100000.08,4.5978021978021975,90111.0,25,21,0,93.0
2026-08-09,christmas gifts for women,176,45.37465909090909,19.99,5953.6,144798.1,4.68655462184874,312670.0,42,20,0,93.7
2026-08-09,christmas gifts ideas,103,27.521650485436894,22.99,2725.0,68808.68,4.569230769230769,3043.0,14,17,0,95.3
2026-08-09,christmas in july,246,16.305287958115183,13.79,1228.6,17191.04,4.556028368794326,127941.0,9,39,0,91.0
2026-08-09,christmas island,196,44.1475,14.99,1596.6,43955.97,4.672826086956522,182344.0,23,38,0,94.0
2026-08-09,christmas lights,265,36.54181132075472,18.99,2442.8,73849.58,4.562589928057554,127869.0,24,47,4,92.0
2026-08-09,christmas movies,168,16.679673202614378,13.99,1549.6,25877.75,4.768932038834952,234485.0,16,23,3,93.3
2026-08-09,christmas ornament,175,20.41404761904762,14.105,1709.4,27856.34,4.672307692307692,394972.0,12,21,9,90.5
2026-08-09,christmas ornament crafts,268,17.886203007518795,12.99,809.0,12329.95,4.519285714285715,27190.0,3,47,4,91.5
2026-08-09,christmas ornament storage,144,27.506382978723405,17.77,2119.1,72430.31,4.512903225806451,9939.0,9,19,0,95.7
2026-08-09,christmas ornament storage box,276,45.20341911764706,30.0,3768.9,157422.25,4.60093023255814,357250.0,32,46,1,91.3
2026-08-09,christmas ornaments,74,17.47123287671233,12.59,240.4,4133.59,4.602222222222222,7519.0,1,3,2,93.2
2026-08-09,christmas ornaments 2026,143,17.352097902097903,10.98,1321.3,17440.83,4.648979591836735,151305.0,10,19,3,93.3
2026-08-09,christmas ornaments clearance,170,10.405680473372781,7.0,668.0,7304.24,4.276,29093.0,4,22,4,91.4
2026-08-09,christmas ornaments near me,175,15.282832369942195,12.99,1881.0,27071.31,4.634640522875817,213849.0,18,21,0,93.1
2026-08-09,christmas ornaments nyc,178,18.524044943820222,15.129999999999999,1342.0,25887.97,4.661983471074381,189629.0,11,22,0,91.8
2026-08-09,christmas ornaments personalized,127,10.935772357723577,9.99,821.2,10179.91,4.515315315315315,103265.0,7,8,8,91.5
2026-08-09,christmas ornaments sale,123,21.356422764227645,9.99,679.8,10445.52,4.382352941176471,95996.0,7,18,0,92.1
2026-08-09,christmas ornaments set,192,41.7603125,29.865000000000002,1175.4,57311.55,4.630075187969925,71082.0,12,34,18,91.5
2026-08-09,christmas ornaments to make,122,18.420185185185183,13.99,779.4,10921.869999999999,4.535365853658536,150639.0,6,20,1,88.9
2026-08-09,christmas pajamas,278,20.72226618705036,17.93,2764.4,57794.12,4.589140271493213,435211.0,28,35,7,92.2
2026-08-09,christmas story,184,27.91731707317073,16.99,1922.0,55316.96,4.79158878504673,277008.0,14,42,4,92.0
2026-08-09,christmas tree,248,226.90779591836733,104.42,894.3,211532.79,4.392700729927007,67685.0,2,39,6,90.5
2026-08-09,christmas vacation,130,36.18698412698413,12.969999999999999,631.7,11068.83,4.655769230769231,49288.0,6,18,1,94.6
2026-08-09,christmas vacation cast,187,40.3878453038674,18.74,2771.5,70589.66,4.817449664429531,400418.0,29,31,0,91.8
2026-08-09,christmas wrapping paper,291,16.4193470790378,14.99,6640.5,76553.88,4.7067924528301885,713163.0,40,47,4,89.4
2026-08-09,clear christmas ornaments balls,263,23.754503816793893,18.134999999999998,2924.6,70543.47,4.611764705882353,336943.0,33,33,1,93.0
2026-08-09,diamond art christmas ornaments,265,17.94422641509434,14.99,1082.3,27327.920000000002,4.516058394160584,192240.0,6,46,40,90.0
2026-08-09,grinch christmas decorations,251,53.038199999999996,22.145,1863.4,91324.89,4.623383084577115,304362.0,20,45,2,91.1
2026-08-09,nightmare before christmas,94,56.043297872340425,20.73,343.7,24703.359999999997,4.779166666666667,21692.0,6,16,0,94.2
2026-08-09,nightmare before christmas gifts,290,31.04298611111111,19.244999999999997,1545.2,41926.89,4.685714285714286,131824.0,8,45,5,92.0
2026-08-09,personalized christmas ornaments,35,11.922941176470587,9.99,150.0,2060.0,4.615625,4549.0,0,0,2,92.0
2026-08-09,toddler christmas gifts,173,27.431843971631206,18.81,7495.7,96654.75,4.652293577981651,185382.0,34,20,0,92.1
2026-08-09,vintage christmas ornaments,181,36.51664804469274,23.6,526.0,14230.9,4.504901960784314,15489.0,1,28,6,88.4
2026-08-10,baby christmas gifts,289,19.18006920415225,15.95,14546.3,252782.3,4.697356828193833,1014419.0,88,52,0,73.3
2026-08-10,bulk christmas gifts,284,13.456232394366198,8.96,10795.9,139936.22,4.587857142857143,25900.0,47,43,0,73.4
2026-08-10,christmas,78,62.06346153846154,20.42,510.6,20771.68,4.7075000000000005,197287.0,5,17,1,73.0
2026-08-10,christmas 2026,286,15.047902097902098,9.99,1492.2,22120.68,4.592052980132451,226825.0,15,31,33,70.3
2026-08-10,christmas cactus,283,24.35409893992933,19.99,2296.6,48741.73,4.259027777777778,641519.0,20,56,4,73.4
2026-08-10,christmas decor,261,47.23298850574712,18.99,2835.2,94405.43,4.576,364726.0,20,34,6,72.9
2026-08-10,christmas decorations,117,67.78760683760683,24.65,3658.4,95130.68000000001,4.564705882352941,233677.0,9,17,1,72.4
2026-08-10,christmas decorations 2026,239,18.154789915966386,11.545,1268.7,14238.94,4.548863636363636,135630.0,15,37,2,71.5
2026-08-10,christmas decorations amazon,240,22.39836820083682,16.82,1771.6,28850.32,4.5063157894736845,152043.0,11,23,0,71.3
2026-08-10,christmas decorations clearance,176,19.646079545454544,10.57,2381.2,50906.28,4.470068027210885,269167.0,22,32,0,74.2
2026-08-10,christmas decorations disneyland,294,37.235594405594405,17.99,998.8,40141.94,4.5181818181818185,72189.0,9,43,0,72.2
2026-08-10,christmas decorations ideas,136,29.748507462686568,14.690000000000001,2161.9,39962.08,4.495,63788.0,11,17,2,73.0
2026-08-10,christmas decorations indoor,136,35.04786764705882,18.645,1236.1,29231.36,4.536111111111111,162971.0,9,17,8,72.0
2026-08-10,christmas decorations near me,169,39.63024390243903,18.0,874.5,24096.92,4.5,133051.0,8,14,3,70.6
2026-08-10,christmas decorations nyc,296,19.344778156996586,14.99,1056.8,24459.38,4.625,131445.0,12,45,1,72.4
2026-08-10,christmas decorations on sale,89,20.73172839506173,14.0,700.5,7426.24,4.5019607843137255,70034.0,3,13,0,69.9
2026-08-10,christmas decorations outdoor,207,90.3348309178744,44.99,2122.1,188556.86000000002,4.539354838709677,281659.0,20,34,7,71.7
2026-08-10,christmas gift card book,248,16.721376518218623,12.99,1180.0,19523.1,4.474399999999999,101209.0,8,42,17,70.0
2026-08-10,christmas gifts,96,29.34741935483871,20.79,1269.0,22688.39,4.63448275862069,9224.0,2,10,3,71.8
2026-08-10,christmas gifts 2026,151,20.42475,12.99,919.9,4087.64,4.537037037037037,20118.0,2,15,0,70.4
2026-08-10,christmas gifts for coworkers,222,14.915810810810811,11.99,1918.6,30354.47,4.608695652173913,17282.0,16,39,3,70.6
2026-08-10,christmas gifts for girls,280,30.662857142857145,19.994999999999997,11295.8,259090.49,4.627142857142857,389436.0,65,42,0,72.8
2026-08-10,christmas gifts for kids,195,36.91768041237113,19.825000000000003,12345.9,212075.61,4.515384615384615,13565.0,35,31,0,74.1
2026-08-10,christmas gifts for men,276,32.88352727272727,21.95,12327.0,255519.64,4.666037735849057,632411.0,70,41,0,74.3
2026-08-10,christmas gifts for mom,243,26.05353909465021,21.95,4209.0,97987.75,4.74300518134715,604789.0,42,38,0,73.9
2026-08-10,christmas gifts for teen girls,229,19.406844444444445,15.0,9108.6,159707.79,4.648044692737431,604984.0,44,36,0,74.4
2026-08-10,christmas gifts for teens,134,17.74233082706767,13.99,4877.3,75578.92,4.596703296703297,90147.0,23,20,0,73.5
2026-08-10,christmas gifts for women,176,45.359488636363636,19.99,4514.9,109240.5,4.697478991596639,312729.0,37,17,0,73.5
2026-08-10,christmas gifts ideas,103,27.503106796116505,22.99,2015.5,50870.24,4.564102564102564,3053.0,14,14,0,73.1
2026-08-10,christmas in july,246,16.304293193717278,13.79,950.4,13543.869999999999,4.5647887323943666,127962.0,5,40,0,72.7
2026-08-10,christmas island,196,44.19970238095238,14.99,1175.4,31506.98,4.678260869565217,182369.0,19,33,0,71.8
2026-08-10,christmas lights,265,36.571056603773584,19.0,1870.1,58204.45,4.568345323741007,127900.0,20,48,4,72.7
2026-08-10,christmas movies,168,16.68065359477124,13.99,1154.6,19559.9,4.76504854368932,234517.0,13,24,3,72.1
2026-08-10,christmas ornament,175,20.405535714285715,13.99,1324.2,21228.58,4.676923076923077,394999.0,9,22,9,72.3
2026-08-10,christmas ornament crafts,268,17.843947368421052,12.99,613.8,9312.61,4.522857142857143,27203.0,1,42,4,71.8
2026-08-10,christmas ornament storage,144,27.506382978723405,17.77,1561.4,53343.99,4.512903225806451,9944.0,6,22,0,73.2
2026-08-10,christmas ornament storage box,276,45.19393382352941,30.015,2828.2,119533.4,4.6032558139534885,357309.0,23,38,1,71.0
2026-08-10,christmas ornaments,74,17.414657534246576,12.28,180.9,3076.51,4.597777777777778,7525.0,0,3,2,72.6
2026-08-10,christmas ornaments 2026,143,17.277412587412588,10.98,1014.9,13454.32,4.648979591836735,151333.0,9,10,3,74.0
2026-08-10,christmas ornaments clearance,170,10.40301775147929,7.45,509.6,5627.34,4.279,29112.0,3,15,4,72.1
2026-08-10,christmas ornaments near me,175,15.270809248554913,12.99,1411.3,19993.28,4.63202614379085,213880.0,16,20,0,72.4
2026-08-10,christmas ornaments nyc,178,18.55938202247191,15.129999999999999,1017.1999999999999,19736.03,4.668852459016394,189647.0,9,17,0,72.0
2026-08-10,christmas ornaments personalized,127,10.971626016260162,9.99,607.0,7643.95,4.512612612612612,103294.0,4,17,8,70.2
2026-08-10,christmas ornaments sale,123,21.356422764227645,9.99,494.0,7639.28,4.381176470588235,96008.0,5,17,0,69.7
2026-08-10,christmas ornaments set,192,41.72619791666667,29.175,881.4,43220.23,4.632330827067669,71095.0,7,33,18,71.1
2026-08-10,christmas ornaments to make,122,18.420185185185186,13.99,595.5,8345.46,4.541463414634146,150657.0,3,26,1,70.3
2026-08-10,christmas pajamas,278,20.669208633093525,17.93,2079.4,43227.1,4.591855203619909,435259.0,27,47,7,71.8
2026-08-10,christmas story,184,27.823963414634147,16.99,1426.0,40640.96,4.7878504672897195,277047.0,12,37,4,70.8
2026-08-10,christmas tree,248,224.8622448979592,104.42,682.3,159650.24,4.395620437956205,67703.0,1,34,6,71.4
2026-08-10,christmas vacation,130,36.173412698412704,12.969999999999999,459.2,8087.49,4.667307692307692,49294.0,4,21,1,71.5
2026-08-10,christmas vacation cast,187,39.13486187845304,18.74,2072.3,52171.5,4.820805369127517,400475.0,21,40,0,71.1
2026-08-10,christmas wrapping paper,291,16.436563573883163,14.99,5151.7,58820.96,4.709433962264151,713230.0,33,47,4,71.6
2026-08-10,clear christmas ornaments balls,263,23.776374045801525,18.134999999999998,2236.6,53403.66,4.61036036036036,337015.0,29,41,1,73.5
2026-08-10,diamond art christmas ornaments,265,17.94422641509434,14.99,816.5,20995.8,4.521167883211679,192267.0,6,45,40,70.4
2026-08-10,grinch christmas decorations,251,53.018,22.145,1387.4,68521.3,4.623880597014925,304401.0,16,41,2,70.4
2026-08-10,nightmare before christmas,94,56.043297872340425,20.73,259.3,18785.1,4.779166666666667,21696.0,4,16,0,73.5
2026-08-10,nightmare before christmas gifts,290,31.18920138888889,18.99,1158.5,31432.72,4.690476190476191,131853.0,6,41,5,71.5
2026-08-10,personalized christmas ornaments,35,11.922941176470587,9.99,110.4,1521.26,4.6125,4553.0,0,1,2,70.3
2026-08-10,toddler christmas gifts,173,27.479432624113475,18.81,5673.7,72952.88,4.655045871559633,185427.0,33,24,0,72.1
2026-08-10,vintage christmas ornaments,181,36.79307262569832,23.63,398.1,10837.97,4.506862745098039,15492.0,0,22,6,69.3
2026-08-11,baby christmas gifts,289,19.282768166089966,15.95,14790.7,259026.69,4.697356828193833,1014503.0,90,44,0,74.4
2026-08-11,bulk christmas gifts,284,13.430845070422535,8.975000000000001,11238.3,146388.04,4.587857142857143,25931.0,48,43,0,76.0
2026-08-11,christmas,78,62.04730769230769,19.994999999999997,520.6,21228.260000000002,4.7075000000000005,197297.0,5,15,1,74.2
2026-08-11,christmas 2026,286,14.90388111888112,9.99,1570.9,23217.69,4.594039735099338,226872.0,16,33,33,73.5
2026-08-11,christmas cactus,283,24.35409893992933,19.99,2313.1,50002.23,4.25625,641551.0,20,56,4,73.8
2026-08-11,christmas decor,261,47.21593869731801,18.99,2994.1,99853.63,4.576,364770.0,20,43,6,76.4
2026-08-11,christmas decorations,117,67.9605982905983,24.99,3595.7999999999997,95144.06,4.564705882352941,233693.0,9,18,1,71.4
2026-08-11,christmas decorations 2026,239,18.184327731092438,11.99,1296.7,14820.039999999999,4.5361581920903955,135655.0,14,37,2,72.9
2026-08-11,christmas decorations amazon,240,22.35489539748954,16.82,1870.3,30469.54,4.506842105263158,152076.0,12,29,0,74.7
2026-08-11,christmas decorations clearance,176,19.64181818181818,10.57,2507.3,51239.77,4.467346938775511,269214.0,22,28,0,77.6
2026-08-11,christmas decorations disneyland,294,37.278741258741256,17.99,1024.7,40420.72,4.52,72215.0,10,49,0,73.8
2026-08-11,christmas decorations ideas,136,29.834179104477613,14.690000000000001,2269.5,43279.39,4.488,63814.0,10,23,2,76.2
2026-08-11,christmas decorations indoor,136,35.04786764705882,18.645,1338.0,30963.97,4.541666666666667,162988.0,10,19,8,77.1
2026-08-11,christmas decorations near me,169,38.947886178861786,18.0,922.6,25362.05,4.5,133073.0,8,17,3,74.0
2026-08-11,christmas decorations nyc,296,19.356075085324232,14.99,1074.7,24553.59,4.619318181818182,131478.0,12,41,1,73.4
2026-08-11,christmas decorations on sale,89,20.63604938271605,14.0,725.6,7657.2699999999995,4.507843137254902,70043.0,3,18,0,72.1
2026-08-11,christmas decorations outdoor,207,90.15710144927536,44.99,2199.0,191991.93,4.539354838709677,281720.0,19,34,7,73.9
2026-08-11,christmas gift card book,248,16.682226720647773,12.99,1195.7,19763.03,4.476,101231.0,9,33,17,70.8
2026-08-11,christmas gifts,96,29.34741935483871,20.79,1355.3999999999999,24804.64,4.63448275862069,9230.0,2,10,3,76.0
2026-08-11,christmas gifts 2026,151,20.42475,12.99,977.1999999999999,4279.35,4.537962962962963,20128.0,2,21,0,74.2
2026-08-11,christmas gifts for coworkers,222,14.915810810810811,11.99,2029.7,32375.93,4.607826086956521,17302.0,17,37,3,74.2
2026-08-11,christmas gifts for girls,280,30.721464285714287,19.994999999999997,11736.1,268313.16,4.628571428571429,389510.0,66,43,0,75.2
2026-08-11,christmas gifts for kids,195,36.95896907216495,19.96,12423.1,216969.84,4.506593406593407,13589.0,35,31,0,74.5
2026-08-11,christmas gifts for men,276,32.85945454545455,22.94,12737.4,261918.65,4.667924528301887,632477.0,70,34,0,76.4
2026-08-11,christmas gifts for mom,243,26.034279835390947,21.75,4384.4,101477.45999999999,4.7492227979274615,604860.0,44,40,0,76.5
2026-08-11,christmas gifts for teen girls,229,19.408844444444444,15.0,9562.9,164219.03,4.650837988826815,605057.0,45,33,0,77.6
2026-08-11,christmas gifts for teens,134,17.731278195488724,13.99,5070.5,77568.94,4.593406593406593,90172.0,23,24,0,76.0
2026-08-11,christmas gifts for women,176,45.54181818181818,19.99,4588.9,111241.13,4.6915966386554615,312774.0,38,28,0,74.5
2026-08-11,christmas gifts ideas,103,27.503106796116505,22.99,2152.5,54121.18,4.564102564102564,3058.0,14,18,0,77.4
2026-08-11,christmas in july,246,16.295340314136126,13.99,971.1,13585.53,4.560839160839161,127980.0,5,41,0,74.0
2026-08-11,christmas island,196,44.241190476190475,14.995000000000001,1216.7,32539.4,4.675,182399.0,20,37,0,74.0
2026-08-11,christmas lights,265,36.810716981132074,19.0,1929.7,57819.8,4.563309352517985,127927.0,21,53,4,74.7
2026-08-11,christmas movies,168,16.63392156862745,13.99,1219.4,20503.27,4.763106796116505,234547.0,12,29,3,75.6
2026-08-11,christmas ornament,175,20.39970238095238,13.99,1378.0,21993.22,4.671538461538461,395037.0,9,17,9,74.9
2026-08-11,christmas ornament crafts,268,17.82533834586466,12.99,645.4,9657.96,4.527142857142857,27218.0,2,45,4,75.0
2026-08-11,christmas ornament storage,144,27.56822695035461,17.89,1637.5,56016.35,4.512903225806451,9950.0,6,21,0,76.3
2026-08-11,christmas ornament storage box,276,45.19393382352941,30.015,2985.0,123608.35,4.60046511627907,357352.0,24,40,1,74.4
2026-08-11,christmas ornaments,74,17.393835616438356,11.99,191.5,3197.21,4.6,7529.0,0,4,2,76.3
2026-08-11,christmas ornaments 2026,143,17.295384615384613,10.98,1053.2,14237.050000000001,4.642857142857143,151349.0,9,16,3,76.4
2026-08-11,christmas ornaments clearance,170,10.40301775147929,7.45,520.4,5802.83,4.2780000000000005,29119.0,4,19,4,73.4
2026-08-11,christmas ornaments near me,175,15.269884393063585,12.99,1476.4,21005.34,4.631372549019608,213922.0,16,23,0,75.2
2026-08-11,christmas ornaments nyc,178,18.60887640449438,15.285,1046.6,20278.58,4.668032786885246,189677.0,9,22,0,73.8
2026-08-11,christmas ornaments personalized,127,10.9369918699187,9.98,635.6,7796.47,4.514414414414414,103309.0,4,11,8,73.1
2026-08-11,christmas ornaments sale,123,21.485040650406503,9.99,534.1,8280.58,4.3882352941176475,96024.0,5,20,0,74.5
2026-08-11,christmas ornaments set,192,41.7128125,29.175,936.8,45147.73,4.635338345864661,71107.0,7,33,18,75.0
2026-08-11,christmas ornaments to make,122,18.420185185185183,13.99,622.2,8592.88,4.5390243902439025,150670.0,3,22,1,73.0
2026-08-11,christmas pajamas,278,20.644676258992806,17.93,2157.0,44718.92,4.589140271493213,435326.0,27,39,7,74.1
2026-08-11,christmas story,184,27.76298780487805,16.555,1505.4,43707.31,4.789719626168225,277081.0,12,39,4,74.2
2026-08-11,christmas tree,248,225.02697959183675,104.78,704.0,166913.01,4.394160583941606,67723.0,1,38,6,73.4
2026-08-11,christmas vacation,130,36.08611111111111,12.905,492.9,8487.22,4.655769230769231,49307.0,4,18,1,76.0
2026-08-11,christmas vacation cast,187,39.08801104972376,18.74,2196.2,56328.5,4.8214765100671135,400525.0,21,33,0,74.8
2026-08-11,christmas wrapping paper,291,16.429793814432987,14.99,5307.900000000001,61133.840000000004,4.709811320754716,713300.0,35,48,4,73.5
2026-08-11,clear christmas ornaments balls,263,23.85293893129771,18.134999999999998,2282.7,55641.91,4.608108108108108,337077.0,29,42,1,74.8
2026-08-11,diamond art christmas ornaments,265,17.90822641509434,14.99,837.5,20685.98,4.519708029197081,192285.0,6,42,40,71.9
2026-08-11,grinch christmas decorations,251,52.81,21.695,1460.3,69708.29000000001,4.619900497512438,304444.0,16,40,2,73.5
2026-08-11,nightmare before christmas,94,56.01446808510638,20.73,270.09999999999997,19773.2,4.775,21701.0,5,17,0,76.2
2026-08-11,nightmare before christmas gifts,290,31.13638888888889,18.99,1208.5,32314.11,4.688690476190477,131871.0,5,47,5,74.2
2026-08-11,personalized christmas ornaments,35,11.862647058823528,9.985,117.7,1627.46,4.6125,4556.0,0,4,2,74.3
2026-08-11,toddler christmas gifts,173,27.431560283687944,17.99,5884.5,74501.75,4.64954128440367,185468.0,33,23,0,74.4
2026-08-11,vintage christmas ornaments,181,36.966368715083796,23.6,419.8,11279.26,4.5106796116504855,15504.0,0,31,6,72.5
2026-08-12,baby christmas gifts,289,19.30311418685121,15.95,15316.5,271032.05,4.697797356828194,1014597.0,91,50,0,76.7
2026-08-12,bulk christmas gifts,284,13.457781690140846,8.975000000000001,11743.0,152074.15,4.586428571428572,25951.0,48,44,0,79.0
2026-08-12,christmas,78,62.04730769230769,19.994999999999997,562.4,22557.53,4.71,197309.0,5,16,1,79.4
2026-08-12,christmas 2026,286,14.859405594405594,9.99,1677.9,24900.2,4.593377483443708,226908.0,16,31,33,77.8
2026-08-12,christmas cactus,283,24.395441696113075,19.99,2444.2000000000003,52680.06,4.254166666666666,641596.0,20,51,4,77.5
2026-08-12,christmas decor,261,47.254329501915706,19.97,3096.3,103607.2,4.577142857142857,364826.0,21,53,6,78.7
2026-08-12,christmas decorations,117,67.73008547008547,24.99,4247.0,109479.99,4.555882352941176,233710.0,9,15,1,82.5
2026-08-12,christmas decorations 2026,239,18.1090756302521,11.99,1358.1,15608.2,4.537853107344633,135687.0,14,31,2,75.9
2026-08-12,christmas decorations amazon,240,22.349707112970712,16.82,2015.1,31564.07,4.5073684210526315,152117.0,11,35,0,79.8
2026-08-12,christmas decorations clearance,176,19.648125,10.57,2631.2,55584.340000000004,4.466666666666667,269260.0,22,27,0,80.9
2026-08-12,christmas decorations disneyland,294,37.319160839160844,17.99,1058.3,40945.07,4.527272727272727,72236.0,10,41,0,75.9
2026-08-12,christmas decorations ideas,136,29.87014925373134,14.690000000000001,2415.5,44218.85,4.492,63835.0,11,18,2,80.4
2026-08-12,christmas decorations indoor,136,35.07176470588235,18.645,1350.4,31849.25,4.534722222222222,163005.0,10,22,8,77.7
2026-08-12,christmas decorations near me,169,38.99804878048781,18.0,955.9,26870.87,4.5024,133095.0,9,14,3,76.3
2026-08-12,christmas decorations nyc,296,19.344641638225255,15.0,1146.1,26373.01,4.6238636363636365,131514.0,12,36,1,77.6
2026-08-12,christmas decorations on sale,89,20.699382716049385,13.99,756.0,7758.34,4.5058823529411764,70055.0,3,17,0,74.7
2026-08-12,christmas decorations outdoor,207,90.17768115942029,44.99,2340.5,204447.2,4.540384615384616,281774.0,19,37,7,78.1
2026-08-12,christmas gift card book,248,16.68315789473684,12.99,1266.3,20797.87,4.477600000000001,101251.0,10,43,17,74.3
2026-08-12,christmas gifts,96,29.34741935483871,20.79,1451.1,27197.52,4.636206896551724,9235.0,2,7,3,80.6
2026-08-12,christmas gifts 2026,151,20.365125,12.99,991.1,4596.99,4.5398148148148145,20140.0,2,17,0,75.1
2026-08-12,christmas gifts for coworkers,222,14.917477477477476,11.99,2108.8,33631.37,4.609565217391305,17327.0,18,34,3,76.7
2026-08-12,christmas gifts for girls,280,30.78107142857143,19.99,12268.5,282241.3,4.623809523809523,389570.0,67,33,0,78.2
2026-08-12,christmas gifts for kids,195,36.95407216494846,19.97,13122.3,229017.46,4.508791208791209,13600.0,35,29,0,78.1
2026-08-12,christmas gifts for men,276,32.85901818181818,22.99,13369.8,276048.97,4.668396226415094,632552.0,72,48,0,79.7
2026-08-12,christmas gifts for mom,243,26.041975308641973,21.3,4617.9,106571.54000000001,4.741752577319588,604940.0,43,45,0,80.1
2026-08-12,christmas gifts for teen girls,229,19.43342222222222,15.0,9786.1,169127.41,4.649162011173185,605130.0,44,29,0,79.2
2026-08-12,christmas gifts for teens,134,17.72315789473684,13.99,5341.4,80281.77,4.5978021978021975,90193.0,24,25,0,79.5
2026-08-12,christmas gifts for women,176,45.53715909090909,19.99,4802.3,115910.45,4.692436974789916,312826.0,38,32,0,77.5
2026-08-12,christmas gifts ideas,103,27.459029126213593,22.99,2132.9,53637.44,4.5487179487179485,3060.0,14,20,0,76.7
2026-08-12,christmas in july,246,16.25298429319372,13.79,1014.9,14581.41,4.566433566433567,127998.0,5,40,0,76.9
2026-08-12,christmas island,196,44.248333333333335,15.105,1248.5,35634.96,4.675,182427.0,20,28,0,75.7
2026-08-12,christmas lights,265,36.787132075471696,18.99,2006.8,61365.01,4.563309352517985,127942.0,21,43,4,77.3
2026-08-12,christmas movies,168,16.63392156862745,13.99,1257.7,21058.74,4.766019417475729,234588.0,12,27,3,77.6
2026-08-12,christmas ornament,175,20.39970238095238,13.99,1445.1,22983.69,4.671538461538461,395067.0,9,20,9,78.0
2026-08-12,christmas ornament crafts,268,17.78763157894737,12.99,672.2,10109.94,4.518571428571429,27237.0,1,39,4,77.7
2026-08-12,christmas ornament storage,144,27.548368794326244,17.89,1641.4,56017.88,4.509677419354839,9959.0,8,17,0,76.4
2026-08-12,christmas ornament storage box,276,45.244485294117645,30.0,3093.4,127286.1,4.604651162790698,357408.0,25,42,1,76.7
2026-08-12,christmas ornaments,74,17.423013698630136,11.99,197.2,3335.84,4.602222222222222,7535.0,0,3,2,78.3
2026-08-12,christmas ornaments 2026,143,17.27398601398601,11.05,1073.8,14595.59,4.642857142857143,151377.0,9,13,3,77.7
2026-08-12,christmas ornaments clearance,170,10.385917159763315,7.45,557.6,6219.75,4.266,29129.0,4,18,4,77.9
2026-08-12,christmas ornaments near me,175,15.296531791907515,12.99,1547.0,21974.17,4.634640522875817,213962.0,17,26,0,78.4
2026-08-12,christmas ornaments nyc,178,18.545393258426966,14.995000000000001,1086.6,20902.79,4.664754098360656,189701.0,10,19,0,76.3
2026-08-12,christmas ornaments personalized,127,10.947642276422764,9.98,661.7,8363.15,4.521428571428571,103328.0,4,10,8,75.6
2026-08-12,christmas ornaments sale,123,21.461951219512198,9.99,552.7,8580.0,4.3882352941176475,96038.0,5,23,0,76.8
2026-08-12,christmas ornaments set,192,41.774218749999996,29.175,962.9,46172.32,4.6308270676691725,71124.0,7,34,18,76.8
2026-08-12,christmas ornaments to make,122,18.361574074074074,13.99,663.2,9174.47,4.537804878048781,150692.0,4,21,1,77.1
2026-08-12,christmas pajamas,278,20.755395683453237,17.93,2283.6,47575.18,4.5886877828054295,435383.0,27,30,7,77.9
2026-08-12,christmas story,184,27.581768292682927,16.555,1585.5,45243.84,4.790654205607477,277125.0,12,33,4,77.6
2026-08-12,christmas tree,248,224.21873469387754,104.78,736.6,169974.3,4.386861313868613,67736.0,1,36,6,76.3
2026-08-12,christmas vacation,130,36.09634920634921,12.905,524.1,9189.01,4.661538461538462,49320.0,4,21,1,80.2
2026-08-12,christmas vacation cast,187,39.090441988950275,18.74,2282.2,57181.33,4.825503355704698,400581.0,23,35,0,77.3
2026-08-12,christmas wrapping paper,291,16.40529209621993,14.99,5541.400000000001,63572.15,4.707924528301886,713372.0,36,57,4,76.2
2026-08-12,clear christmas ornaments balls,263,23.864580152671753,18.33,2405.0,58301.6,4.609009009009009,337142.0,29,37,1,78.2
2026-08-12,diamond art christmas ornaments,265,18.099509433962265,14.99,911.9,22848.52,4.52463768115942,192301.0,6,40,40,77.4
2026-08-12,grinch christmas decorations,251,52.94795,21.695,1512.9,72630.28,4.624378109452737,304493.0,17,43,2,75.8
2026-08-12,nightmare before christmas,94,56.01446808510638,20.73,280.2,18889.02,4.770833333333333,21708.0,5,14,0,78.7
2026-08-12,nightmare before christmas gifts,290,31.17565972222222,18.99,1282.2,34380.96,4.688095238095238,131895.0,6,41,5,78.1
2026-08-12,personalized christmas ornaments,35,11.862647058823528,9.985,120.9,1669.46,4.609375,4557.0,0,3,2,76.1
2026-08-12,toddler christmas gifts,173,27.391489361702128,17.39,6284.0,79410.43,4.654128440366972,185499.0,34,23,0,78.8
2026-08-12,vintage christmas ornaments,181,36.98474860335196,23.6,442.7,11807.3,4.503883495145631,15508.0,0,28,6,76.0
2026-08-13,baby christmas gifts,289,19.32747404844291,15.95,16287.4,285557.45,4.698678414096916,1014696.0,89,50,0,80.9
2026-08-13,bulk christmas gifts,284,13.445211267605634,8.98,12176.6,157902.02,4.588571428571428,25983.0,48,40,0,81.5
2026-08-13,christmas,78,62.116666666666674,20.485,574.9,23235.41,4.717499999999999,197321.0,5,18,1,80.9
2026-08-13,christmas 2026,286,15.01402097902098,9.99,1770.2,27007.97,4.5927152317880795,226948.0,16,24,33,81.6
2026-08-13,christmas cactus,283,24.321872791519436,19.99,2551.3,54007.32,4.254482758620689,641637.0,21,48,4,80.4
2026-08-13,christmas decor,261,47.28720306513409,19.97,3201.3,105066.24,4.575428571428572,364886.0,21,45,6,81.0
2026-08-13,christmas decorations,117,67.69948717948718,24.99,4214.9,109552.40999999999,4.561764705882353,233728.0,10,19,1,81.9
2026-08-13,christmas decorations 2026,239,18.10840336134454,11.99,1397.7,16156.17,4.535028248587571,135738.0,14,28,2,77.8
2026-08-13,christmas decorations amazon,240,22.363723849372388,16.23,2067.1,32641.57,4.506842105263158,152155.0,13,30,0,81.6
2026-08-13,christmas decorations clearance,176,19.614772727272726,10.09,2697.4,56661.33,4.46530612244898,269305.0,23,27,0,82.7
2026-08-13,christmas decorations disneyland,294,37.29909090909091,17.99,1098.7,43163.61,4.524242424242424,72258.0,9,46,0,78.4
2026-08-13,christmas decorations ideas,136,29.837611940298505,14.525,2446.7,45003.96,4.493,63853.0,12,21,2,81.3
2026-08-13,christmas decorations indoor,136,35.042132352941174,18.645,1390.0,33050.52,4.540277777777778,163022.0,10,16,8,79.7
2026-08-13,christmas decorations near me,169,38.98024390243902,18.0,999.3,27603.99,4.506399999999999,133123.0,9,15,3,79.3
2026-08-13,christmas decorations nyc,296,19.343924914675767,15.0,1153.9,26616.44,4.624431818181818,131544.0,12,45,1,78.1
2026-08-13,christmas decorations on sale,89,20.747654320987653,14.0,813.2,8496.789999999999,4.503921568627451,70063.0,3,19,0,79.6
2026-08-13,christmas decorations outdoor,207,90.18241545893719,44.99,2376.8,213724.71,4.544871794871795,281823.0,20,31,7,79.1
2026-08-13,christmas gift card book,248,16.727732793522268,12.99,1318.0,21775.14,4.472,101280.0,10,35,17,77.0
2026-08-13,christmas gifts,96,29.46951612903226,20.79,1492.8,27564.34,4.637931034482759,9240.0,2,10,3,82.7
2026-08-13,christmas gifts 2026,151,20.24425,12.99,1067.7,4664.56,4.5361111111111105,20147.0,2,20,0,80.1
2026-08-13,christmas gifts for coworkers,222,14.936036036036034,11.99,2178.8,34800.88,4.613793103448276,17351.0,18,35,3,78.9
2026-08-13,christmas gifts for girls,280,30.78185714285714,19.99,12540.4,285160.37,4.6257142857142854,389648.0,68,38,0,79.7
2026-08-13,christmas gifts for kids,195,37.19376288659794,19.979999999999997,13646.7,236782.85,4.510989010989011,13621.0,35,34,0,80.8
2026-08-13,christmas gifts for men,276,32.87152727272727,22.99,13579.9,279506.99,4.668396226415094,632622.0,73,41,0,80.8
2026-08-13,christmas gifts for mom,243,26.161275720164607,21.75,4657.0,108604.36,4.745876288659794,605027.0,44,40,0,80.6
2026-08-13,christmas gifts for teen girls,229,19.403866666666666,15.0,10229.9,176093.49,4.649720670391061,605206.0,45,41,0,82.3
2026-08-13,christmas gifts for teens,134,17.738345864661653,13.99,5629.2,84376.4,4.593406593406593,90233.0,23,18,0,83.2
2026-08-13,christmas gifts for women,176,45.57517045454545,19.99,4896.2,118125.44,4.69579831932773,312874.0,39,21,0,78.9
2026-08-13,christmas gifts ideas,103,27.06126213592233,22.99,2251.3,56823.88,4.55897435897436,3066.0,14,18,0,80.5
2026-08-13,christmas in july,246,16.3317277486911,13.79,1055.6,14722.44,4.562237762237762,128020.0,6,42,0,79.6
2026-08-13,christmas island,196,44.229523809523805,14.995000000000001,1324.1,36650.3,4.675,182461.0,21,33,0,79.6
2026-08-13,christmas lights,265,36.738679245283016,18.99,2073.8,63066.6,4.558273381294964,127968.0,21,47,4,79.6
2026-08-13,christmas movies,168,16.584705882352942,13.99,1323.5,22523.4,4.762135922330097,234620.0,13,26,3,81.1
2026-08-13,christmas ornament,175,20.360595238095236,13.99,1503.0,24205.55,4.668461538461538,395107.0,9,16,9,80.7
2026-08-13,christmas ornament crafts,268,17.628195488721804,12.99,701.9,10547.0,4.524285714285714,27251.0,1,43,4,80.7
2026-08-13,christmas ornament storage,144,27.5031914893617,17.89,1751.2,60080.81,4.509677419354839,9965.0,7,17,0,80.9
2026-08-13,christmas ornament storage box,276,45.17753676470588,30.0,3202.6,133320.12,4.600462962962963,357467.0,23,46,1,79.1
2026-08-13,christmas ornaments,74,17.483424657534247,12.28,200.5,3357.71,4.604444444444444,7538.0,0,5,2,79.4
2026-08-13,christmas ornaments 2026,143,17.491468531468534,11.05,1092.3,14985.35,4.6479591836734695,151410.0,9,12,3,78.8
2026-08-13,christmas ornaments clearance,170,10.340118343195266,7.45,575.5,6392.1900000000005,4.276,29149.0,4,28,4,80.1
2026-08-13,christmas ornaments near me,175,15.290867052023122,12.99,1577.0,22401.75,4.631372549019608,213991.0,17,19,0,79.7
2026-08-13,christmas ornaments nyc,178,18.52685393258427,14.995000000000001,1133.5,21859.51,4.674590163934426,189727.0,10,25,0,79.1
2026-08-13,christmas ornaments personalized,127,10.927235772357724,9.99,686.0,8475.18,4.519642857142857,103345.0,4,14,8,78.1
2026-08-13,christmas ornaments sale,123,21.45471544715447,9.99,568.5,8844.77,4.38,96056.0,5,19,0,78.7
2026-08-13,christmas ornaments set,192,41.78666666666667,29.175,1029.8,49173.41,4.62781954887218,71148.0,9,38,18,81.4
2026-08-13,christmas ornaments to make,122,18.361574074074074,13.99,692.7,9456.67,4.537804878048781,150705.0,5,21,1,80.1
2026-08-13,christmas pajamas,278,20.76730215827338,17.93,2333.4,48322.79,4.590045248868778,435441.0,27,38,7,79.4
2026-08-13,christmas story,184,27.566646341463418,16.555,1608.4,45895.840000000004,4.788785046728972,277191.0,12,33,4,78.6
2026-08-13,christmas tree,248,224.57367346938776,106.05,767.5,179621.28,4.394160583941606,67752.0,1,32,6,79.1
2026-08-13,christmas vacation,130,36.06785714285714,12.905,535.7,9339.47,4.657692307692308,49336.0,4,20,1,81.7
2026-08-13,christmas vacation cast,187,40.30961325966851,18.74,2393.9,59015.1,4.824161073825504,400631.0,22,39,0,80.6
2026-08-13,christmas wrapping paper,291,16.443883161512026,14.99,5912.6,66426.21,4.710943396226416,713457.0,36,50,4,80.7
2026-08-13,clear christmas ornaments balls,263,23.867938931297708,18.560000000000002,2443.6,58775.97,4.610810810810811,337206.0,30,33,1,79.3
2026-08-13,diamond art christmas ornaments,265,18.10109433962264,14.99,929.5,24038.66,4.528985507246377,192324.0,6,44,40,78.7
2026-08-13,grinch christmas decorations,251,53.01015,22.145,1562.6,71719.26,4.620398009950249,304541.0,18,45,2,78.0
2026-08-13,nightmare before christmas,94,56.02787234042553,20.73,283.9,20042.559999999998,4.766666666666667,21720.0,5,14,0,79.6
2026-08-13,nightmare before christmas gifts,290,31.16364583333333,18.99,1337.8,36184.69,4.692261904761905,131921.0,8,42,5,81.0
2026-08-13,personalized christmas ornaments,35,11.868823529411765,9.985,129.4,1772.17,4.6125,4562.0,1,2,2,80.7
2026-08-13,toddler christmas gifts,173,27.36482269503546,17.39,6381.0,81230.99,4.652293577981651,185547.0,34,25,0,79.9
2026-08-13,vintage christmas ornaments,181,36.8395530726257,23.6,461.5,12472.69,4.506796116504854,15524.0,0,30,6,78.8
2026-08-14,baby christmas gifts,289,19.33179930795848,15.95,17582.1,307292.32,4.70219298245614,1014810.0,91,53,0,86.5
2026-08-14,bulk christmas gifts,284,13.487605633802817,8.98,13196.0,172136.77000000002,4.587857142857143,26020.0,48,37,0,87.5
2026-08-14,christmas,78,62.116666666666674,20.485,608.6,25216.0,4.715,197336.0,5,13,1,85.1
2026-08-14,christmas 2026,286,15.069160839160839,9.99,1925.7,29312.98,4.591390728476821,226991.0,16,30,33,87.8
2026-08-14,christmas cactus,283,24.33816254416961,19.99,2757.2,59116.06,4.2572413793103445,641682.0,21,51,4,86.1
2026-08-14,christmas decor,261,47.310651340996166,19.97,3521.9,119771.95,4.58,364933.0,21,44,6,88.2
2026-08-14,christmas decorations,117,67.91803418803418,24.99,4329.5,116734.71,4.557971014492754,233745.0,11,18,1,83.9
2026-08-14,christmas decorations 2026,239,18.116386554621847,11.99,1537.8,17622.47,4.536723163841808,135782.0,15,30,2,84.6
2026-08-14,christmas decorations amazon,240,22.39958158995816,16.23,2284.6,36068.78,4.505263157894737,152187.0,12,26,0,89.1
2026-08-14,christmas decorations clearance,176,19.624545454545455,10.09,2933.9,60375.38,4.463265306122449,269355.0,27,28,0,89.1
2026-08-14,christmas decorations disneyland,294,37.335699300699304,17.99,1191.1,46063.32,4.524242424242424,72282.0,11,44,0,84.1
2026-08-14,christmas decorations ideas,136,29.847910447761194,14.525,2710.5,51512.75,4.486000000000001,63877.0,13,23,2,89.0
2026-08-14,christmas decorations indoor,136,35.042132352941174,18.645,1543.1,35741.479999999996,4.534722222222222,163035.0,10,24,8,87.4
2026-08-14,christmas decorations near me,169,39.691382113821135,18.0,1085.7,29998.16,4.4976,133150.0,9,13,3,85.3
2026-08-14,christmas decorations nyc,296,19.40556313993174,15.0,1257.4,29380.5,4.62090395480226,131570.0,13,40,1,84.2
2026-08-14,christmas decorations on sale,89,21.019259259259258,14.0,865.6,8981.49,4.509803921568627,70070.0,4,16,0,84.1
2026-08-14,christmas decorations outdoor,207,90.21173913043478,44.99,2602.0,229689.66999999998,4.539102564102564,281883.0,20,33,7,85.7
2026-08-14,christmas gift card book,248,16.757206477732794,12.99,1403.8,23088.88,4.4748031496062985,101309.0,10,41,17,81.3
2026-08-14,christmas gifts,96,29.46951612903226,20.79,1563.4,28100.56,4.629310344827586,9249.0,3,8,3,86.1
2026-08-14,christmas gifts 2026,151,20.24425,12.99,1163.4,5308.08,4.531481481481482,20158.0,2,17,0,86.4
2026-08-14,christmas gifts for coworkers,222,14.96427927927928,11.99,2367.3,38076.94,4.612068965517241,17383.0,19,36,3,84.8
2026-08-14,christmas gifts for girls,280,30.840999999999998,19.99,13931.7,318848.75,4.626666666666667,389723.0,69,38,0,87.4
2026-08-14,christmas gifts for kids,195,37.22494845360825,19.99,14395.6,250180.04,4.506593406593407,13645.0,35,28,0,84.7
2026-08-14,christmas gifts for men,276,32.94218181818182,22.99,14630.5,303289.27,4.669339622641509,632694.0,74,49,0,86.3
2026-08-14,christmas gifts for mom,243,26.21843621399177,21.75,5118.2,119553.07,4.745360824742268,605099.0,45,42,0,87.6
2026-08-14,christmas gifts for teen girls,229,19.434622222222224,15.0,11010.3,190336.97,4.65586592178771,605278.0,46,32,0,87.9
2026-08-14,christmas gifts for teens,134,17.7493984962406,13.99,6038.0,93604.88,4.59010989010989,90252.0,25,24,0,88.6
2026-08-14,christmas gifts for women,176,45.611875,19.99,5454.3,132176.08,4.685714285714286,312935.0,39,30,0,86.7
2026-08-14,christmas gifts ideas,103,27.06126213592233,22.99,2527.7,63731.43,4.55897435897436,3076.0,14,18,0,89.1
2026-08-14,christmas in july,246,16.372408376963353,13.79,1160.6,16789.22,4.560839160839161,128051.0,7,43,0,86.5
2026-08-14,christmas island,196,44.229523809523805,14.995000000000001,1455.3,40916.340000000004,4.6706521739130435,182499.0,22,34,0,86.5
2026-08-14,christmas lights,265,36.74950943396227,18.99,2284.8,69063.36,4.5647482014388485,127994.0,23,47,4,86.7
2026-08-14,christmas movies,168,16.631437908496732,13.99,1381.3,23369.8,4.766990291262136,234649.0,16,26,3,84.3
2026-08-14,christmas ornament,175,20.41315476190476,14.105,1644.3,26767.190000000002,4.672307692307692,395148.0,10,16,9,87.4
2026-08-14,christmas ornament crafts,268,17.71266917293233,12.99,753.5,11423.87,4.521428571428571,27264.0,2,38,4,85.9
2026-08-14,christmas ornament storage,144,27.5031914893617,17.89,1846.0,62727.6,4.508064516129032,9970.0,6,17,0,84.7
2026-08-14,christmas ornament storage box,276,45.22419117647058,30.015,3538.3,145520.8,4.6023148148148145,357516.0,25,37,1,86.3
2026-08-14,christmas ornaments,74,17.483424657534247,12.28,223.0,3737.8599999999997,4.595555555555555,7540.0,1,5,2,87.2
2026-08-14,christmas ornaments 2026,143,17.528111888111887,11.05,1227.1,16765.81,4.64949494949495,151442.0,9,19,3,87.3
2026-08-14,christmas ornaments clearance,170,10.377692307692307,7.45,616.3,6895.18,4.273,29161.0,4,25,4,85.1
2026-08-14,christmas ornaments near me,175,15.290867052023122,12.99,1739.7,24366.16,4.632679738562091,214032.0,17,18,0,86.9
2026-08-14,christmas ornaments nyc,178,18.526853932584267,14.995000000000001,1242.9,23834.92,4.66639344262295,189758.0,10,23,0,85.8
2026-08-14,christmas ornaments personalized,127,10.963658536585365,9.99,761.7,9028.98,4.516964285714286,103364.0,5,9,8,85.6
2026-08-14,christmas ornaments sale,123,21.45471544715447,9.99,643.7,10059.81,4.389411764705883,96070.0,6,19,0,87.8
2026-08-14,christmas ornaments set,192,41.82078125,29.865000000000002,1108.0,51584.47,4.631578947368421,71174.0,9,34,18,86.8
2026-08-14,christmas ornaments to make,122,18.361574074074074,13.99,740.4,10181.78,4.540243902439024,150722.0,5,22,1,84.9
2026-08-14,christmas pajamas,278,20.77359712230216,17.93,2565.0,53113.02,4.593665158371041,435503.0,27,41,7,86.3
2026-08-14,christmas story,184,27.7865243902439,16.555,1744.8,48894.74,4.789719626168225,277230.0,12,37,4,84.4
2026-08-14,christmas tree,248,227.49583673469388,106.05,829.6,190989.32,4.392086330935252,67781.0,1,31,6,84.7
2026-08-14,christmas vacation,130,36.12539682539683,12.969999999999999,577.2,10016.54,4.661538461538462,49354.0,5,18,1,87.3
2026-08-14,christmas vacation cast,187,40.36839779005525,18.74,2619.3,65336.45,4.818120805369127,400692.0,22,37,0,87.3
2026-08-14,christmas wrapping paper,291,16.45618556701031,14.99,6405.8,71890.05,4.710188679245284,713537.0,36,50,4,86.6
2026-08-14,clear christmas ornaments balls,263,23.896603053435115,18.560000000000002,2697.1,65334.11,4.609009009009009,337281.0,30,39,1,86.5
2026-08-14,diamond art christmas ornaments,265,18.115509433962263,14.99,1030.7,25914.059999999998,4.52391304347826,192346.0,7,38,40,86.2
2026-08-14,grinch christmas decorations,251,53.01015,22.145,1720.6,80278.06999999999,4.622885572139304,304578.0,20,38,2,84.9
2026-08-14,nightmare before christmas,94,56.043297872340425,20.73,313.9,22775.6,4.779166666666667,21726.0,6,13,0,86.9
2026-08-14,nightmare before christmas gifts,290,31.225173611111114,19.244999999999997,1433.4,38696.94,4.691666666666667,131946.0,6,47,5,86.1
2026-08-14,personalized christmas ornaments,35,11.868823529411765,9.985,142.1,1939.64,4.624242424242424,4565.0,1,1,2,87.7
2026-08-14,toddler christmas gifts,173,27.41687943262411,17.99,6853.7,89226.74,4.653211009174312,185598.0,34,22,0,85.0
2026-08-14,vintage christmas ornaments,181,36.92748603351956,23.63,495.3,13588.73,4.509615384615385,15536.0,0,29,6,83.8
2026-08-15,baby christmas gifts,289,19.340173010380624,15.95,19883.2,347490.62,4.697368421052632,1014954.0,94,43,0,96.6
2026-08-15,bulk christmas gifts,284,13.498485915492958,8.98,15020.0,197192.2,4.585,26058.0,48,38,0,98.2
2026-08-15,christmas,78,62.116666666666674,20.485,725.7,29745.2,4.7025,197355.0,5,14,1,99.5
2026-08-15,christmas 2026,286,15.1243006993007,9.99,2202.3,33501.52,4.596688741721854,227043.0,16,27,33,99.0
2026-08-15,christmas cactus,283,24.374734982332157,19.99,3150.1,67753.15,4.2620689655172415,641734.0,22,49,4,96.9
2026-08-15,christmas decor,261,47.32291187739464,19.97,3919.5,134876.81,4.581142857142857,364987.0,27,47,6,97.0
2026-08-15,christmas decorations,117,67.91803418803418,24.99,5132.2,135910.46,4.568115942028985,233767.0,12,19,1,97.6
2026-08-15,christmas decorations 2026,239,18.195966386554623,11.99,1765.3999999999999,20200.41,4.53728813559322,135829.0,14,34,2,95.6
2026-08-15,christmas decorations amazon,240,22.495564853556484,16.82,2522.0,41052.54,4.507894736842105,152232.0,18,22,0,97.3
2026-08-15,christmas decorations clearance,176,19.624545454545455,10.09,3254.9,67950.31999999999,4.4707482993197285,269395.0,29,31,0,97.8
2026-08-15,christmas decorations disneyland,294,37.34643356643357,17.99,1366.8,53280.59,4.522289156626506,72304.0,13,36,0,95.1
2026-08-15,christmas decorations ideas,136,29.889776119402985,14.525,2994.5,57923.729999999996,4.487,63895.0,13,28,2,97.3
2026-08-15,christmas decorations indoor,136,35.042132352941174,18.645,1707.9,40064.38,4.536111111111111,163059.0,10,20,8,95.7
2026-08-15,christmas decorations near me,169,39.70918699186991,18.0,1238.0,34411.11,4.4992,133191.0,11,16,3,95.8
2026-08-15,christmas decorations nyc,296,19.40556313993174,15.0,1466.7,34255.25,4.633146067415731,131607.0,15,38,1,96.5
2026-08-15,christmas decorations on sale,89,21.05962962962963,14.99,1006.6,10504.86,4.503921568627451,70085.0,5,17,0,96.1
2026-08-15,christmas decorations outdoor,207,90.30724637681159,44.99,3026.3,269268.76,4.537820512820512,281952.0,23,31,7,98.0
2026-08-15,christmas gift card book,248,16.76655870445344,12.99,1644.9,26922.44,4.475,101334.0,12,41,17,93.6
2026-08-15,christmas gifts,96,29.46951612903226,20.79,1797.4,33259.53,4.63448275862069,9257.0,6,7,3,97.5
2026-08-15,christmas gifts 2026,151,20.24425,12.99,1337.0,6064.55,4.535185185185186,20182.0,4,18,0,97.8
2026-08-15,christmas gifts for coworkers,222,14.96427927927928,11.99,2696.6,42966.74,4.611206896551724,17417.0,20,30,3,95.2
2026-08-15,christmas gifts for girls,280,30.895142857142854,19.994999999999997,15738.9,358497.13,4.6276190476190475,389816.0,72,38,0,97.4
2026-08-15,christmas gifts for kids,195,37.24536082474227,19.99,16665.7,291955.99,4.507692307692308,13670.0,36,30,0,96.5
2026-08-15,christmas gifts for men,276,32.94218181818182,22.99,16560.0,346153.05,4.669811320754717,632765.0,75,41,0,96.3
2026-08-15,christmas gifts for mom,243,26.21843621399177,21.75,5688.1,133355.29,4.743298969072165,605203.0,49,43,0,96.3
2026-08-15,christmas gifts for teen girls,229,19.45577777777778,15.0,12368.3,220536.1,4.649162011173185,605353.0,51,35,0,97.5
2026-08-15,christmas gifts for teens,134,17.7493984962406,13.99,6794.9,104494.25,4.591208791208792,90280.0,25,21,0,98.4
2026-08-15,christmas gifts for women,176,45.66642045454545,19.99,6139.1,148729.62,4.692436974789916,313008.0,42,22,0,96.3
2026-08-15,christmas gifts ideas,103,27.237961165048542,22.99,2770.7000000000003,70366.91,4.558974358974359,3082.0,14,18,0,96.7
2026-08-15,christmas in july,246,16.40418848167539,13.99,1304.1,18550.62,4.56013986013986,128081.0,8,38,0,96.0
2026-08-15,christmas island,196,44.25065476190476,15.105,1648.9,45468.63,4.680434782608696,182547.0,23,40,0,96.7
2026-08-15,christmas lights,265,36.842377358490566,18.99,2565.1,76223.27,4.5647482014388485,128023.0,26,44,4,96.1
2026-08-15,christmas movies,168,16.631437908496732,13.99,1637.5,27610.8,4.762135922330097,234691.0,17,24,3,98.0
2026-08-15,christmas ornament,175,20.452261904761905,14.105,1854.5,30055.2,4.67,395187.0,12,12,9,97.3
2026-08-15,christmas ornament crafts,268,17.746278195488724,12.99,867.1,13107.66,4.520714285714286,27282.0,4,30,4,97.3
2026-08-15,christmas ornament storage,144,27.548368794326244,17.89,2184.2,74870.19,4.516129032258065,9976.0,8,17,0,98.4
2026-08-15,christmas ornament storage box,276,45.346360294117645,30.015,3971.2,164414.2,4.601388888888889,357573.0,30,42,1,95.7
2026-08-15,christmas ornaments,74,17.53876712328767,12.59,247.8,4212.49,4.604444444444444,7546.0,1,2,2,95.8
2026-08-15,christmas ornaments 2026,143,17.56118881118881,11.05,1374.8,18435.41,4.652,151490.0,9,15,3,96.6
2026-08-15,christmas ornaments clearance,170,10.416153846153845,7.45,717.9,7776.08,4.276,29179.0,4,23,4,97.5
2026-08-15,christmas ornaments near me,175,15.290867052023122,12.99,1986.8,28325.04,4.633986928104576,214083.0,18,20,0,97.8
2026-08-15,christmas ornaments nyc,178,18.590337078651686,15.285,1432.0,27768.42,4.668852459016394,189801.0,13,23,0,97.3
2026-08-15,christmas ornaments personalized,127,10.999268292682927,9.99,879.5,10900.16,4.485840707964601,103384.0,8,7,8,97.3
2026-08-15,christmas ornaments sale,123,21.507642276422764,9.99,713.4,11044.68,4.384705882352941,96083.0,7,17,0,96.2
2026-08-15,christmas ornaments set,192,41.93994791666667,29.865000000000002,1255.1,60040.8,4.633082706766918,71206.0,11,42,18,97.0
2026-08-15,christmas ornaments to make,122,18.402314814814815,13.99,863.0,11732.02,4.545121951219512,150750.0,7,26,1,97.3
2026-08-15,christmas pajamas,278,20.77629496402878,17.93,2921.3,60606.75,4.587330316742081,435575.0,29,33,7,96.9
2026-08-15,christmas story,184,27.983048780487806,16.99,1977.5,57069.93,4.794392523364486,277278.0,15,46,4,94.3
2026-08-15,christmas tree,248,227.61244897959185,106.05,973.0,223712.07,4.4,67806.0,2,33,6,97.6
2026-08-15,christmas vacation,130,36.19722222222222,12.969999999999999,666.3,11687.62,4.657692307692308,49369.0,5,18,1,99.2
2026-08-15,christmas vacation cast,187,40.38325966850829,18.74,3008.8,73853.26,4.825503355704698,400748.0,27,33,0,98.8
2026-08-15,christmas wrapping paper,291,16.48120274914089,14.99,7275.0,82081.16,4.711320754716981,713638.0,37,52,4,97.0
2026-08-15,clear christmas ornaments balls,263,23.896603053435115,18.560000000000002,3078.6,75297.13,4.608108108108108,337370.0,34,41,1,97.3
2026-08-15,diamond art christmas ornaments,265,18.125584905660375,14.99,1171.1,29694.59,4.5,192377.0,7,37,40,96.6
2026-08-15,grinch christmas decorations,251,53.089,22.145,1975.8999999999999,92436.28,4.6213930348258705,304637.0,20,45,2,96.0
2026-08-15,nightmare before christmas,94,56.043297872340425,20.73,351.7,24538.97,4.779166666666667,21731.0,6,15,0,96.2
2026-08-15,nightmare before christmas gifts,290,31.24784722222222,19.244999999999997,1672.2,45098.99,4.695833333333333,131984.0,8,41,5,98.8
2026-08-15,personalized christmas ornaments,35,11.929117647058822,9.99,163.4,2230.56,4.624242424242424,4568.0,1,4,2,99.3
2026-08-15,toddler christmas gifts,173,27.479432624113475,18.81,7882.3,103174.05,4.65045871559633,185657.0,34,21,0,96.3
2026-08-15,vintage christmas ornaments,181,36.92748603351956,23.63,573.5,15751.48,4.515384615384615,15545.0,1,22,6,95.4
2026-08-16,baby christmas gifts,289,19.352906574394463,15.95,20672.1,363251.52,4.696929824561404,1015104.0,94,46,0,100.0
2026-08-16,bulk christmas gifts,284,13.498485915492958,8.98,15322.5,200172.5,4.589285714285714,26107.0,48,38,0,100.0
2026-08-16,christmas,78,62.116666666666674,20.485,729.5,30183.15,4.7025,197371.0,5,15,1,100.0
2026-08-16,christmas 2026,286,15.163601398601399,9.99,2226.6,33130.96,4.583006535947713,227104.0,16,30,33,100.0
2026-08-16,christmas cactus,283,24.39060070671378,19.99,3261.1,70425.86,4.255172413793104,641787.0,22,44,4,100.0
2026-08-16,christmas decor,261,47.32969348659004,19.97,4055.3,141159.16,4.578285714285714,365056.0,25,39,6,100.0
2026-08-16,christmas decorations,117,67.97641025641026,24.99,5272.8,142023.38999999998,4.560869565217391,233803.0,12,15,1,100.0
2026-08-16,christmas decorations 2026,239,18.195966386554623,11.99,1855.2,21281.69,4.540449438202248,135868.0,16,33,2,100.0
2026-08-16,christmas decorations amazon,240,22.52154811715481,16.82,2599.7,42809.68,4.501052631578948,152270.0,20,21,0,100.0
2026-08-16,christmas decorations clearance,176,19.638806818181816,10.370000000000001,3337.9,71373.64,4.46530612244898,269442.0,30,31,0,100.0
2026-08-16,christmas decorations disneyland,294,37.37720279720279,17.99,1446.1,55647.41,4.525903614457831,72338.0,14,41,0,100.0
2026-08-16,christmas decorations ideas,136,29.922089552238806,14.690000000000001,3086.9,59560.26,4.4910000000000005,63921.0,13,18,2,100.0
2026-08-16,christmas decorations indoor,136,35.05588235294118,18.645,1794.2,42026.37,4.545833333333333,163080.0,10,17,8,100.0
2026-08-16,christmas decorations near me,169,39.70918699186991,18.0,1297.9,36166.86,4.5048,133220.0,11,20,3,100.0
2026-08-16,christmas decorations nyc,296,19.417372013651878,15.0,1525.4,35121.62,4.625698324022347,131633.0,15,40,1,100.0
2026-08-16,christmas decorations on sale,89,21.05962962962963,14.99,1051.7,10893.87,4.5058823529411764,70100.0,5,22,0,100.0
2026-08-16,christmas decorations outdoor,207,90.45178743961353,44.99,3095.4,282980.77,4.540384615384616,282026.0,23,37,7,100.0
2026-08-16,christmas gift card book,248,16.76655870445344,12.99,1771.4,29192.91,4.4620155038759695,101361.0,13,42,17,100.0
2026-08-16,christmas gifts,96,29.46951612903226,20.79,1849.1000000000001,33701.37,4.631034482758621,9264.0,6,7,3,100.0
2026-08-16,christmas gifts 2026,151,20.446875,12.99,1370.5,6330.91,4.535185185185186,20199.0,4,20,0,100.0
2026-08-16,christmas gifts for coworkers,222,14.96427927927928,11.99,2847.4,45571.3,4.6129310344827585,17459.0,20,38,3,100.0
2026-08-16,christmas gifts for girls,280,30.90725,19.994999999999997,16200.1,369099.4,4.627142857142857,389918.0,74,49,0,100.0
2026-08-16,christmas gifts for kids,195,37.28855670103093,19.99,17339.7,303810.91,4.502197802197802,13691.0,36,29,0,100.0
2026-08-16,christmas gifts for men,276,32.9728,22.99,17265.6,362111.19,4.667924528301887,632849.0,76,45,0,100.0
2026-08-16,christmas gifts for mom,243,26.241687242798353,21.95,5932.8,138818.94,4.745360824742268,605289.0,50,42,0,100.0
2026-08-16,christmas gifts for teen girls,229,19.467955555555555,15.0,12726.0,225916.84,4.646368715083799,605426.0,50,34,0,100.0
2026-08-16,christmas gifts for teens,134,17.757518796992482,13.99,6917.0,107337.20999999999,4.593406593406593,90316.0,25,21,0,100.0
2026-08-16,christmas gifts for women,176,45.671079545454546,19.99,6399.5,155489.13,4.690756302521009,313063.0,42,16,0,100.0
2026-08-16,christmas gifts ideas,103,27.339514563106793,22.99,2876.0,72852.01,4.561538461538461,3091.0,14,21,0,100.0
2026-08-16,christmas in july,246,16.434816753926704,13.99,1364.8,18893.89,4.538356164383562,128108.0,8,48,0,100.0
2026-08-16,christmas island,196,44.269999999999996,15.105,1711.4,47920.73,4.680434782608696,182595.0,23,35,0,100.0
2026-08-16,christmas lights,265,36.874,19.0,2682.3,81228.76,4.564028776978417,128056.0,26,49,4,100.0
2026-08-16,christmas movies,168,16.661372549019607,13.99,1674.2,28510.39,4.76504854368932,234744.0,18,22,3,100.0
2026-08-16,christmas ornament,175,20.452261904761905,14.105,1912.0,31149.75,4.6692307692307695,395229.0,12,14,9,100.0
2026-08-16,christmas ornament crafts,268,17.9256015037594,12.99,893.9,13489.35,4.522142857142858,27306.0,4,40,4,100.0
2026-08-16,christmas ornament storage,144,27.56822695035461,17.89,2224.2000000000003,76947.67,4.506451612903225,9985.0,8,20,0,100.0
2026-08-16,christmas ornament storage box,276,45.35790441176471,30.015,4172.6,172279.8,4.599537037037037,357634.0,33,47,1,100.0
2026-08-16,christmas ornaments,74,17.53876712328767,12.59,259.9,4388.37,4.611111111111111,7557.0,1,3,2,100.0
2026-08-16,christmas ornaments 2026,143,17.587272727272726,11.05,1428.1,19471.12,4.652,151526.0,9,18,3,100.0
2026-08-16,christmas ornaments clearance,170,10.4398224852071,7.7,738.8,8240.93,4.28,29196.0,4,18,4,100.0
2026-08-16,christmas ornaments near me,175,15.299653179190752,12.99,2036.8999999999999,28445.43,4.633333333333333,214144.0,18,19,0,100.0
2026-08-16,christmas ornaments nyc,178,18.590337078651686,15.285,1476.0,28371.34,4.671311475409836,189843.0,14,20,0,100.0
2026-08-16,christmas ornaments personalized,127,11.002357723577235,9.99,907.1999999999999,11212.27,4.490265486725663,103408.0,8,8,8,100.0
2026-08-16,christmas ornaments sale,123,21.51487804878049,9.99,744.9,11602.13,4.389411764705883,96105.0,7,14,0,100.0
2026-08-16,christmas ornaments set,192,41.93994791666667,29.865000000000002,1298.1,61074.74,4.631578947368421,71243.0,13,34,18,100.0
2026-08-16,christmas ornaments to make,122,18.439814814814813,13.99,889.3,12161.97,4.528048780487805,150780.0,6,21,1,100.0
2026-08-16,christmas pajamas,278,20.785,17.93,3027.0,62835.08,4.590950226244344,435655.0,29,40,7,100.0
2026-08-16,christmas story,184,27.990609756097562,16.99,2110.7,57956.71,4.790654205607477,277316.0,14,38,4,100.0
2026-08-16,christmas tree,248,227.74795918367346,106.05,1000.1,230494.52,4.392086330935252,67827.0,3,40,6,100.0
2026-08-16,christmas vacation,130,36.19722222222222,12.969999999999999,672.4,11852.66,4.653846153846154,49389.0,6,16,1,100.0
2026-08-16,christmas vacation cast,187,40.4146408839779,18.74,3050.3,76989.62,4.822818791946309,400814.0,29,39,0,100.0
2026-08-16,christmas wrapping paper,291,16.485189003436425,14.99,7528.0,84246.44,4.708301886792453,713735.0,43,60,4,100.0
2026-08-16,clear christmas ornaments balls,263,23.896603053435115,18.560000000000002,3172.2,76934.2,4.609417040358744,337453.0,34,36,1,100.0
2026-08-16,diamond art christmas ornaments,265,18.125584905660375,14.99,1217.6,30009.88,4.499280575539569,192406.0,7,44,40,100.0
2026-08-16,grinch christmas decorations,251,53.1464,22.145,2068.3,98911.51000000001,4.623880597014925,304696.0,20,46,2,100.0
2026-08-16,nightmare before christmas,94,56.043297872340425,20.73,367.3,25100.35,4.770833333333333,21738.0,6,12,0,100.0
2026-08-16,nightmare before christmas gifts,290,31.292430555555555,19.244999999999997,1695.4,45841.05,4.689349112426036,132019.0,8,41,5,100.0
2026-08-16,personalized christmas ornaments,35,12.019705882352941,9.99,164.7,2270.7,4.618181818181818,4571.0,1,3,2,100.0
2026-08-16,toddler christmas gifts,173,27.479432624113475,18.81,8219.4,107599.03,4.653211009174312,185722.0,34,24,0,100.0
2026-08-16,vintage christmas ornaments,181,37.05675977653631,23.63,604.1,16610.62,4.514423076923077,15557.0,1,25,6,100.0
2026-08-17,baby christmas gifts,289,19.363840830449824,15.95,15186.9,267163.22,4.700877192982456,1015206.0,87,46,0,76.1
2026-08-17,bulk christmas gifts,284,13.527394366197184,8.98,11420.3,148564.82,4.587857142857143,26137.0,47,40,0,77.1
2026-08-17,christmas,78,62.116666666666674,20.485,545.0,23590.99,4.7075000000000005,197388.0,5,13,1,77.2
2026-08-17,christmas 2026,286,15.163601398601399,9.99,1703.8,24892.23,4.584313725490196,227153.0,16,30,33,78.9
2026-08-17,christmas cactus,283,24.43441696113074,19.99,2425.2999999999997,52622.270000000004,4.260000000000001,641831.0,20,50,4,76.9
2026-08-17,christmas decor,261,47.32969348659004,19.97,3037.2,103824.85,4.5755681818181815,365114.0,20,43,6,77.4
2026-08-17,christmas decorations,117,67.97641025641026,24.99,3947.3,105753.64,4.560869565217391,233817.0,10,20,1,77.4
2026-08-17,christmas decorations 2026,239,18.205840336134454,11.99,1370.8,15834.73,4.542696629213483,135909.0,14,38,2,76.5
2026-08-17,christmas decorations amazon,240,22.52154811715481,16.82,1932.4,32241.59,4.505263157894737,152311.0,11,28,0,76.9
2026-08-17,christmas decorations clearance,176,19.66403409090909,10.57,2554.0,50883.79,4.461904761904762,269487.0,21,25,0,78.9
2026-08-17,christmas decorations disneyland,294,37.37720279720279,17.99,1081.0,42487.08,4.524096385542169,72364.0,9,46,0,77.3
2026-08-17,christmas decorations ideas,136,29.922089552238806,14.690000000000001,2276.8,44672.409999999996,4.49,63938.0,10,24,2,76.4
2026-08-17,christmas decorations indoor,136,35.09389705882353,18.645,1364.8,31952.53,4.538888888888889,163088.0,10,27,8,78.5
2026-08-17,christmas decorations near me,169,39.70918699186991,18.0,982.2,28205.8,4.501600000000001,133254.0,8,11,3,78.1
2026-08-17,christmas decorations nyc,296,19.437610921501708,15.0,1135.6,25736.62,4.624444444444444,131659.0,12,39,1,77.0
2026-08-17,christmas decorations on sale,89,21.05962962962963,14.99,814.5,8339.5,4.511764705882353,70112.0,3,20,0,79.7
2026-08-17,christmas decorations outdoor,207,90.4908695652174,44.99,2370.3,214835.87,4.539102564102564,282081.0,20,34,7,78.9
2026-08-17,christmas gift card book,248,16.768906882591093,12.99,1307.5,21495.67,4.463846153846154,101378.0,9,42,17,76.4
2026-08-17,christmas gifts,96,29.46951612903226,20.79,1399.8999999999999,25652.71,4.637931034482759,9270.0,2,6,3,78.1
2026-08-17,christmas gifts 2026,151,20.446875,12.99,1018.5,4928.69,4.5398148148148145,20210.0,2,19,0,76.9
2026-08-17,christmas gifts for coworkers,222,14.964279279279278,11.99,2098.7,33352.96,4.616379310344827,17485.0,17,32,3,76.3
2026-08-17,christmas gifts for girls,280,30.90725,19.994999999999997,12162.3,280640.21,4.627142857142857,389980.0,66,36,0,77.6
2026-08-17,christmas gifts for kids,195,37.28855670103093,19.99,12541.2,222518.98,4.506593406593407,13710.0,35,31,0,75.1
2026-08-17,christmas gifts for men,276,32.9728,22.99,12838.2,268912.38,4.667924528301887,632915.0,70,44,0,76.9
2026-08-17,christmas gifts for mom,243,26.264279835390948,21.95,4528.0,105818.42,4.745360824742268,605346.0,44,36,0,78.7
2026-08-17,christmas gifts for teen girls,229,19.488533333333333,15.0,9666.1,173341.0,4.646927374301676,605496.0,42,33,0,78.4
2026-08-17,christmas gifts for teens,134,17.76172932330827,13.99,5391.9,82793.29000000001,4.5978021978021975,90353.0,24,15,0,80.2
2026-08-17,christmas gifts for women,176,45.671079545454546,19.99,4739.8,115145.77,4.689915966386555,313107.0,38,25,0,76.7
2026-08-17,christmas gifts ideas,103,27.613883495145632,22.99,2158.3,54554.99,4.558974358974359,3099.0,14,19,0,77.5
2026-08-17,christmas in july,246,16.4348167539267,13.99,1018.8,14159.96,4.525170068027212,128139.0,6,40,0,77.2
2026-08-17,christmas island,196,44.27,15.105,1281.9,37119.28,4.6706521739130435,182619.0,20,32,0,77.4
2026-08-17,christmas lights,265,36.874,19.0,2012.3,59536.07,4.558992805755396,128091.0,20,49,4,77.5
2026-08-17,christmas movies,168,16.692091503267974,13.99,1248.9,20955.16,4.764077669902912,234771.0,13,19,3,77.1
2026-08-17,christmas ornament,175,20.452261904761905,14.105,1410.5,23062.47,4.666923076923077,395283.0,9,24,9,76.4
2026-08-17,christmas ornament crafts,268,17.9256015037594,12.99,672.5,10235.39,4.523571428571429,27325.0,1,34,4,77.7
2026-08-17,christmas ornament storage,144,27.56822695035461,17.89,1617.2,54686.2,4.516129032258065,9992.0,6,13,0,75.4
2026-08-17,christmas ornament storage box,276,45.35790441176471,30.015,3139.2,130056.61,4.5986111111111105,357674.0,23,48,1,77.7
2026-08-17,christmas ornaments,74,17.53876712328767,12.59,196.4,3308.19,4.597777777777778,7561.0,0,5,2,78.0
2026-08-17,christmas ornaments 2026,143,17.587272727272726,11.05,1101.9,14973.4,4.652,151548.0,9,15,3,79.4
2026-08-17,christmas ornaments clearance,170,10.4398224852071,7.7,544.5,6078.82,4.274,29212.0,4,19,4,76.3
2026-08-17,christmas ornaments near me,175,15.327109826589597,13.09,1525.8,21696.71,4.635294117647059,214184.0,16,17,0,77.4
2026-08-17,christmas ornaments nyc,178,18.60887640449438,15.285,1112.7,21391.77,4.672950819672131,189877.0,9,23,0,77.8
2026-08-17,christmas ornaments personalized,127,11.002357723577235,9.99,674.8,8363.26,4.479646017699115,103426.0,4,12,8,76.9
2026-08-17,christmas ornaments sale,123,21.51487804878049,9.99,566.8,8805.8,4.384705882352941,96120.0,5,19,0,78.5
2026-08-17,christmas ornaments set,192,41.979375,29.865000000000002,981.9,46159.69,4.631578947368421,71265.0,7,29,18,78.1
2026-08-17,christmas ornaments to make,122,18.439814814814813,13.99,653.2,9018.12,4.530487804878049,150800.0,3,19,1,76.1
2026-08-17,christmas pajamas,278,20.785,17.93,2244.1,46257.86,4.591855203619909,435721.0,27,37,7,76.7
2026-08-17,christmas story,184,27.990609756097562,16.99,1578.4,44728.42,4.788785046728972,277353.0,12,40,4,77.3
2026-08-17,christmas tree,248,227.86608163265308,107.99,755.1,175048.91,4.39136690647482,67846.0,1,31,6,78.0
2026-08-17,christmas vacation,130,36.19722222222222,12.969999999999999,510.5,8879.8,4.657692307692307,49399.0,4,16,1,78.3
2026-08-17,christmas vacation cast,187,40.4146408839779,18.74,2313.3,58019.55,4.822818791946309,400873.0,20,39,0,78.3
2026-08-17,christmas wrapping paper,291,16.491202749140893,14.99,5495.1,62540.13,4.707169811320755,713819.0,36,49,4,75.7
2026-08-17,clear christmas ornaments balls,263,23.913969465648854,18.560000000000002,2390.4,57062.43,4.61390134529148,337518.0,29,31,1,77.8
2026-08-17,diamond art christmas ornaments,265,18.137622641509434,14.99,908.6,21852.670000000002,4.5,192427.0,6,44,40,77.2
2026-08-17,grinch christmas decorations,251,53.193850000000005,22.145,1535.1,73997.8,4.622885572139304,304742.0,16,40,2,76.8
2026-08-17,nightmare before christmas,94,56.043297872340425,20.73,274.1,18969.66,4.783333333333333,21748.0,4,16,0,77.2
2026-08-17,nightmare before christmas gifts,290,31.29871527777778,19.244999999999997,1296.6,35084.58,4.691124260355029,132044.0,6,36,5,78.8
2026-08-17,personalized christmas ornaments,35,12.019705882352941,9.99,120.9,1667.46,4.624242424242424,4576.0,0,3,2,76.1
2026-08-17,toddler christmas gifts,173,27.479432624113475,18.81,6153.599999999999,80413.26,4.651376146788991,185760.0,33,21,0,77.4
2026-08-17,vintage christmas ornaments,181,37.090614525139664,23.63,453.8,12660.81,4.5125,15570.0,0,24,6,77.6
2026-08-18,baby christmas gifts,289,19.363840830449824,15.95,15885.6,280282.37,4.703508771929825,1015328.0,89,44,0,79.2
2026-08-18,bulk christmas gifts,284,13.527394366197184,8.98,12137.1,157842.65,4.586428571428572,26156.0,48,34,0,81.3
2026-08-18,christmas,78,62.116666666666674,20.485,583.8,23768.48,4.715,197401.0,5,18,1,82.0
2026-08-18,christmas 2026,286,15.163601398601399,9.99,1730.7,25283.37,4.584967320261438,227198.0,16,26,33,80.0
2026-08-18,christmas cactus,283,24.43441696113074,19.99,2504.7,53638.83,4.259310344827586,641866.0,20,51,4,79.1
2026-08-18,christmas decor,261,47.32969348659004,19.97,3191.3,107585.87,4.5806818181818185,365160.0,21,44,6,80.8
2026-08-18,christmas decorations,117,67.97641025641026,24.99,4341.0,112772.86,4.56231884057971,233842.0,10,20,1,84.1
2026-08-18,christmas decorations 2026,239,18.205840336134454,11.99,1392.1,16244.710000000001,4.540449438202248,135949.0,14,37,2,77.5
2026-08-18,christmas decorations amazon,240,22.52154811715481,16.82,2023.1,33038.04,4.504736842105263,152345.0,12,25,0,80.0
2026-08-18,christmas decorations clearance,176,19.66403409090909,10.57,2591.5,55061.240000000005,4.462585034013605,269541.0,22,29,0,79.9
2026-08-18,christmas decorations disneyland,294,37.37720279720279,17.99,1095.8,42439.1,4.525301204819278,72395.0,10,39,0,78.2
2026-08-18,christmas decorations ideas,136,29.922089552238806,14.690000000000001,2404.9,46026.66,4.493,63968.0,11,17,2,80.1
2026-08-18,christmas decorations indoor,136,35.09389705882353,18.645,1367.5,32395.96,4.5375,163096.0,9,19,8,78.6
2026-08-18,christmas decorations near me,169,39.70918699186991,18.0,1016.3,28221.93,4.5032,133283.0,8,18,3,80.5
2026-08-18,christmas decorations nyc,296,19.437610921501708,15.0,1169.6,27769.89,4.628333333333334,131685.0,12,43,1,79.0
2026-08-18,christmas decorations on sale,89,21.05962962962963,14.99,853.0,8614.96,4.507843137254902,70124.0,3,17,0,83.0
2026-08-18,christmas decorations outdoor,207,90.4908695652174,44.99,2423.4,214374.95,4.538461538461538,282129.0,19,32,7,80.5
2026-08-18,christmas gift card book,248,16.768906882591093,12.99,1325.1,21784.24,4.463846153846154,101400.0,9,42,17,77.3
2026-08-18,christmas gifts,96,29.46951612903226,20.79,1481.0,27226.49,4.631034482758621,9274.0,2,9,3,82.1
2026-08-18,christmas gifts 2026,151,20.446875,12.99,1076.1,5126.04,4.5398148148148145,20231.0,2,16,0,80.7
2026-08-18,christmas gifts for coworkers,222,14.96427927927928,11.99,2183.4,34932.15,4.6129310344827585,17515.0,18,35,3,79.0
2026-08-18,christmas gifts for girls,280,30.90725,19.994999999999997,12466.4,286865.74,4.6276190476190475,390047.0,66,42,0,79.3
2026-08-18,christmas gifts for kids,195,37.28855670103093,19.99,13508.7,234510.52,4.503296703296703,13726.0,35,34,0,80.1
2026-08-18,christmas gifts for men,276,32.9728,22.99,13413.6,281555.59,4.664622641509434,632991.0,71,39,0,79.9
2026-08-18,christmas gifts for mom,243,26.264279835390948,21.95,4485.4,105283.59,4.745360824742268,605422.0,44,36,0,78.0
2026-08-18,christmas gifts for teen girls,229,19.488533333333333,15.0,9754.8,174789.38,4.65,605561.0,43,37,0,79.0
2026-08-18,christmas gifts for teens,134,17.76172932330827,13.99,5311.8,81586.37000000001,4.587912087912088,90375.0,24,21,0,79.1
2026-08-18,christmas gifts for women,176,45.671079545454546,19.99,4940.1,120208.3,4.689166666666667,313178.0,39,23,0,79.5
2026-08-18,christmas gifts ideas,103,27.613883495145632,22.99,2251.7,57048.49,4.553846153846154,3104.0,14,22,0,80.5
2026-08-18,christmas in july,246,16.434816753926704,13.99,1059.9,14876.62,4.520408163265306,128163.0,5,40,0,79.9
2026-08-18,christmas island,196,44.27,15.105,1307.6,36683.06,4.681521739130434,182652.0,21,35,0,78.8
2026-08-18,christmas lights,265,36.874,19.0,2067.7,59376.94,4.567625899280575,128126.0,21,49,4,79.4
2026-08-18,christmas movies,168,16.692091503267974,13.99,1311.0,22012.31,4.76116504854369,234811.0,14,23,3,80.5
2026-08-18,christmas ornament,175,20.452261904761905,14.105,1485.0,24420.6,4.670769230769231,395324.0,9,21,9,79.9
2026-08-18,christmas ornament crafts,268,17.9256015037594,12.99,698.3,10643.88,4.522857142857143,27338.0,0,40,4,80.3
2026-08-18,christmas ornament storage,144,27.56822695035461,17.89,1664.5,56933.56,4.512903225806451,9997.0,6,19,0,77.4
2026-08-18,christmas ornament storage box,276,45.35790441176471,30.015,3214.9,133385.88,4.604166666666667,357719.0,23,48,1,79.3
2026-08-18,christmas ornaments,74,17.53876712328767,12.59,206.20000000000002,3421.07,4.6,7569.0,0,6,2,81.4
2026-08-18,christmas ornaments 2026,143,17.587272727272726,11.05,1130.5,15478.07,4.654,151581.0,9,17,3,81.2
2026-08-18,christmas ornaments clearance,170,10.4398224852071,7.7,569.9,6431.69,4.281000000000001,29231.0,4,20,4,79.4
2026-08-18,christmas ornaments near me,175,15.327109826589597,13.09,1595.4,22610.86,4.633333333333333,214236.0,16,19,0,80.5
2026-08-18,christmas ornaments nyc,178,18.60887640449438,15.285,1152.4,22137.579999999998,4.669672131147541,189913.0,9,23,0,80.3
2026-08-18,christmas ornaments personalized,127,11.002357723577235,9.99,693.3,8573.64,4.485840707964601,103440.0,4,9,8,78.8
2026-08-18,christmas ornaments sale,123,21.51487804878049,9.99,585.8,9169.26,4.385882352941176,96131.0,5,15,0,80.8
2026-08-18,christmas ornaments set,192,41.979375,29.865000000000002,1013.9,48408.13,4.629323308270677,71287.0,8,42,18,80.3
2026-08-18,christmas ornaments to make,122,18.439814814814813,13.99,670.5,9242.03,4.536585365853658,150813.0,4,23,1,77.9
2026-08-18,christmas pajamas,278,20.785,17.93,2329.2,47745.68,4.585067873303167,435772.0,27,41,7,79.3
2026-08-18,christmas story,184,27.990609756097562,16.99,1620.2,45990.2,4.786915887850467,277395.0,12,31,4,79.1
2026-08-18,christmas tree,248,227.86608163265308,107.99,771.7,179712.8,4.39568345323741,67861.0,1,41,6,79.4
2026-08-18,christmas vacation,130,36.19722222222222,12.969999999999999,522.3,9167.25,4.665384615384616,49410.0,4,20,1,79.9
2026-08-18,christmas vacation cast,187,40.4146408839779,18.74,2418.6,59920.58,4.819463087248322,400941.0,21,34,0,81.4
2026-08-18,christmas wrapping paper,291,16.491202749140893,14.99,5817.3,65780.18,4.706415094339623,713888.0,36,48,4,79.5
2026-08-18,clear christmas ornaments balls,263,23.913969465648854,18.560000000000002,2465.9,58872.15,4.611210762331838,337598.0,29,36,1,80.0
2026-08-18,diamond art christmas ornaments,265,18.137622641509434,14.99,956.1999999999999,23707.18,4.501428571428572,192456.0,6,47,40,80.7
2026-08-18,grinch christmas decorations,251,53.193850000000005,22.145,1569.1,73036.28,4.6258706467661685,304771.0,16,43,2,78.3
2026-08-18,nightmare before christmas,94,56.043297872340425,20.73,282.1,19680.48,4.775,21749.0,5,16,0,79.1
2026-08-18,nightmare before christmas gifts,290,31.29871527777778,19.244999999999997,1375.8,36717.06,4.689940828402367,132074.0,6,48,5,83.0
2026-08-18,personalized christmas ornaments,35,12.019705882352941,9.99,125.4,1697.8600000000001,4.627272727272727,4580.0,0,5,2,78.5
2026-08-18,toddler christmas gifts,173,27.479432624113475,18.81,6434.7,83904.51,4.651376146788991,185799.0,34,16,0,80.5
2026-08-18,vintage christmas ornaments,181,37.090614525139664,23.63,473.8,13199.32,4.509615384615385,15583.0,0,21,6,80.6
2026-08-19,baby christmas gifts,289,19.363840830449824,15.95,16532.0,291437.73,4.697807017543859,1015443.0,88,43,0,82.0
2026-08-19,bulk christmas gifts,284,13.527394366197184,8.98,12454.0,163116.33,4.593571428571429,26179.0,47,45,0,83.2
2026-08-19,christmas,78,62.116666666666674,20.485,593.9,25144.11,4.7125,197412.0,5,12,1,83.3
2026-08-19,christmas 2026,286,15.163601398601399,9.99,1829.7,27219.42,4.57012987012987,227244.0,16,27,33,84.0
2026-08-19,christmas cactus,283,24.43441696113074,19.99,2598.8,55309.27,4.258620689655173,641921.0,20,45,4,81.7
2026-08-19,christmas decor,261,47.32969348659004,19.97,3303.7,114444.87,4.580113636363636,365208.0,22,46,6,83.3
2026-08-19,christmas decorations,117,67.97641025641026,24.99,4236.5,113883.55,4.56231884057971,233865.0,9,21,1,82.3
2026-08-19,christmas decorations 2026,239,18.205840336134454,11.99,1483.9,17118.73,4.53932584269663,135985.0,14,38,2,82.0
2026-08-19,christmas decorations amazon,240,22.52154811715481,16.82,2108.4,34591.72,4.5073684210526315,152380.0,12,24,0,83.0
2026-08-19,christmas decorations clearance,176,19.66403409090909,10.57,2691.6,57262.27,4.467346938775511,269581.0,24,29,0,82.6
2026-08-19,christmas decorations disneyland,294,37.37720279720279,17.99,1171.5,45120.71,4.5277108433734945,72430.0,10,44,0,82.9
2026-08-19,christmas decorations ideas,136,29.922089552238806,14.690000000000001,2445.5,49330.01,4.493,63997.0,11,19,2,81.3
2026-08-19,christmas decorations indoor,136,35.09389705882353,18.645,1470.6,34194.43,4.543835616438356,163113.0,9,20,8,83.8
2026-08-19,christmas decorations near me,169,39.70918699186991,18.0,1041.7,28817.850000000002,4.498399999999999,133311.0,8,19,3,82.2
2026-08-19,christmas decorations nyc,296,19.437610921501708,15.0,1221.9,28008.36,4.630219780219781,131708.0,12,48,1,82.1
2026-08-19,christmas decorations on sale,89,21.05962962962963,14.99,894.7,9091.6,4.5019607843137255,70141.0,3,15,0,86.6
2026-08-19,christmas decorations outdoor,207,90.4908695652174,44.99,2542.3,224611.3,4.541025641025641,282186.0,20,34,7,83.9
2026-08-19,christmas gift card book,248,16.768906882591093,12.99,1394.3,22584.0,4.467175572519085,101428.0,9,38,17,80.8
2026-08-19,christmas gifts,96,29.469516129032257,20.79,1492.9,27404.72,4.63448275862069,9275.0,2,9,3,82.7
2026-08-19,christmas gifts 2026,151,20.446875,12.99,1126.5,5172.53,4.537962962962963,20250.0,2,20,0,84.0
2026-08-19,christmas gifts for coworkers,222,14.96427927927928,11.99,2241.5,35847.54,4.613793103448276,17538.0,18,32,3,80.8
2026-08-19,christmas gifts for girls,280,30.90725,19.994999999999997,12934.199999999999,294917.44,4.6242857142857146,390112.0,68,39,0,81.9
2026-08-19,christmas gifts for kids,195,37.28855670103093,19.99,13703.4,243892.25,4.508791208791209,13754.0,35,32,0,81.1
2026-08-19,christmas gifts for men,276,32.9728,22.99,14026.9,291694.48,4.6702830188679245,633056.0,71,35,0,83.1
2026-08-19,christmas gifts for mom,243,26.264279835390948,21.95,4782.7,112289.45,4.741237113402062,605493.0,43,39,0,82.6
2026-08-19,christmas gifts for teen girls,229,19.488533333333333,15.0,10314.1,182699.33,4.648333333333333,605628.0,44,37,0,82.9
2026-08-19,christmas gifts for teens,134,17.76172932330827,13.99,5637.8,86858.51,4.59010989010989,90403.0,23,19,0,83.4
2026-08-19,christmas gifts for women,176,45.671079545454546,19.99,5174.6,125417.86,4.695833333333334,313247.0,39,28,0,82.8
2026-08-19,christmas gifts ideas,103,27.613883495145632,22.99,2358.7,59770.01,4.556410256410256,3109.0,14,19,0,83.8
2026-08-19,christmas in july,246,16.434816753926704,13.99,1111.6,15589.91,4.523809523809524,128185.0,6,44,0,83.3
2026-08-19,christmas island,196,44.269999999999996,15.105,1375.3,39567.36,4.676086956521739,182692.0,20,31,0,82.3
2026-08-19,christmas lights,265,36.874,19.0,2189.0,65056.22,4.561151079136691,128154.0,22,43,4,83.4
2026-08-19,christmas movies,168,16.692091503267974,13.99,1327.3,22380.66,4.764077669902912,234847.0,13,18,3,81.4
2026-08-19,christmas ornament,175,20.452261904761905,14.105,1534.3,24909.78,4.668461538461538,395369.0,9,13,9,82.2
2026-08-19,christmas ornament crafts,268,17.9256015037594,12.99,725.5,11005.27,4.522857142857143,27354.0,2,37,4,83.0
2026-08-19,christmas ornament storage,144,27.56822695035461,17.89,1775.3,60853.270000000004,4.520967741935484,10006.0,7,23,0,81.8
2026-08-19,christmas ornament storage box,276,45.35790441176471,30.015,3326.6,137410.3,4.60324074074074,357766.0,25,35,1,81.8
2026-08-19,christmas ornaments,74,17.53876712328767,12.59,208.9,3549.04,4.604444444444444,7571.0,0,5,2,82.3
2026-08-19,christmas ornaments 2026,143,17.587272727272726,11.05,1173.2,16000.18,4.648,151610.0,9,11,3,83.9
2026-08-19,christmas ornaments clearance,170,10.4398224852071,7.7,601.9,6845.6,4.277,29241.0,4,15,4,83.3
2026-08-19,christmas ornaments near me,175,15.327109826589597,13.09,1631.7,22964.37,4.628758169934641,214271.0,16,23,0,82.1
2026-08-19,christmas ornaments nyc,178,18.60887640449438,15.285,1210.9,23333.55,4.672357723577236,189945.0,9,23,0,83.8
2026-08-19,christmas ornaments personalized,127,11.002357723577235,9.99,732.5,8935.5,4.492982456140351,103456.0,4,12,8,82.7
2026-08-19,christmas ornaments sale,123,21.51487804878049,9.99,620.3,9738.96,4.3895348837209305,96152.0,6,16,0,84.9
2026-08-19,christmas ornaments set,192,41.979375,29.865000000000002,1053.4,50134.37,4.633333333333334,71317.0,8,35,18,83.0
2026-08-19,christmas ornaments to make,122,18.439814814814813,13.99,712.6,9784.800000000001,4.54390243902439,150833.0,4,24,1,82.1
2026-08-19,christmas pajamas,278,20.785,17.93,2416.9,49927.27,4.590045248868778,435847.0,27,37,7,81.9
2026-08-19,christmas story,184,27.990609756097562,16.99,1677.7,46532.08,4.789719626168225,277439.0,12,41,4,81.5
2026-08-19,christmas tree,248,227.86608163265308,107.99,804.7,190332.78,4.397841726618704,67888.0,1,34,6,82.4
2026-08-19,christmas vacation,130,36.19722222222222,12.969999999999999,539.8,9438.06,4.653846153846154,49428.0,4,19,1,82.3
2026-08-19,christmas vacation cast,187,40.4146408839779,18.74,2543.2,62690.27,4.82013422818792,400996.0,22,34,0,85.0
2026-08-19,christmas wrapping paper,291,16.491202749140893,14.99,5853.9,67570.65,4.710943396226416,713963.0,36,52,4,80.0
2026-08-19,clear christmas ornaments balls,263,23.913969465648854,18.560000000000002,2520.3,60666.57,4.613452914798206,337659.0,31,37,1,81.5
2026-08-19,diamond art christmas ornaments,265,18.137622641509434,14.99,1001.4,24481.6,4.503571428571429,192479.0,6,42,40,84.0
2026-08-19,grinch christmas decorations,251,53.193850000000005,22.145,1654.9,77432.81,4.623880597014925,304812.0,17,39,2,82.0
2026-08-19,nightmare before christmas,94,56.043297872340425,20.73,298.5,20589.289999999997,4.779166666666667,21757.0,5,12,0,83.1
2026-08-19,nightmare before christmas gifts,290,31.29871527777778,19.244999999999997,1409.5,38206.0,4.691715976331361,132100.0,7,51,5,84.8
2026-08-19,personalized christmas ornaments,35,12.019705882352941,9.99,132.1,1798.39,4.627272727272727,4587.0,0,1,2,82.2
2026-08-19,toddler christmas gifts,173,27.479432624113475,18.81,6546.6,84791.4,4.64954128440367,185844.0,34,22,0,81.7
2026-08-19,vintage christmas ornaments,181,37.090614525139664,23.63,493.4,13808.37,4.513461538461538,15593.0,0,28,6,83.5
2026-08-20,baby christmas gifts,289,19.363840830449824,15.95,16789.3,296250.22000000003,4.700438596491228,1015573.0,91,45,0,83.1
2026-08-20,bulk christmas gifts,284,13.527394366197182,8.98,12847.6,166213.11,4.588571428571428,26202.0,48,42,0,85.5
2026-08-20,christmas,78,62.116666666666674,20.485,623.9,26034.1,4.7075000000000005,197431.0,5,15,1,87.0
2026-08-20,christmas 2026,286,15.163601398601399,9.99,1886.6,27954.46,4.566883116883116,227291.0,16,28,33,86.3
2026-08-20,christmas cactus,283,24.43441696113074,19.99,2691.0,58260.77,4.260689655172413,641959.0,20,43,4,84.3
2026-08-20,christmas decor,261,47.32969348659004,19.97,3417.0,117292.69,4.562921348314607,365269.0,21,52,6,85.8
2026-08-20,christmas decorations,117,67.97641025641026,24.99,4003.8,112312.03,4.565217391304348,233888.0,10,13,1,78.3
2026-08-20,christmas decorations 2026,239,18.205840336134454,11.99,1516.5,17611.06,4.538202247191011,136020.0,14,33,2,83.6
2026-08-20,christmas decorations amazon,240,22.52154811715481,16.82,2185.8,35864.86,4.5073684210526315,152414.0,13,16,0,85.7
2026-08-20,christmas decorations clearance,176,19.66403409090909,10.57,2821.2,58653.2,4.459863945578231,269629.0,25,30,0,86.1
2026-08-20,christmas decorations disneyland,294,37.37720279720279,17.99,1198.5,45992.13,4.530120481927711,72448.0,10,36,0,84.6
2026-08-20,christmas decorations ideas,136,29.922089552238806,14.690000000000001,2513.1,50360.93,4.4910000000000005,64027.0,11,25,2,83.3
2026-08-20,christmas decorations indoor,136,35.09389705882353,18.645,1464.1,34497.33,4.53972602739726,163129.0,10,16,8,83.4
2026-08-20,christmas decorations near me,169,39.70918699186991,18.0,1077.3,30207.3,4.5072,133332.0,8,14,3,84.7
2026-08-20,christmas decorations nyc,296,19.437610921501708,15.0,1251.4,27952.39,4.633516483516483,131733.0,13,45,1,83.8
2026-08-20,christmas decorations on sale,89,21.05962962962963,14.99,907.1,9049.4,4.511764705882353,70150.0,3,20,0,87.6
2026-08-20,christmas decorations outdoor,207,90.4908695652174,44.99,2591.8,231745.45,4.537179487179488,282237.0,20,30,7,85.4
2026-08-20,christmas gift card book,248,16.768906882591093,12.99,1426.5,23192.63,4.468702290076336,101455.0,9,44,17,82.5
2026-08-20,christmas gifts,96,29.469516129032257,20.79,1631.6000000000001,30486.41,4.643103448275863,9278.0,3,8,3,89.4
2026-08-20,christmas gifts 2026,151,20.446875,12.99,1187.6,5563.94,4.5398148148148145,20260.0,2,18,0,88.0
2026-08-20,christmas gifts for coworkers,222,14.96427927927928,11.99,2314.9,36537.11,4.61551724137931,17576.0,18,37,3,83.2
2026-08-20,christmas gifts for girls,280,30.90725,19.994999999999997,13447.0,306961.21,4.624761904761905,390196.0,68,37,0,84.7
2026-08-20,christmas gifts for kids,195,37.28855670103093,19.99,14130.7,248118.43,4.508791208791209,13778.0,35,39,0,83.3
2026-08-20,christmas gifts for men,276,32.9728,22.99,14208.7,297825.5,4.667924528301887,633124.0,71,42,0,84.1
2026-08-20,christmas gifts for mom,243,26.264279835390948,21.95,4910.6,114332.26,4.750515463917526,605583.0,44,36,0,84.5
2026-08-20,christmas gifts for teen girls,229,19.488533333333333,15.0,10409.7,186714.68,4.653333333333333,605708.0,44,32,0,83.6
2026-08-20,christmas gifts for teens,134,17.76172932330827,13.99,5784.8,89549.3,4.596703296703297,90435.0,24,20,0,85.3
2026-08-20,christmas gifts for women,176,45.671079545454546,19.99,5309.3,128898.49,4.697500000000001,313320.0,40,24,0,84.7
2026-08-20,christmas gifts ideas,103,27.613883495145632,22.99,2368.9,59782.05,4.564102564102564,3116.0,14,18,0,84.1
2026-08-20,christmas in july,246,16.434816753926704,13.99,1117.0,15382.19,4.514093959731544,128207.0,6,42,0,83.7
2026-08-20,christmas island,196,44.27,15.105,1434.6,40702.05,4.673913043478261,182725.0,22,36,0,85.4
2026-08-20,christmas lights,265,36.874,19.0,2259.8,66889.77,4.560431654676258,128186.0,22,43,4,85.8
2026-08-20,christmas movies,168,16.692091503267974,13.99,1389.1,23611.76,4.76116504854369,234880.0,13,26,3,84.7
2026-08-20,christmas ornament,175,20.452261904761905,14.105,1601.6,26199.48,4.673076923076923,395410.0,9,20,9,85.4
2026-08-20,christmas ornament crafts,268,17.9256015037594,12.99,759.2,11507.38,4.522857142857143,27362.0,3,43,4,86.4
2026-08-20,christmas ornament storage,144,27.56822695035461,17.89,1733.4,58869.630000000005,4.509677419354839,10015.0,7,15,0,80.1
2026-08-20,christmas ornament storage box,276,45.35790441176471,30.015,3467.7,144192.35,4.604166666666667,357825.0,24,39,1,84.8
2026-08-20,christmas ornaments,74,17.53876712328767,12.59,219.2,3725.64,4.597777777777778,7576.0,0,4,2,85.9
2026-08-20,christmas ornaments 2026,143,17.587272727272726,11.05,1222.9,16433.8,4.649,151637.0,9,14,3,87.1
2026-08-20,christmas ornaments clearance,170,10.4398224852071,7.7,619.1,7081.88,4.2780000000000005,29254.0,4,16,4,85.4
2026-08-20,christmas ornaments near me,175,15.327109826589597,13.09,1685.7,23893.02,4.632679738562091,214319.0,16,21,0,84.5
2026-08-20,christmas ornaments nyc,178,18.60887640449438,15.285,1241.5,23914.27,4.6776,189975.0,9,21,0,85.7
2026-08-20,christmas ornaments personalized,127,11.002357723577235,9.99,733.5,9097.949999999999,4.493859649122807,103465.0,4,12,8,82.8
2026-08-20,christmas ornaments sale,123,21.51487804878049,9.99,639.5,10026.66,4.391860465116279,96165.0,6,17,0,87.3
2026-08-20,christmas ornaments set,192,41.979375,29.865000000000002,1101.7,52006.07,4.641911764705882,71355.0,9,33,18,86.4
2026-08-20,christmas ornaments to make,122,18.439814814814813,13.99,736.2,10034.59,4.532926829268293,150855.0,4,19,1,84.5
2026-08-20,christmas pajamas,278,20.785,17.93,2516.3,51835.64,4.5886877828054295,435914.0,27,43,7,84.8
2026-08-20,christmas story,184,27.990609756097562,16.99,1735.3,48035.4,4.789719626168225,277493.0,12,34,4,84.0
2026-08-20,christmas tree,248,227.86608163265308,107.99,835.6,196539.3,4.397122302158274,67909.0,1,43,6,85.2
2026-08-20,christmas vacation,130,36.197222222222216,12.969999999999999,559.5,9896.75,4.657692307692307,49446.0,4,20,1,84.9
2026-08-20,christmas vacation cast,187,40.4146408839779,18.74,2578.9,64113.299999999996,4.82013422818792,401049.0,23,34,0,86.1
2026-08-20,christmas wrapping paper,291,16.491202749140893,14.99,6050.7,68948.06999999999,4.70566037735849,714055.0,36,51,4,82.3
2026-08-20,clear christmas ornaments balls,263,23.913969465648854,18.560000000000002,2595.5,62015.38,4.612946428571428,337737.0,31,35,1,83.6
2026-08-20,diamond art christmas ornaments,265,18.137622641509434,14.99,1052.9,26555.3,4.504255319148936,192496.0,6,43,40,87.8
2026-08-20,grinch christmas decorations,251,53.193850000000005,22.145,1703.1,77822.73,4.622388059701493,304856.0,17,38,2,84.1
2026-08-20,nightmare before christmas,94,56.043297872340425,20.73,305.0,21778.35,4.770833333333333,21762.0,5,14,0,84.7
2026-08-20,nightmare before christmas gifts,290,31.29871527777778,19.244999999999997,1464.6,39624.01,4.689940828402367,132132.0,7,44,5,87.7
2026-08-20,personalized christmas ornaments,35,12.019705882352941,9.99,134.3,1819.68,4.624242424242424,4593.0,0,2,2,83.4
2026-08-20,toddler christmas gifts,173,27.479432624113475,18.81,6762.5,87870.48,4.64954128440367,185894.0,34,18,0,84.0
2026-08-20,vintage christmas ornaments,181,37.090614525139664,23.63,516.0,14366.64,4.515384615384615,15604.0,0,28,6,86.9
2026-08-21,baby christmas gifts,289,19.363840830449824,15.95,18076.7,319665.3,4.697807017543859,1015724.0,92,45,0,88.7
2026-08-21,bulk christmas gifts,284,13.527394366197184,8.98,13677.7,179431.29,4.585,26235.0,48,39,0,90.3
2026-08-21,christmas,78,62.116666666666674,20.485,672.6,28509.13,4.7075000000000005,197450.0,5,11,1,93.0
2026-08-21,christmas 2026,286,15.163601398601399,9.99,2008.1000000000001,29837.16,4.569677419354838,227347.0,16,27,33,91.2
2026-08-21,christmas cactus,283,24.43441696113074,19.99,2966.2,65050.63,4.255862068965517,642006.0,23,46,4,91.9
2026-08-21,christmas decor,261,47.32969348659004,19.97,3697.3,126351.75,4.564606741573034,365334.0,23,46,6,92.1
2026-08-21,christmas decorations,117,67.97641025641026,24.99,4683.4,128239.74,4.565217391304348,233905.0,10,14,1,89.9
2026-08-21,christmas decorations 2026,239,18.205840336134454,11.99,1651.2,19237.75,4.537078651685394,136066.0,15,30,2,90.1
2026-08-21,christmas decorations amazon,240,22.52154811715481,16.82,2398.2,39318.72,4.505263157894737,152465.0,16,31,0,93.0
2026-08-21,christmas decorations clearance,176,19.66403409090909,10.57,3101.4,63653.54,4.464625850340136,269673.0,27,31,0,93.6
2026-08-21,christmas decorations disneyland,294,37.37720279720279,17.99,1302.7,49410.19,4.52289156626506,72471.0,11,36,0,91.1
2026-08-21,christmas decorations ideas,136,29.922089552238806,14.690000000000001,2744.5,53521.96,4.487,64048.0,12,21,2,90.0
2026-08-21,christmas decorations indoor,136,35.09389705882353,18.645,1646.0,38454.5,4.53972602739726,163146.0,10,15,8,92.6
2026-08-21,christmas decorations near me,169,39.70918699186992,18.0,1187.7,32959.07,4.4968,133359.0,10,15,3,92.4
2026-08-21,christmas decorations nyc,296,19.437610921501708,15.0,1382.3,31471.3,4.63076923076923,131765.0,13,44,1,91.6
2026-08-21,christmas decorations on sale,89,21.05962962962963,14.99,981.3,10139.65,4.5019607843137255,70167.0,4,19,0,94.0
2026-08-21,christmas decorations outdoor,207,90.4908695652174,44.99,2853.6,252674.72,4.53974358974359,282296.0,21,37,7,93.0
2026-08-21,christmas gift card book,248,16.768906882591093,12.99,1597.9,26116.06,4.464885496183206,101479.0,12,43,17,91.2
2026-08-21,christmas gifts,96,29.46951612903226,20.79,1721.7,31938.65,4.639655172413794,9283.0,2,7,3,93.8
2026-08-21,christmas gifts 2026,151,20.446875,12.99,1276.0,6040.09,4.538888888888889,20274.0,2,18,0,93.8
2026-08-21,christmas gifts for coworkers,222,14.96427927927928,11.99,2556.9,40616.61,4.610344827586206,17607.0,19,32,3,90.8
2026-08-21,christmas gifts for girls,280,30.90725,19.994999999999997,14727.1,338768.77999999997,4.626190476190477,390292.0,70,41,0,91.8
2026-08-21,christmas gifts for kids,195,37.28855670103093,19.99,15452.800000000001,272529.37,4.507692307692308,13797.0,35,30,0,90.2
2026-08-21,christmas gifts for men,276,32.9728,22.99,15407.6,322427.2,4.666037735849057,633199.0,72,42,0,90.3
2026-08-21,christmas gifts for mom,243,26.264279835390948,21.95,5372.6,125342.56,4.741752577319588,605679.0,47,33,0,91.5
2026-08-21,christmas gifts for teen girls,229,19.488533333333333,15.0,11399.6,203410.59,4.648888888888889,605785.0,48,30,0,90.6
2026-08-21,christmas gifts for teens,134,17.76172932330827,13.99,6400.1,98649.14,4.5868131868131865,90462.0,24,21,0,93.3
2026-08-21,christmas gifts for women,176,45.671079545454546,19.99,5815.7,142365.81,4.691666666666666,313387.0,39,28,0,91.8
2026-08-21,christmas gifts ideas,103,27.613883495145632,22.99,2612.3,65993.58,4.558974358974359,3125.0,14,14,0,91.7
2026-08-21,christmas in july,246,16.434816753926704,13.99,1227.0,16954.68,4.512751677852349,128243.0,8,47,0,90.9
2026-08-21,christmas island,196,44.269999999999996,15.105,1551.2,43619.2,4.672826086956522,182770.0,22,31,0,91.6
2026-08-21,christmas lights,265,36.874,19.0,2484.4,73329.89,4.562589928057554,128209.0,24,58,4,93.4
2026-08-21,christmas movies,168,16.692091503267974,13.99,1497.2,25421.54,4.764077669902912,234918.0,16,25,3,90.5
2026-08-21,christmas ornament,175,20.452261904761905,14.105,1708.5,27998.12,4.674615384615385,395461.0,10,21,9,90.4
2026-08-21,christmas ornament crafts,268,17.9256015037594,12.99,827.0,12579.41,4.520714285714286,27374.0,3,37,4,93.3
2026-08-21,christmas ornament storage,144,27.56822695035461,17.89,1976.0,68435.08,4.511290322580645,10025.0,8,18,0,90.0
2026-08-21,christmas ornament storage box,276,45.35790441176471,30.015,3679.5,152354.72,4.600462962962963,357888.0,28,41,1,89.4
2026-08-21,christmas ornaments,74,17.53876712328767,12.59,242.0,4039.54,4.593333333333333,7583.0,0,7,2,93.8
2026-08-21,christmas ornaments 2026,143,17.587272727272726,11.05,1336.1,18178.77,4.656000000000001,151671.0,9,13,3,94.2
2026-08-21,christmas ornaments clearance,170,10.4398224852071,7.7,665.3,7395.7699999999995,4.273,29271.0,4,19,4,91.0
2026-08-21,christmas ornaments near me,175,15.327109826589597,13.09,1804.4,25430.37,4.6359477124183,214367.0,18,22,0,89.7
2026-08-21,christmas ornaments nyc,178,18.60887640449438,15.285,1356.9,25973.85,4.677777777777778,190001.0,11,21,0,92.7
2026-08-21,christmas ornaments personalized,127,11.002357723577235,9.99,817.3,10067.44,4.494736842105263,103486.0,4,8,8,91.1
2026-08-21,christmas ornaments sale,123,21.51487804878049,9.99,696.1,10900.23,4.386046511627907,96186.0,7,21,0,94.1
2026-08-21,christmas ornaments set,192,41.979375,29.865000000000002,1170.3999999999999,55383.87,4.643382352941177,71388.0,9,40,18,91.1
2026-08-21,christmas ornaments to make,122,18.439814814814813,13.99,795.4,10813.56,4.530487804878049,150874.0,5,23,1,90.5
2026-08-21,christmas pajamas,278,20.785,17.93,2715.3,56174.17,4.592760180995475,435985.0,28,45,7,90.7
2026-08-21,christmas story,184,27.990609756097562,16.99,1911.4,52432.83,4.785981308411215,277545.0,12,38,4,91.5
2026-08-21,christmas tree,248,227.86608163265308,107.99,925.5,217518.68,4.392086330935252,67933.0,1,32,6,93.3
2026-08-21,christmas vacation,130,36.19722222222222,12.969999999999999,608.3,10831.99,4.666037735849057,49460.0,5,21,1,91.4
2026-08-21,christmas vacation cast,187,40.4146408839779,18.74,2779.7,69187.28,4.82013422818792,401120.0,24,40,0,92.0
2026-08-21,christmas wrapping paper,291,16.491202749140893,14.99,6884.5,77428.57,4.71203007518797,714147.0,36,53,4,92.3
2026-08-21,clear christmas ornaments balls,263,23.913969465648854,18.560000000000002,2864.2,68623.06,4.609821428571428,337807.0,32,35,1,91.3
2026-08-21,diamond art christmas ornaments,265,18.137622641509434,14.99,1154.3,27940.52,4.505673758865248,192519.0,6,46,40,95.3
2026-08-21,grinch christmas decorations,251,53.193850000000005,22.145,1885.6,86597.87,4.623880597014925,304896.0,17,46,2,92.0
2026-08-21,nightmare before christmas,94,56.043297872340425,20.73,333.1,22528.09,4.779166666666667,21776.0,5,15,0,91.6
2026-08-21,nightmare before christmas gifts,290,31.29871527777778,19.244999999999997,1602.2,43406.76,4.692899408284024,132160.0,8,42,5,95.1
2026-08-21,personalized christmas ornaments,35,12.019705882352941,9.99,148.2,2003.07,4.618181818181818,4596.0,0,0,2,91.0
2026-08-21,toddler christmas gifts,173,27.479432624113475,18.81,7354.4,96799.59,4.648623853211009,185964.0,34,29,0,90.5
2026-08-21,vintage christmas ornaments,181,37.090614525139664,23.63,568.3,16083.13,4.517142857142857,15621.0,0,28,6,94.7
